idade,peso,altura,exercicio,sono,consumo_acucar,fumante,alcool,casado,profissao,imc,risco_saude
56,67,195,baixo,6.1,medio,sim,sim,sim,trabalhador_de_escritorio,17.6,alto
69,76,170,alto,6.9,alto,nao,nao,nao,professor,26.3,alto
46,106,153,alto,6.6,baixo,sim,nao,nao,artista,45.3,alto
32,54,186,medio,8.5,medio,nao,nao,nao,artista,15.6,baixo
60,98,195,alto,8.0,baixo,nao,nao,sim,professor,25.8,alto
25,96,160,medio,3.8,medio,nao,nao,sim,agricultor,37.5,alto
78,64,168,medio,9.9,alto,nao,nao,sim,artista,22.7,alto
38,76,194,baixo,6.6,medio,sim,nao,sim,motorista,20.2,alto
56,58,158,medio,9.6,medio,nao,nao,sim,trabalhador_de_escritorio,23.2,baixo
75,94,147,nenhum,8.1,medio,sim,nao,nao,agricultor,43.5,alto
36,72,178,alto,7.4,baixo,sim,sim,nao,trabalhador_de_escritorio,22.7,alto
40,97,177,alto,6.9,baixo,sim,nao,sim,engenheiro,31.0,alto
28,68,194,medio,10.0,medio,nao,sim,nao,trabalhador_de_escritorio,18.1,baixo
28,66,168,baixo,6.6,medio,nao,nao,sim,agricultor,23.4,baixo
41,74,153,baixo,6.0,medio,nao,nao,nao,professor,31.6,alto
70,107,157,baixo,6.1,medio,sim,nao,nao,estudante,43.4,alto
53,48,146,baixo,7.0,medio,nao,sim,sim,trabalhador_de_escritorio,22.5,alto
57,103,151,medio,7.0,baixo,nao,sim,sim,artista,45.2,alto
41,52,192,alto,8.5,medio,sim,nao,nao,estudante,14.1,baixo
20,56,165,nenhum,8.1,alto,nao,nao,sim,professor,20.6,baixo
39,75,163,nenhum,8.1,alto,nao,nao,sim,engenheiro,28.2,alto
70,78,169,medio,6.7,medio,nao,nao,nao,medico,27.3,alto
19,93,191,baixo,8.0,baixo,nao,nao,nao,estudante,25.5,alto
41,101,166,alto,8.2,medio,nao,sim,nao,medico,36.7,alto
61,70,155,baixo,6.9,medio,nao,sim,nao,agricultor,29.1,alto
47,62,177,baixo,7.4,baixo,nao,nao,sim,trabalhador_de_escritorio,19.8,baixo
55,82,176,baixo,8.2,medio,sim,sim,sim,engenheiro,26.5,alto
19,94,165,nenhum,7.3,alto,nao,nao,nao,engenheiro,34.5,alto
77,52,183,medio,7.5,medio,nao,nao,nao,professor,15.5,baixo
38,85,164,baixo,9.1,medio,nao,nao,nao,motorista,31.6,alto
50,50,152,medio,7.3,medio,nao,nao,sim,artista,21.6,baixo
29,88,186,medio,6.1,baixo,nao,nao,nao,agricultor,25.4,baixo
75,108,181,nenhum,5.0,baixo,sim,nao,sim,engenheiro,33.0,alto
39,73,153,nenhum,7.2,alto,nao,nao,sim,trabalhador_de_escritorio,31.2,alto
78,72,169,medio,6.5,baixo,nao,nao,sim,engenheiro,25.2,alto
61,55,169,medio,8.2,medio,nao,sim,nao,medico,19.3,alto
42,109,177,alto,9.4,medio,nao,nao,nao,agricultor,34.8,baixo
66,63,146,baixo,5.5,alto,sim,nao,sim,professor,29.6,alto
44,53,163,nenhum,5.7,medio,nao,nao,sim,artista,19.9,baixo
76,71,190,nenhum,7.0,baixo,nao,nao,nao,trabalhador_de_escritorio,19.7,alto
59,78,164,medio,5.8,medio,nao,sim,nao,medico,29.0,alto
45,88,186,medio,6.7,medio,nao,nao,sim,engenheiro,25.4,baixo
77,59,185,alto,6.2,medio,nao,sim,nao,agricultor,17.2,alto
33,95,186,medio,5.5,medio,sim,nao,nao,agricultor,27.5,alto
32,57,173,baixo,8.2,baixo,sim,nao,sim,trabalhador_de_escritorio,19.0,alto
79,93,150,medio,7.1,alto,nao,nao,sim,professor,41.3,alto
79,100,161,alto,9.7,medio,nao,sim,nao,medico,38.6,alto
64,95,169,baixo,7.5,medio,nao,sim,sim,motorista,33.3,alto
79,81,182,medio,8.9,medio,nao,nao,sim,professor,24.5,baixo
68,61,148,alto,5.9,baixo,sim,nao,nao,artista,27.8,alto
61,102,174,medio,5.9,medio,nao,nao,nao,artista,33.7,alto
72,73,164,medio,10.0,baixo,nao,nao,nao,trabalhador_de_escritorio,27.1,alto
69,77,147,baixo,6.1,medio,nao,nao,nao,trabalhador_de_escritorio,35.6,alto
74,104,167,medio,5.6,medio,sim,nao,nao,medico,37.3,alto
20,99,195,nenhum,5.2,alto,nao,nao,sim,agricultor,26.0,alto
54,54,162,medio,9.9,baixo,sim,nao,sim,estudante,20.6,alto
68,91,170,nenhum,6.6,medio,nao,nao,sim,agricultor,31.5,alto
24,67,180,alto,7.6,medio,nao,nao,nao,medico,20.7,baixo
38,65,152,alto,7.2,medio,nao,nao,nao,professor,28.1,baixo
26,57,161,medio,5.9,baixo,nao,sim,sim,artista,22.0,baixo
56,77,175,nenhum,6.6,medio,nao,nao,sim,medico,25.1,alto
35,68,181,nenhum,8.3,baixo,nao,sim,nao,motorista,20.8,baixo
21,55,189,medio,5.2,alto,sim,sim,sim,estudante,15.4,alto
42,61,177,medio,8.0,medio,nao,nao,sim,agricultor,19.5,baixo
77,91,171,medio,9.2,alto,sim,nao,nao,estudante,31.1,alto
31,69,189,baixo,7.4,baixo,nao,nao,sim,professor,19.3,baixo
67,65,148,medio,9.0,alto,nao,nao,sim,engenheiro,29.7,alto
75,56,166,medio,4.9,baixo,nao,nao,nao,professor,20.3,alto
26,81,170,medio,4.3,medio,sim,nao,nao,artista,28.0,alto
43,86,176,medio,7.4,medio,nao,nao,sim,estudante,27.8,baixo
70,61,168,medio,6.1,medio,nao,nao,nao,agricultor,21.6,baixo
19,92,190,baixo,8.3,baixo,nao,nao,nao,trabalhador_de_escritorio,25.5,alto
37,72,179,nenhum,6.5,baixo,nao,nao,sim,professor,22.5,baixo
45,85,181,medio,7.2,medio,nao,nao,nao,artista,25.9,baixo
64,91,176,nenhum,7.1,medio,sim,sim,sim,estudante,29.4,alto
77,62,151,medio,7.2,medio,nao,nao,sim,estudante,27.2,alto
24,57,177,medio,6.2,baixo,nao,nao,sim,professor,18.2,baixo
61,57,175,alto,5.0,baixo,nao,nao,nao,estudante,18.6,alto
78,75,199,medio,6.7,alto,nao,nao,sim,trabalhador_de_escritorio,18.9,alto
25,46,156,nenhum,9.2,medio,nao,nao,nao,agricultor,18.9,baixo
64,60,155,baixo,6.1,medio,sim,sim,nao,engenheiro,25.0,alto
52,53,168,alto,6.1,medio,nao,sim,sim,engenheiro,18.8,alto
31,82,152,baixo,7.2,alto,nao,nao,nao,artista,35.5,alto
34,98,176,medio,5.2,alto,nao,nao,sim,medico,31.6,alto
53,100,182,medio,8.5,baixo,nao,nao,sim,engenheiro,30.2,alto
67,89,166,baixo,5.4,alto,nao,nao,sim,engenheiro,32.3,alto
57,78,178,baixo,6.6,medio,nao,nao,sim,professor,24.6,alto
21,53,163,medio,10.0,medio,nao,nao,sim,medico,19.9,baixo
19,52,196,alto,5.3,medio,sim,nao,nao,engenheiro,13.5,alto
79,51,164,baixo,9.2,medio,nao,nao,sim,professor,19.0,alto
23,80,158,alto,7.2,medio,nao,nao,sim,medico,32.0,baixo
71,62,177,medio,7.4,medio,nao,nao,sim,professor,19.8,baixo
59,47,154,alto,5.8,medio,nao,sim,sim,estudante,19.8,alto
21,72,160,nenhum,8.2,medio,nao,nao,sim,trabalhador_de_escritorio,28.1,alto
71,88,148,nenhum,6.5,medio,sim,nao,sim,agricultor,40.2,alto
46,65,171,alto,5.3,baixo,nao,sim,sim,agricultor,22.2,baixo
35,72,172,alto,9.2,baixo,nao,nao,sim,agricultor,24.3,baixo
43,98,187,medio,6.4,medio,sim,nao,sim,engenheiro,28.0,alto
61,98,160,medio,4.2,alto,nao,sim,sim,agricultor,38.3,alto
51,109,196,alto,6.6,medio,nao,nao,sim,agricultor,28.4,alto
27,65,177,nenhum,8.2,medio,nao,nao,nao,estudante,20.7,baixo
79,57,192,medio,8.0,medio,sim,nao,nao,medico,15.5,alto
53,101,163,alto,6.0,baixo,nao,sim,nao,artista,38.0,alto
31,93,165,baixo,5.5,alto,nao,nao,sim,medico,34.2,alto
48,98,166,baixo,5.0,baixo,sim,nao,sim,motorista,35.6,alto
65,54,153,medio,7.0,medio,nao,sim,sim,medico,23.1,alto
32,97,153,baixo,7.2,medio,nao,nao,sim,engenheiro,41.4,alto
25,88,153,nenhum,8.1,alto,nao,nao,sim,artista,37.6,alto
31,91,171,alto,6.8,baixo,nao,nao,sim,motorista,31.1,baixo
40,97,161,medio,6.7,medio,nao,nao,sim,motorista,37.4,baixo
77,90,188,alto,6.6,medio,nao,nao,sim,agricultor,25.5,alto
74,57,189,alto,7.2,medio,nao,nao,sim,engenheiro,16.0,baixo
79,81,152,nenhum,6.8,baixo,nao,sim,sim,artista,35.1,alto
57,68,160,baixo,8.4,medio,nao,nao,sim,artista,26.6,alto
38,46,162,baixo,7.5,medio,nao,sim,sim,engenheiro,17.5,baixo
33,58,177,baixo,7.2,alto,nao,nao,sim,estudante,18.5,baixo
62,54,145,medio,6.9,baixo,sim,nao,sim,engenheiro,25.7,alto
35,79,156,medio,5.6,baixo,nao,sim,sim,engenheiro,32.5,alto
64,69,150,medio,7.0,medio,nao,nao,sim,engenheiro,30.7,alto
70,47,185,baixo,6.0,medio,nao,nao,sim,engenheiro,13.7,alto
41,61,199,baixo,7.5,medio,nao,sim,sim,estudante,15.4,baixo
43,56,149,medio,6.7,medio,nao,nao,nao,motorista,25.2,baixo
42,98,160,medio,9.5,baixo,nao,sim,nao,agricultor,38.3,alto
77,68,162,nenhum,5.1,baixo,sim,sim,nao,medico,25.9,alto
77,73,193,medio,3.0,baixo,sim,nao,sim,motorista,19.6,alto
77,87,162,nenhum,7.4,alto,sim,sim,sim,professor,33.2,alto
62,69,145,baixo,6.0,medio,sim,nao,sim,artista,32.8,alto
58,104,163,medio,7.2,baixo,nao,sim,nao,professor,39.1,alto
46,109,198,nenhum,5.1,baixo,nao,sim,nao,estudante,27.8,alto
32,72,152,medio,9.9,alto,nao,nao,nao,professor,31.2,alto
62,60,147,baixo,6.4,alto,nao,sim,sim,artista,27.8,alto
18,91,169,nenhum,5.9,alto,nao,nao,sim,trabalhador_de_escritorio,31.9,alto
42,102,149,baixo,9.8,medio,nao,nao,sim,medico,45.9,alto
24,71,199,alto,8.3,medio,nao,sim,nao,agricultor,17.9,baixo
26,97,184,medio,9.1,baixo,nao,sim,sim,engenheiro,28.7,alto
41,86,163,alto,6.7,baixo,sim,nao,sim,professor,32.4,alto
18,103,162,medio,7.1,baixo,nao,nao,sim,artista,39.2,baixo
61,91,194,medio,6.1,baixo,nao,sim,nao,medico,24.2,alto
25,78,197,baixo,5.9,medio,nao,nao,sim,agricultor,20.1,baixo
41,81,175,baixo,7.6,alto,nao,nao,nao,professor,26.4,alto
28,50,177,baixo,6.4,baixo,nao,nao,sim,medico,16.0,baixo
68,51,191,baixo,10.0,alto,sim,nao,sim,artista,14.0,alto
34,69,162,medio,8.3,medio,nao,nao,sim,motorista,26.3,baixo
25,77,183,baixo,9.8,medio,nao,sim,nao,estudante,23.0,baixo
52,99,160,baixo,3.7,medio,nao,sim,nao,agricultor,38.7,alto
52,102,160,baixo,9.8,medio,nao,nao,sim,artista,39.8,alto
50,51,191,medio,3.4,baixo,sim,nao,sim,motorista,14.0,alto
76,101,182,medio,5.1,medio,nao,sim,sim,estudante,30.5,alto
22,56,185,alto,4.4,medio,nao,sim,sim,medico,16.4,baixo
59,60,151,baixo,7.4,alto,nao,nao,sim,engenheiro,26.3,alto
56,87,158,baixo,7.0,medio,sim,nao,nao,medico,34.9,alto
75,51,187,baixo,8.2,medio,nao,sim,sim,medico,14.6,alto
58,95,197,alto,6.9,medio,sim,nao,sim,estudante,24.5,alto
45,76,192,nenhum,8.8,alto,nao,nao,nao,trabalhador_de_escritorio,20.6,baixo
24,52,169,medio,5.6,medio,nao,nao,nao,engenheiro,18.2,baixo
26,89,176,medio,8.9,alto,nao,sim,sim,motorista,28.7,alto
25,103,182,baixo,7.0,medio,nao,nao,sim,medico,31.1,alto
29,48,166,baixo,10.0,medio,sim,sim,nao,estudante,17.4,alto
51,73,160,baixo,8.3,baixo,nao,nao,sim,engenheiro,28.5,alto
50,73,196,alto,6.5,medio,sim,nao,sim,medico,19.0,baixo
65,72,173,medio,6.9,medio,nao,sim,nao,artista,24.1,alto
72,88,160,medio,5.5,baixo,sim,nao,nao,engenheiro,34.4,alto
40,48,156,medio,7.5,medio,nao,nao,nao,agricultor,19.7,baixo
79,53,161,medio,6.5,alto,nao,nao,sim,artista,20.4,alto
41,49,181,medio,8.1,medio,nao,nao,sim,estudante,15.0,baixo
54,100,171,nenhum,5.0,baixo,nao,sim,sim,professor,34.2,alto
52,94,169,baixo,6.5,medio,nao,sim,sim,trabalhador_de_escritorio,32.9,alto
61,59,157,baixo,5.3,baixo,nao,sim,sim,professor,23.9,alto
57,76,152,medio,5.4,medio,nao,nao,sim,medico,32.9,alto
39,72,149,nenhum,7.9,medio,nao,nao,sim,medico,32.4,alto
44,66,156,medio,8.7,medio,nao,sim,nao,agricultor,27.1,alto
52,61,185,baixo,3.5,medio,nao,nao,nao,medico,17.8,alto
18,103,147,alto,9.8,baixo,nao,nao,sim,motorista,47.7,baixo
52,101,179,baixo,9.1,alto,nao,nao,sim,engenheiro,31.5,alto
54,70,177,baixo,5.0,alto,sim,nao,sim,estudante,22.3,alto
64,69,166,alto,8.2,baixo,nao,nao,sim,motorista,25.0,alto
31,54,194,medio,6.3,alto,nao,sim,sim,professor,14.3,baixo
20,89,188,alto,6.9,medio,nao,nao,nao,artista,25.2,baixo
18,55,153,nenhum,7.9,medio,nao,nao,sim,medico,23.5,baixo
22,97,185,baixo,7.7,baixo,nao,nao,sim,agricultor,28.3,alto
43,72,162,medio,6.1,medio,nao,nao,sim,estudante,27.4,baixo
72,109,194,alto,6.1,alto,nao,nao,sim,trabalhador_de_escritorio,29.0,alto
31,93,173,baixo,6.2,baixo,nao,nao,sim,motorista,31.1,alto
56,91,183,alto,8.7,baixo,nao,nao,nao,professor,27.2,alto
44,96,171,medio,4.2,baixo,nao,nao,nao,agricultor,32.8,alto
26,98,180,alto,6.8,medio,sim,sim,nao,agricultor,30.2,alto
32,104,189,baixo,9.4,alto,sim,nao,sim,estudante,29.1,alto
32,101,161,baixo,8.1,medio,nao,nao,nao,professor,39.0,alto
43,91,178,alto,8.6,baixo,nao,sim,sim,agricultor,28.7,alto
59,75,190,alto,6.8,medio,nao,nao,nao,estudante,20.8,baixo
77,90,147,medio,5.3,medio,nao,nao,sim,artista,41.6,alto
30,70,149,nenhum,7.1,baixo,nao,sim,nao,artista,31.5,alto
68,49,158,nenhum,6.0,medio,nao,sim,sim,estudante,19.6,alto
49,96,147,medio,10.0,baixo,nao,nao,nao,trabalhador_de_escritorio,44.4,baixo
56,98,167,nenhum,6.8,alto,nao,nao,sim,estudante,35.1,alto
66,77,183,baixo,8.0,medio,nao,nao,sim,estudante,23.0,alto
69,94,174,baixo,9.6,alto,nao,nao,sim,trabalhador_de_escritorio,31.0,alto
78,82,194,medio,5.4,alto,sim,nao,sim,medico,21.8,alto
49,71,189,nenhum,3.6,alto,nao,nao,sim,engenheiro,19.9,alto
21,59,167,medio,7.7,baixo,nao,sim,sim,medico,21.2,baixo
47,105,171,medio,8.0,alto,nao,nao,sim,engenheiro,35.9,alto
54,65,198,medio,6.4,medio,nao,nao,sim,professor,16.6,baixo
40,90,154,medio,5.3,medio,sim,nao,sim,agricultor,37.9,alto
56,50,169,baixo,7.5,baixo,nao,sim,sim,medico,17.5,alto
62,82,157,medio,7.0,baixo,nao,nao,sim,agricultor,33.3,alto
32,106,160,alto,7.5,alto,nao,nao,sim,medico,41.4,alto
60,106,185,medio,5.3,baixo,nao,nao,sim,medico,31.0,alto
46,90,178,alto,7.5,baixo,nao,sim,nao,trabalhador_de_escritorio,28.4,alto
53,57,199,medio,8.2,medio,nao,nao,nao,estudante,14.4,baixo
30,47,181,medio,4.7,alto,nao,nao,nao,engenheiro,14.3,baixo
49,50,166,baixo,9.2,medio,nao,nao,sim,professor,18.1,baixo
24,52,161,medio,7.4,alto,nao,nao,nao,artista,20.1,baixo
76,88,167,medio,8.3,medio,sim,nao,sim,agricultor,31.6,alto
68,77,198,baixo,5.1,baixo,nao,nao,sim,medico,19.6,alto
39,94,180,medio,8.0,medio,nao,nao,nao,estudante,29.0,baixo
45,55,193,baixo,4.5,medio,nao,nao,nao,agricultor,14.8,baixo
19,72,153,medio,5.6,medio,nao,sim,nao,trabalhador_de_escritorio,30.8,alto
59,85,196,medio,7.4,medio,nao,nao,sim,artista,22.1,baixo
62,60,146,medio,6.6,baixo,nao,sim,sim,professor,28.1,alto
79,92,176,alto,7.0,baixo,nao,nao,sim,engenheiro,29.7,alto
74,100,194,baixo,9.9,medio,sim,sim,sim,engenheiro,26.6,alto
70,108,197,baixo,7.0,medio,nao,nao,nao,medico,27.8,alto
23,103,166,baixo,8.1,baixo,nao,nao,sim,artista,37.4,alto
45,106,187,alto,6.9,baixo,nao,nao,sim,professor,30.3,baixo
45,55,157,medio,6.9,medio,nao,nao,sim,engenheiro,22.3,baixo
61,62,152,medio,5.5,alto,sim,sim,sim,professor,26.8,alto
61,63,145,baixo,7.6,medio,nao,nao,nao,agricultor,30.0,alto
37,99,161,medio,10.0,baixo,nao,sim,sim,trabalhador_de_escritorio,38.2,alto
47,70,156,baixo,7.1,medio,nao,nao,sim,professor,28.8,alto
79,50,148,medio,6.6,medio,nao,nao,sim,professor,22.8,baixo
28,48,197,alto,8.7,medio,nao,nao,nao,artista,12.4,baixo
75,73,157,medio,8.5,baixo,nao,nao,nao,estudante,29.6,alto
72,103,175,medio,7.7,medio,nao,nao,sim,estudante,33.6,alto
45,61,185,medio,6.5,medio,nao,sim,sim,engenheiro,17.8,baixo
42,87,151,medio,8.7,baixo,sim,nao,sim,motorista,38.2,alto
56,78,167,medio,7.2,baixo,sim,nao,nao,medico,28.0,alto
79,52,168,medio,8.4,medio,nao,nao,sim,artista,18.4,baixo
50,57,149,baixo,5.8,medio,sim,sim,nao,medico,25.7,alto
18,52,149,nenhum,6.1,alto,nao,nao,sim,motorista,23.4,baixo
74,109,161,medio,7.1,medio,nao,sim,nao,motorista,42.1,alto
44,87,174,medio,5.1,medio,nao,nao,sim,artista,28.7,alto
79,83,153,baixo,6.4,baixo,sim,sim,sim,motorista,35.5,alto
74,103,150,medio,5.1,alto,nao,nao,sim,agricultor,45.8,alto
69,88,169,nenhum,4.7,medio,nao,sim,sim,estudante,30.8,alto
30,53,163,baixo,10.0,medio,nao,nao,sim,engenheiro,19.9,baixo
58,81,160,medio,6.1,baixo,nao,sim,sim,engenheiro,31.6,alto
20,80,165,medio,6.2,baixo,nao,nao,sim,trabalhador_de_escritorio,29.4,baixo
56,72,146,medio,7.1,medio,nao,nao,nao,medico,33.8,alto
23,86,154,medio,5.4,baixo,sim,sim,sim,engenheiro,36.3,alto
25,87,160,alto,6.2,baixo,nao,nao,nao,motorista,34.0,baixo
44,86,181,medio,9.8,baixo,nao,nao,sim,agricultor,26.3,baixo
26,99,159,nenhum,7.5,baixo,nao,nao,nao,artista,39.2,alto
79,92,157,baixo,8.5,medio,nao,sim,sim,trabalhador_de_escritorio,37.3,alto
54,66,157,nenhum,9.4,medio,nao,nao,sim,estudante,26.8,alto
50,71,176,alto,7.3,baixo,nao,nao,sim,medico,22.9,baixo
68,57,189,nenhum,6.7,medio,nao,nao,sim,estudante,16.0,alto
59,89,191,baixo,4.8,alto,nao,nao,sim,medico,24.4,alto
61,54,190,baixo,6.4,alto,nao,nao,nao,estudante,15.0,alto
41,53,152,alto,6.8,medio,nao,nao,sim,medico,22.9,baixo
32,98,187,baixo,5.8,medio,nao,nao,nao,trabalhador_de_escritorio,28.0,alto
76,71,162,alto,9.3,baixo,nao,nao,nao,artista,27.1,alto
71,78,180,nenhum,8.7,medio,nao,nao,sim,artista,24.1,alto
49,45,170,nenhum,8.5,medio,nao,nao,nao,agricultor,15.6,baixo
49,76,154,baixo,6.8,medio,nao,nao,nao,artista,32.0,alto
41,64,175,alto,5.5,medio,nao,nao,sim,agricultor,20.9,baixo
58,79,177,alto,9.0,medio,sim,sim,sim,estudante,25.2,alto
69,61,173,nenhum,7.5,alto,sim,nao,sim,engenheiro,20.4,alto
66,62,149,nenhum,8.2,alto,nao,nao,sim,engenheiro,27.9,alto
79,89,157,medio,7.9,medio,nao,sim,sim,medico,36.1,alto
66,97,145,nenhum,7.5,baixo,nao,nao,nao,motorista,46.1,alto
75,109,167,nenhum,10.0,baixo,nao,nao,sim,professor,39.1,alto
69,45,184,nenhum,6.0,alto,nao,nao,sim,engenheiro,13.3,alto
29,102,147,nenhum,6.5,baixo,nao,nao,nao,agricultor,47.2,alto
79,70,147,baixo,9.5,medio,nao,nao,sim,medico,32.4,alto
56,64,151,nenhum,7.1,medio,nao,nao,nao,agricultor,28.1,alto
19,54,180,baixo,6.8,medio,nao,nao,sim,medico,16.7,baixo
20,103,179,alto,6.6,medio,nao,nao,sim,trabalhador_de_escritorio,32.1,baixo
66,85,159,baixo,8.0,alto,nao,nao,sim,engenheiro,33.6,alto
54,49,184,medio,6.7,baixo,nao,nao,nao,motorista,14.5,baixo
66,109,147,nenhum,6.5,medio,nao,nao,sim,trabalhador_de_escritorio,50.4,alto
73,61,173,medio,8.0,alto,nao,nao,nao,engenheiro,20.4,alto
34,66,174,baixo,7.1,alto,nao,sim,sim,motorista,21.8,alto
76,85,183,medio,5.5,medio,nao,nao,nao,motorista,25.4,alto
66,55,162,nenhum,7.0,medio,sim,sim,sim,motorista,21.0,alto
19,100,155,alto,9.1,alto,nao,sim,nao,agricultor,41.6,alto
19,95,187,baixo,8.1,medio,sim,nao,sim,agricultor,27.2,alto
45,65,193,baixo,9.3,medio,nao,nao,sim,professor,17.5,baixo
71,70,182,alto,5.9,medio,sim,sim,sim,agricultor,21.1,alto
40,63,184,medio,8.6,baixo,nao,nao,sim,estudante,18.6,baixo
54,104,145,baixo,6.0,medio,nao,sim,sim,medico,49.5,alto
49,91,173,alto,5.2,medio,nao,nao,nao,professor,30.4,alto
50,70,154,baixo,5.8,medio,nao,nao,sim,medico,29.5,alto
18,84,172,nenhum,7.2,baixo,nao,sim,sim,professor,28.4,alto
36,49,175,alto,8.5,alto,nao,sim,sim,medico,16.0,baixo
79,65,163,baixo,7.5,medio,nao,nao,sim,professor,24.5,alto
19,48,147,alto,6.8,medio,nao,nao,nao,engenheiro,22.2,baixo
70,67,180,baixo,5.5,alto,nao,nao,sim,motorista,20.7,alto
61,59,187,medio,8.1,baixo,nao,nao,sim,engenheiro,16.9,baixo
43,52,159,medio,8.4,medio,nao,nao,sim,professor,20.6,baixo
49,85,177,alto,7.4,medio,nao,nao,sim,trabalhador_de_escritorio,27.1,baixo
23,63,185,medio,5.4,medio,nao,nao,sim,artista,18.4,baixo
49,90,187,nenhum,8.2,medio,nao,nao,sim,estudante,25.7,alto
72,72,195,medio,8.8,baixo,nao,nao,nao,professor,18.9,baixo
21,59,189,nenhum,9.3,medio,nao,sim,nao,trabalhador_de_escritorio,16.5,baixo
72,81,170,medio,6.3,medio,nao,nao,nao,motorista,28.0,alto
28,45,160,alto,7.7,baixo,nao,nao,nao,medico,17.6,baixo
73,68,180,medio,6.2,alto,nao,nao,sim,professor,21.0,alto
76,71,177,medio,5.6,medio,sim,nao,sim,trabalhador_de_escritorio,22.7,alto
34,84,164,nenhum,9.4,alto,sim,sim,sim,motorista,31.2,alto
55,107,157,medio,7.8,medio,nao,nao,nao,professor,43.4,alto
41,105,177,baixo,8.9,medio,sim,nao,sim,engenheiro,33.5,alto
22,80,149,medio,5.2,alto,nao,nao,nao,engenheiro,36.0,alto
69,68,181,nenhum,7.4,alto,nao,nao,sim,professor,20.8,alto
51,68,158,medio,7.8,baixo,nao,nao,sim,professor,27.2,alto
23,48,171,nenhum,5.8,alto,sim,nao,sim,agricultor,16.4,alto
39,78,167,medio,9.2,medio,sim,nao,sim,motorista,28.0,alto
28,101,158,nenhum,6.6,baixo,nao,nao,nao,artista,40.5,alto
65,93,184,alto,7.7,medio,nao,nao,nao,engenheiro,27.5,alto
33,97,148,baixo,6.2,alto,nao,nao,sim,medico,44.3,alto
50,67,183,medio,5.2,alto,nao,nao,nao,professor,20.0,baixo
26,97,196,baixo,8.4,baixo,nao,sim,sim,agricultor,25.2,alto
77,106,163,medio,7.6,medio,nao,nao,sim,artista,39.9,alto
76,85,191,baixo,7.4,alto,nao,nao,sim,motorista,23.3,alto
23,101,198,medio,6.6,medio,nao,nao,sim,estudante,25.8,baixo
33,104,148,baixo,7.5,medio,nao,nao,nao,professor,47.5,alto
46,98,174,medio,8.9,medio,sim,nao,sim,engenheiro,32.4,alto
20,101,163,nenhum,6.0,baixo,nao,nao,nao,trabalhador_de_escritorio,38.0,alto
37,54,175,baixo,7.8,medio,nao,sim,nao,estudante,17.6,baixo
77,84,175,medio,7.3,baixo,sim,nao,sim,motorista,27.4,alto
76,51,153,nenhum,6.7,medio,nao,sim,sim,trabalhador_de_escritorio,21.8,alto
53,82,197,baixo,4.5,baixo,nao,sim,nao,engenheiro,21.1,alto
36,105,157,alto,7.0,medio,nao,nao,nao,estudante,42.6,baixo
43,47,158,alto,8.0,medio,nao,nao,sim,medico,18.8,baixo
20,95,199,medio,7.5,medio,nao,nao,sim,estudante,24.0,baixo
36,91,190,baixo,4.8,medio,nao,nao,nao,motorista,25.2,alto
37,82,198,baixo,8.9,baixo,nao,nao,sim,agricultor,20.9,baixo
49,80,154,medio,9.5,alto,nao,nao,sim,professor,33.7,alto
24,85,192,nenhum,6.8,medio,sim,nao,nao,estudante,23.1,alto
69,57,175,alto,10.0,medio,nao,sim,sim,professor,18.6,alto
58,102,181,baixo,5.8,baixo,nao,nao,sim,artista,31.1,alto
50,94,167,alto,5.1,baixo,sim,nao,sim,professor,33.7,alto
57,74,171,medio,5.5,alto,nao,sim,sim,agricultor,25.3,alto
56,106,150,medio,7.4,medio,nao,nao,nao,agricultor,47.1,alto
35,69,170,nenhum,4.3,medio,nao,nao,sim,engenheiro,23.9,baixo
57,71,146,alto,6.5,baixo,nao,nao,nao,agricultor,33.3,alto
18,95,189,baixo,10.0,medio,nao,nao,sim,professor,26.6,alto
28,101,157,medio,4.7,alto,nao,nao,sim,estudante,41.0,alto
45,91,195,alto,6.2,baixo,sim,sim,nao,motorista,23.9,alto
74,83,194,baixo,5.4,medio,nao,nao,nao,artista,22.1,alto
42,60,163,medio,6.6,alto,nao,sim,sim,professor,22.6,baixo
67,66,145,medio,6.5,medio,nao,nao,sim,agricultor,31.4,alto
40,98,184,baixo,6.0,baixo,nao,nao,sim,agricultor,28.9,alto
48,65,176,medio,6.8,medio,nao,nao,nao,artista,21.0,baixo
47,60,166,baixo,7.9,baixo,sim,nao,nao,engenheiro,21.8,alto
59,103,192,baixo,9.1,alto,nao,nao,nao,trabalhador_de_escritorio,27.9,alto
52,75,173,medio,6.6,medio,sim,sim,nao,agricultor,25.1,alto
24,86,146,medio,7.0,alto,nao,nao,sim,trabalhador_de_escritorio,40.3,alto
77,76,184,baixo,7.7,baixo,sim,nao,sim,medico,22.4,alto
33,103,182,alto,5.1,medio,nao,sim,sim,artista,31.1,alto
43,78,192,alto,6.8,baixo,sim,nao,sim,trabalhador_de_escritorio,21.2,baixo
65,53,199,medio,6.2,medio,nao,nao,nao,estudante,13.4,baixo
74,55,155,medio,8.4,baixo,nao,nao,sim,agricultor,22.9,baixo
69,54,161,baixo,9.6,medio,nao,nao,sim,professor,20.8,alto
77,61,199,medio,5.8,alto,sim,nao,nao,professor,15.4,alto
66,92,195,medio,8.9,baixo,nao,nao,nao,estudante,24.2,baixo
19,96,187,baixo,4.8,medio,nao,nao,sim,agricultor,27.5,alto
18,69,152,medio,7.3,alto,nao,nao,sim,engenheiro,29.9,alto
65,65,166,baixo,7.4,alto,nao,nao,sim,motorista,23.6,alto
79,109,148,nenhum,4.8,baixo,nao,nao,sim,agricultor,49.8,alto
29,107,155,medio,5.8,alto,sim,nao,sim,agricultor,44.5,alto
22,95,152,medio,5.6,baixo,sim,sim,nao,motorista,41.1,alto
54,80,153,medio,5.0,medio,nao,nao,nao,engenheiro,34.2,alto
49,59,170,medio,3.0,alto,nao,sim,nao,engenheiro,20.4,alto
76,83,146,alto,6.7,medio,nao,nao,sim,medico,38.9,alto
72,45,160,medio,6.9,alto,nao,sim,sim,medico,17.6,alto
26,67,175,medio,6.9,alto,nao,nao,sim,medico,21.9,baixo
58,83,150,nenhum,8.1,baixo,nao,nao,nao,engenheiro,36.9,alto
52,101,197,baixo,4.1,medio,sim,sim,sim,trabalhador_de_escritorio,26.0,alto
36,78,165,baixo,6.4,medio,nao,nao,sim,agricultor,28.7,alto
65,85,170,medio,10.0,medio,nao,nao,sim,artista,29.4,alto
33,57,163,medio,8.3,baixo,nao,nao,nao,estudante,21.5,baixo
20,50,172,baixo,8.3,medio,nao,nao,sim,medico,16.9,baixo
37,96,152,baixo,5.5,alto,nao,nao,sim,estudante,41.6,alto
41,47,158,baixo,6.7,alto,sim,nao,sim,estudante,18.8,alto
71,107,168,baixo,3.6,medio,nao,nao,sim,artista,37.9,alto
73,93,192,alto,7.9,medio,nao,nao,sim,trabalhador_de_escritorio,25.2,alto
50,91,188,medio,9.1,medio,nao,nao,nao,agricultor,25.7,baixo
41,99,181,baixo,4.8,medio,nao,sim,sim,estudante,30.2,alto
69,108,170,medio,5.3,alto,sim,nao,nao,motorista,37.4,alto
28,109,175,medio,7.0,baixo,nao,nao,sim,motorista,35.6,baixo
66,59,195,medio,7.2,medio,nao,nao,sim,motorista,15.5,baixo
25,76,176,nenhum,6.2,alto,sim,sim,nao,artista,24.5,alto
53,62,194,medio,5.8,alto,nao,sim,sim,trabalhador_de_escritorio,16.5,alto
55,87,185,nenhum,5.8,medio,nao,nao,sim,motorista,25.4,alto
57,79,146,alto,6.9,baixo,nao,sim,nao,professor,37.1,alto
37,102,169,medio,7.9,alto,nao,nao,sim,professor,35.7,alto
79,77,196,medio,6.9,medio,nao,sim,nao,motorista,20.0,alto
52,58,188,baixo,6.8,medio,nao,nao,nao,artista,16.4,alto
65,78,146,baixo,4.4,medio,sim,sim,sim,agricultor,36.6,alto
79,105,186,nenhum,8.3,baixo,nao,nao,sim,trabalhador_de_escritorio,30.4,alto
42,48,145,alto,6.9,baixo,nao,nao,sim,trabalhador_de_escritorio,22.8,baixo
52,103,180,baixo,6.3,medio,nao,nao,sim,motorista,31.8,alto
42,73,156,nenhum,7.4,baixo,nao,nao,sim,engenheiro,30.0,alto
46,50,153,alto,5.7,baixo,nao,nao,sim,artista,21.4,baixo
35,93,180,medio,6.4,medio,nao,nao,sim,medico,28.7,baixo
63,84,185,medio,7.2,medio,sim,sim,sim,artista,24.5,alto
35,109,172,nenhum,6.0,baixo,nao,nao,sim,agricultor,36.8,alto
19,71,182,medio,4.5,baixo,nao,nao,sim,trabalhador_de_escritorio,21.4,baixo
71,50,177,baixo,4.3,alto,nao,sim,nao,medico,16.0,alto
52,57,186,medio,7.7,baixo,nao,nao,sim,motorista,16.5,baixo
33,108,190,nenhum,7.0,medio,sim,nao,sim,estudante,29.9,alto
78,106,166,medio,6.9,medio,nao,sim,nao,agricultor,38.5,alto
58,63,169,medio,5.3,alto,nao,nao,nao,trabalhador_de_escritorio,22.1,alto
53,87,162,medio,7.0,medio,nao,nao,nao,motorista,33.2,alto
50,64,150,medio,6.4,baixo,nao,nao,sim,professor,28.4,baixo
21,88,162,nenhum,6.1,baixo,nao,nao,nao,trabalhador_de_escritorio,33.5,alto
50,67,196,nenhum,6.9,medio,nao,sim,sim,professor,17.4,baixo
31,46,160,medio,7.4,medio,nao,nao,sim,motorista,18.0,baixo
38,66,159,medio,9.6,medio,nao,nao,nao,professor,26.1,baixo
65,101,192,alto,7.8,baixo,nao,nao,sim,engenheiro,27.4,alto
37,51,152,medio,8.3,medio,nao,nao,sim,estudante,22.1,baixo
73,100,157,medio,8.7,medio,nao,nao,nao,estudante,40.6,alto
25,60,199,alto,5.9,medio,sim,nao,nao,motorista,15.2,alto
24,95,187,nenhum,6.5,baixo,sim,nao,sim,motorista,27.2,alto
20,56,151,medio,5.6,medio,nao,sim,nao,engenheiro,24.6,baixo
34,97,161,baixo,6.0,baixo,sim,nao,sim,estudante,37.4,alto
50,49,194,nenhum,6.4,medio,nao,nao,sim,medico,13.0,baixo
65,71,176,medio,5.9,medio,sim,sim,nao,agricultor,22.9,alto
29,56,166,medio,7.3,alto,sim,nao,nao,estudante,20.3,alto
76,61,199,medio,7.6,medio,sim,sim,sim,medico,15.4,alto
68,50,195,medio,5.0,medio,nao,nao,nao,artista,13.1,alto
39,49,157,medio,6.5,baixo,nao,sim,sim,engenheiro,19.9,baixo
72,101,191,nenhum,6.5,baixo,sim,sim,nao,medico,27.7,alto
39,72,167,medio,4.8,baixo,nao,nao,nao,estudante,25.8,alto
63,103,198,medio,5.9,baixo,nao,nao,nao,agricultor,26.3,alto
47,77,173,alto,8.3,baixo,nao,nao,nao,agricultor,25.7,baixo
55,106,166,baixo,8.3,alto,sim,nao,sim,trabalhador_de_escritorio,38.5,alto
55,94,145,baixo,4.6,medio,nao,nao,sim,estudante,44.7,alto
62,63,173,medio,7.7,baixo,nao,nao,nao,medico,21.0,baixo
68,91,192,alto,4.8,baixo,nao,sim,sim,engenheiro,24.7,alto
71,83,149,medio,6.4,medio,nao,sim,nao,trabalhador_de_escritorio,37.4,alto
25,77,179,medio,6.9,medio,nao,nao,sim,medico,24.0,baixo
44,57,199,alto,8.1,baixo,nao,nao,nao,motorista,14.4,baixo
44,98,154,alto,6.7,medio,sim,sim,nao,agricultor,41.3,alto
51,51,163,medio,5.5,alto,nao,nao,sim,engenheiro,19.2,alto
38,58,181,medio,5.2,medio,sim,nao,sim,estudante,17.7,alto
47,63,151,baixo,7.3,medio,nao,sim,sim,estudante,27.6,alto
50,98,190,alto,6.0,alto,nao,nao,nao,motorista,27.1,alto
45,64,179,medio,6.4,baixo,nao,nao,sim,medico,20.0,baixo
64,73,189,alto,8.5,baixo,sim,nao,sim,estudante,20.4,alto
50,68,157,nenhum,7.7,medio,sim,nao,sim,estudante,27.6,alto
22,107,154,medio,9.4,medio,nao,nao,sim,estudante,45.1,baixo
77,101,146,medio,5.5,medio,nao,nao,nao,agricultor,47.4,alto
78,52,150,medio,5.9,baixo,nao,nao,nao,agricultor,23.1,alto
65,106,152,baixo,7.3,alto,sim,nao,sim,motorista,45.9,alto
36,73,180,medio,9.7,medio,nao,sim,sim,medico,22.5,baixo
21,61,169,medio,5.8,medio,sim,nao,sim,medico,21.4,alto
52,50,188,medio,7.1,alto,nao,sim,sim,estudante,14.1,alto
66,102,191,baixo,9.0,medio,nao,nao,sim,engenheiro,28.0,alto
34,72,184,medio,7.1,alto,nao,sim,sim,trabalhador_de_escritorio,21.3,baixo
61,106,151,baixo,8.5,medio,sim,nao,nao,agricultor,46.5,alto
45,85,190,baixo,9.9,alto,nao,nao,sim,trabalhador_de_escritorio,23.5,baixo
47,85,167,medio,7.4,baixo,nao,nao,nao,trabalhador_de_escritorio,30.5,baixo
46,93,163,alto,7.7,alto,sim,nao,sim,estudante,35.0,alto
63,93,190,medio,8.1,baixo,nao,nao,sim,agricultor,25.8,alto
70,47,166,medio,5.6,medio,sim,nao,nao,medico,17.1,alto
23,54,157,baixo,4.8,medio,nao,nao,sim,agricultor,21.9,baixo
52,79,165,medio,7.2,baixo,nao,nao,sim,motorista,29.0,alto
77,46,145,nenhum,6.1,baixo,nao,nao,nao,trabalhador_de_escritorio,21.9,alto
58,68,163,alto,8.6,medio,nao,sim,sim,estudante,25.6,alto
54,82,177,alto,7.5,medio,nao,nao,sim,estudante,26.2,alto
41,66,148,medio,8.6,baixo,nao,sim,sim,engenheiro,30.1,alto
46,70,186,medio,5.2,baixo,nao,nao,sim,agricultor,20.2,baixo
66,87,147,medio,8.5,medio,nao,sim,sim,artista,40.3,alto
63,99,171,medio,3.6,medio,sim,nao,nao,engenheiro,33.9,alto
70,83,196,baixo,5.3,medio,nao,nao,sim,medico,21.6,alto
48,73,185,baixo,7.9,alto,nao,nao,nao,estudante,21.3,baixo
52,64,179,medio,6.2,medio,nao,sim,nao,estudante,20.0,alto
77,85,172,alto,6.4,baixo,sim,nao,nao,medico,28.7,alto
50,98,150,baixo,7.2,medio,nao,nao,nao,motorista,43.6,alto
69,64,150,baixo,9.1,medio,nao,sim,nao,engenheiro,28.4,alto
78,63,199,medio,4.1,baixo,nao,nao,sim,artista,15.9,alto
38,74,188,alto,8.9,medio,nao,sim,sim,engenheiro,20.9,baixo
49,97,167,baixo,9.0,medio,nao,nao,sim,agricultor,34.8,alto
40,78,177,baixo,6.2,alto,nao,nao,nao,medico,24.9,baixo
50,66,160,medio,6.0,medio,sim,nao,sim,engenheiro,25.8,alto
20,50,168,medio,6.8,medio,nao,nao,nao,professor,17.7,baixo
35,71,149,nenhum,5.9,medio,nao,nao,sim,agricultor,32.0,alto
42,54,185,nenhum,7.5,medio,nao,sim,nao,estudante,15.8,baixo
59,92,186,medio,7.7,medio,nao,nao,nao,agricultor,26.6,alto
48,103,157,medio,4.7,medio,nao,nao,nao,professor,41.8,alto
71,103,191,alto,5.6,medio,sim,nao,nao,artista,28.2,alto
75,46,156,medio,5.2,alto,nao,nao,nao,estudante,18.9,alto
20,73,149,nenhum,7.3,baixo,nao,sim,sim,medico,32.9,alto
57,109,181,medio,8.3,baixo,nao,nao,nao,engenheiro,33.3,alto
63,70,175,medio,5.4,medio,nao,nao,sim,engenheiro,22.9,alto
41,54,172,nenhum,8.3,medio,nao,nao,nao,medico,18.3,baixo
67,97,172,alto,5.6,baixo,nao,nao,sim,artista,32.8,alto
49,103,174,alto,8.1,baixo,sim,nao,sim,estudante,34.0,alto
64,66,162,baixo,6.6,medio,nao,sim,nao,professor,25.1,alto
39,95,188,baixo,6.3,medio,nao,nao,nao,professor,26.9,alto
40,92,171,nenhum,8.7,alto,nao,nao,sim,estudante,31.5,alto
19,65,179,baixo,9.7,baixo,nao,sim,sim,artista,20.3,baixo
44,66,170,medio,4.1,alto,nao,nao,nao,professor,22.8,baixo
59,74,183,medio,7.9,medio,nao,nao,sim,estudante,22.1,baixo
19,69,193,alto,7.3,baixo,nao,sim,sim,agricultor,18.5,baixo
43,72,195,nenhum,8.0,medio,sim,nao,sim,estudante,18.9,alto
34,109,162,medio,4.8,medio,nao,nao,sim,artista,41.5,alto
57,89,177,alto,5.4,baixo,nao,sim,sim,engenheiro,28.4,alto
50,51,169,medio,6.0,medio,sim,nao,sim,trabalhador_de_escritorio,17.9,alto
26,93,175,nenhum,7.3,medio,nao,nao,sim,agricultor,30.4,alto
60,53,181,baixo,5.9,baixo,nao,nao,nao,estudante,16.2,alto
71,80,146,baixo,6.5,baixo,nao,nao,nao,agricultor,37.5,alto
65,45,177,alto,8.2,baixo,nao,nao,nao,engenheiro,14.4,baixo
56,54,183,alto,10.0,medio,sim,nao,nao,medico,16.1,alto
46,80,187,alto,8.1,baixo,nao,nao,sim,artista,22.9,baixo
59,90,187,alto,8.3,medio,nao,nao,sim,artista,25.7,alto
72,76,176,baixo,6.7,medio,nao,nao,nao,motorista,24.5,alto
43,76,162,alto,5.7,medio,nao,nao,sim,engenheiro,29.0,alto
52,50,161,alto,6.5,medio,sim,sim,sim,medico,19.3,alto
67,92,178,baixo,6.9,medio,nao,sim,sim,engenheiro,29.0,alto
42,82,183,baixo,5.3,alto,nao,nao,sim,agricultor,24.5,alto
41,61,151,medio,8.2,medio,nao,nao,sim,artista,26.8,baixo
30,71,186,baixo,9.3,medio,nao,nao,sim,motorista,20.5,baixo
77,98,198,nenhum,7.2,medio,nao,nao,nao,artista,25.0,alto
75,94,197,alto,8.6,medio,nao,nao,sim,professor,24.2,baixo
24,79,179,alto,8.8,medio,nao,nao,sim,agricultor,24.7,baixo
74,69,174,baixo,5.4,medio,nao,nao,sim,estudante,22.8,alto
53,72,156,medio,4.4,medio,nao,nao,nao,agricultor,29.6,alto
62,59,179,alto,6.3,alto,nao,sim,nao,trabalhador_de_escritorio,18.4,alto
37,48,155,medio,7.1,medio,sim,nao,sim,agricultor,20.0,baixo
18,71,188,baixo,5.2,baixo,nao,nao,sim,agricultor,20.1,baixo
25,70,148,medio,9.1,medio,nao,nao,sim,agricultor,32.0,baixo
63,63,169,alto,9.9,baixo,nao,nao,sim,estudante,22.1,baixo
33,61,192,alto,7.3,baixo,nao,nao,sim,motorista,16.5,baixo
31,87,176,baixo,5.5,medio,nao,nao,sim,trabalhador_de_escritorio,28.1,alto
29,85,164,baixo,7.7,medio,nao,nao,sim,medico,31.6,alto
68,86,194,alto,5.5,alto,sim,sim,sim,motorista,22.9,alto
40,94,175,nenhum,8.7,alto,sim,nao,sim,motorista,30.7,alto
32,84,148,medio,6.7,baixo,nao,nao,sim,artista,38.3,baixo
45,83,198,nenhum,8.1,medio,sim,nao,nao,artista,21.2,alto
51,67,182,baixo,8.4,alto,nao,sim,nao,artista,20.2,alto
19,96,197,medio,7.8,baixo,sim,nao,sim,artista,24.7,baixo
49,91,191,baixo,9.7,medio,sim,sim,sim,artista,24.9,alto
40,107,145,alto,7.3,alto,nao,nao,nao,trabalhador_de_escritorio,50.9,alto
39,87,147,nenhum,6.2,medio,nao,sim,nao,professor,40.3,alto
68,92,181,alto,3.8,medio,nao,nao,nao,medico,28.1,alto
42,78,166,alto,3.6,alto,nao,sim,sim,artista,28.3,alto
75,84,161,baixo,8.0,alto,nao,nao,sim,estudante,32.4,alto
79,105,158,medio,6.7,medio,nao,nao,nao,motorista,42.1,alto
78,94,185,baixo,5.8,medio,nao,nao,sim,motorista,27.5,alto
39,106,179,medio,5.3,medio,nao,nao,nao,trabalhador_de_escritorio,33.1,alto
75,102,157,medio,8.1,medio,nao,nao,nao,professor,41.4,alto
75,77,179,baixo,5.5,baixo,nao,nao,nao,artista,24.0,alto
39,60,187,medio,9.4,medio,nao,sim,nao,estudante,17.2,baixo
66,92,146,medio,10.0,alto,nao,sim,sim,professor,43.2,alto
69,54,191,alto,5.6,alto,nao,nao,sim,engenheiro,14.8,alto
59,82,157,nenhum,8.0,medio,nao,nao,sim,artista,33.3,alto
23,63,195,medio,7.7,medio,nao,sim,nao,engenheiro,16.6,baixo
32,80,198,baixo,5.5,medio,nao,nao,sim,motorista,20.4,baixo
71,103,160,alto,5.5,alto,nao,sim,sim,motorista,40.2,alto
60,107,162,nenhum,6.8,medio,sim,nao,nao,agricultor,40.8,alto
77,90,151,medio,5.3,alto,sim,nao,sim,medico,39.5,alto
54,47,189,baixo,8.6,medio,sim,nao,nao,trabalhador_de_escritorio,13.2,alto
50,109,180,medio,6.6,medio,nao,nao,sim,agricultor,33.6,baixo
25,52,185,alto,5.3,alto,sim,nao,sim,medico,15.2,alto
70,95,174,medio,6.9,medio,sim,nao,sim,motorista,31.4,alto
77,50,186,medio,7.7,baixo,sim,nao,sim,engenheiro,14.5,alto
61,83,185,medio,5.9,baixo,nao,nao,sim,trabalhador_de_escritorio,24.3,alto
61,104,151,alto,4.0,alto,nao,nao,nao,professor,45.6,alto
22,72,159,medio,7.2,medio,sim,nao,sim,professor,28.5,alto
56,98,184,alto,5.2,medio,nao,nao,sim,agricultor,28.9,alto
21,81,163,medio,5.8,medio,nao,nao,sim,agricultor,30.5,alto
23,53,187,medio,7.7,medio,nao,nao,nao,trabalhador_de_escritorio,15.2,baixo
62,100,181,baixo,6.1,medio,nao,nao,nao,professor,30.5,alto
49,103,146,medio,6.8,baixo,nao,nao,sim,artista,48.3,baixo
69,46,186,nenhum,9.2,alto,nao,nao,sim,artista,13.3,alto
47,105,192,alto,6.5,medio,nao,nao,nao,agricultor,28.5,baixo
64,102,199,medio,10.0,medio,nao,nao,nao,estudante,25.8,alto
52,104,157,alto,8.1,medio,nao,nao,nao,professor,42.2,alto
72,84,184,nenhum,5.6,baixo,nao,sim,sim,engenheiro,24.8,alto
57,80,185,baixo,6.3,medio,nao,nao,sim,agricultor,23.4,alto
69,81,187,alto,5.1,baixo,nao,nao,nao,motorista,23.2,alto
33,62,187,baixo,8.0,alto,nao,nao,sim,artista,17.7,baixo
30,107,199,medio,9.0,medio,nao,nao,sim,medico,27.0,baixo
67,66,175,alto,6.5,medio,nao,nao,sim,estudante,21.6,baixo
77,55,160,medio,4.2,medio,nao,nao,sim,agricultor,21.5,alto
59,102,186,baixo,7.5,medio,nao,sim,nao,engenheiro,29.5,alto
47,101,188,alto,5.7,baixo,nao,nao,sim,trabalhador_de_escritorio,28.6,alto
36,48,150,nenhum,5.9,alto,nao,sim,sim,artista,21.3,alto
34,51,172,alto,7.5,medio,nao,nao,nao,professor,17.2,baixo
73,105,176,nenhum,8.8,baixo,nao,nao,sim,artista,33.9,alto
36,98,188,medio,8.1,medio,nao,nao,sim,estudante,27.7,baixo
45,45,154,nenhum,7.6,medio,nao,sim,sim,motorista,19.0,baixo
75,99,194,medio,6.8,alto,nao,sim,nao,trabalhador_de_escritorio,26.3,alto
72,47,162,nenhum,5.0,medio,nao,nao,sim,artista,17.9,alto
43,82,148,alto,7.5,medio,nao,sim,nao,agricultor,37.4,alto
54,45,153,medio,8.1,baixo,nao,nao,sim,medico,19.2,baixo
43,82,151,nenhum,6.1,baixo,nao,nao,sim,trabalhador_de_escritorio,36.0,alto
70,73,194,medio,6.5,medio,nao,nao,nao,artista,19.4,baixo
79,49,152,medio,8.7,medio,nao,nao,nao,medico,21.2,baixo
40,65,187,baixo,6.4,baixo,sim,nao,sim,agricultor,18.6,alto
26,91,151,nenhum,6.6,baixo,nao,sim,nao,artista,39.9,alto
29,79,185,medio,6.9,medio,sim,nao,sim,medico,23.1,baixo
70,45,184,nenhum,8.0,medio,nao,sim,nao,medico,13.3,alto
18,56,147,nenhum,7.4,alto,nao,sim,nao,engenheiro,25.9,alto
75,104,161,baixo,7.3,baixo,nao,nao,sim,artista,40.1,alto
75,71,146,medio,9.3,medio,nao,nao,sim,trabalhador_de_escritorio,33.3,alto
18,100,159,medio,6.4,medio,nao,sim,nao,agricultor,39.6,alto
64,67,190,nenhum,5.6,alto,nao,nao,nao,engenheiro,18.6,alto
51,69,173,alto,8.5,medio,nao,nao,sim,medico,23.1,baixo
49,65,194,alto,7.3,baixo,nao,sim,sim,engenheiro,17.3,baixo
79,105,192,baixo,6.1,medio,sim,nao,nao,engenheiro,28.5,alto
71,107,196,nenhum,6.5,medio,nao,nao,nao,medico,27.9,alto
65,96,166,alto,5.1,medio,nao,sim,nao,agricultor,34.8,alto
42,69,148,medio,7.3,baixo,nao,nao,nao,artista,31.5,baixo
57,99,196,baixo,4.8,medio,nao,sim,sim,estudante,25.8,alto
62,90,150,medio,8.0,medio,nao,sim,nao,professor,40.0,alto
70,76,182,medio,6.2,baixo,nao,sim,sim,engenheiro,22.9,alto
18,99,170,baixo,4.9,medio,nao,sim,nao,trabalhador_de_escritorio,34.3,alto
33,49,155,medio,8.6,medio,nao,sim,sim,medico,20.4,baixo
78,80,170,medio,10.0,medio,nao,sim,sim,professor,27.7,alto
56,93,161,medio,7.7,baixo,nao,nao,nao,estudante,35.9,alto
22,102,168,alto,6.6,alto,nao,nao,nao,engenheiro,36.1,alto
39,83,172,nenhum,5.6,baixo,sim,nao,nao,estudante,28.1,alto
46,105,179,medio,7.4,baixo,nao,sim,sim,medico,32.8,alto
72,53,175,medio,8.0,alto,nao,nao,sim,medico,17.3,alto
20,50,157,medio,7.0,alto,nao,nao,nao,engenheiro,20.3,baixo
29,79,198,baixo,8.3,baixo,nao,sim,sim,artista,20.2,baixo
43,83,179,baixo,9.3,alto,nao,nao,nao,motorista,25.9,alto
33,66,160,nenhum,5.1,baixo,nao,nao,nao,motorista,25.8,alto
68,85,159,baixo,7.4,medio,nao,nao,nao,trabalhador_de_escritorio,33.6,alto
54,49,187,baixo,4.1,baixo,nao,nao,sim,medico,14.0,alto
39,86,162,medio,5.8,medio,nao,nao,nao,medico,32.8,alto
74,74,191,nenhum,8.1,medio,nao,nao,sim,engenheiro,20.3,alto
46,101,181,medio,6.9,medio,nao,nao,sim,professor,30.8,baixo
31,73,192,baixo,4.6,medio,nao,nao,sim,medico,19.8,baixo
45,81,192,nenhum,8.6,medio,nao,nao,nao,artista,22.0,baixo
22,57,193,baixo,6.2,alto,nao,nao,sim,medico,15.3,baixo
64,76,185,baixo,8.3,baixo,nao,sim,nao,engenheiro,22.2,alto
66,90,171,medio,7.8,baixo,sim,nao,sim,motorista,30.8,alto
47,67,199,baixo,5.8,medio,nao,nao,sim,medico,16.9,baixo
63,89,179,alto,8.3,baixo,nao,nao,sim,artista,27.8,alto
79,61,196,alto,7.5,medio,nao,nao,nao,engenheiro,15.9,baixo
69,50,189,medio,7.3,medio,nao,nao,sim,trabalhador_de_escritorio,14.0,baixo
22,62,198,medio,6.3,medio,nao,nao,nao,engenheiro,15.8,baixo
29,66,179,nenhum,5.3,alto,nao,nao,sim,artista,20.6,alto
33,77,172,medio,6.4,baixo,nao,nao,sim,motorista,26.0,baixo
43,74,183,medio,6.3,baixo,nao,nao,sim,professor,22.1,baixo
43,76,182,baixo,8.3,baixo,nao,sim,sim,medico,22.9,baixo
65,86,153,nenhum,4.5,baixo,nao,nao,sim,trabalhador_de_escritorio,36.7,alto
38,54,156,baixo,9.2,medio,nao,nao,nao,estudante,22.2,baixo
56,80,159,medio,9.3,medio,nao,nao,sim,medico,31.6,alto
53,78,165,medio,6.0,medio,nao,nao,sim,medico,28.7,alto
50,72,196,baixo,9.1,alto,sim,nao,sim,artista,18.7,alto
79,55,179,medio,5.5,baixo,nao,nao,nao,estudante,17.2,alto
47,83,186,medio,8.7,baixo,sim,nao,sim,motorista,24.0,baixo
54,91,177,medio,5.8,alto,sim,nao,sim,engenheiro,29.0,alto
40,63,195,nenhum,8.6,baixo,nao,nao,nao,medico,16.6,baixo
75,59,163,medio,4.8,alto,nao,nao,sim,motorista,22.2,alto
27,72,199,medio,8.6,alto,nao,sim,sim,trabalhador_de_escritorio,18.2,baixo
71,68,167,medio,8.9,alto,nao,nao,nao,artista,24.4,alto
22,53,157,medio,4.8,medio,nao,nao,sim,motorista,21.5,baixo
53,91,188,medio,9.6,baixo,sim,nao,sim,motorista,25.7,alto
51,77,145,baixo,8.5,medio,nao,nao,nao,motorista,36.6,alto
69,106,195,medio,4.0,medio,sim,sim,sim,artista,27.9,alto
48,63,173,alto,6.3,baixo,nao,nao,sim,agricultor,21.0,baixo
27,84,168,medio,8.6,medio,sim,nao,nao,motorista,29.8,alto
75,91,160,nenhum,8.1,baixo,nao,nao,sim,medico,35.5,alto
36,109,169,nenhum,7.2,medio,sim,sim,sim,motorista,38.2,alto
75,73,199,alto,8.4,alto,nao,nao,nao,engenheiro,18.4,alto
49,94,167,nenhum,5.7,baixo,nao,nao,sim,professor,33.7,alto
18,57,172,nenhum,7.1,baixo,nao,nao,sim,medico,19.3,baixo
73,45,191,baixo,5.7,baixo,nao,nao,sim,motorista,12.3,alto
22,78,160,alto,7.2,baixo,nao,nao,nao,motorista,30.5,baixo
62,92,187,baixo,8.5,baixo,nao,nao,sim,engenheiro,26.3,alto
21,92,182,medio,8.2,baixo,nao,nao,nao,estudante,27.8,baixo
33,93,155,medio,7.3,baixo,nao,nao,sim,medico,38.7,baixo
41,108,147,nenhum,8.5,alto,nao,nao,nao,agricultor,50.0,alto
33,105,159,alto,8.6,alto,nao,nao,sim,agricultor,41.5,alto
72,73,145,medio,9.7,medio,sim,nao,sim,trabalhador_de_escritorio,34.7,alto
19,83,151,medio,8.8,baixo,sim,nao,nao,agricultor,36.4,alto
66,70,145,alto,8.0,baixo,nao,sim,sim,artista,33.3,alto
45,61,193,alto,8.4,medio,nao,nao,sim,artista,16.4,baixo
49,57,176,medio,7.4,medio,nao,nao,sim,estudante,18.4,baixo
44,70,153,baixo,6.6,alto,nao,nao,nao,engenheiro,29.9,alto
37,93,173,alto,8.3,baixo,nao,nao,sim,agricultor,31.1,baixo
41,51,170,medio,8.1,medio,nao,nao,nao,engenheiro,17.6,baixo
29,102,167,alto,7.4,medio,nao,nao,nao,medico,36.6,baixo
67,93,189,alto,6.7,alto,nao,nao,sim,trabalhador_de_escritorio,26.0,alto
52,97,187,nenhum,6.6,medio,nao,nao,sim,motorista,27.7,alto
77,109,173,alto,6.4,medio,nao,sim,nao,motorista,36.4,alto
50,106,196,baixo,8.9,medio,nao,nao,sim,motorista,27.6,alto
50,61,182,medio,8.8,alto,nao,nao,nao,estudante,18.4,baixo
78,87,177,nenhum,8.7,baixo,nao,nao,sim,trabalhador_de_escritorio,27.8,alto
68,69,151,alto,5.4,baixo,nao,sim,sim,motorista,30.3,alto
60,47,156,medio,6.5,medio,nao,nao,sim,agricultor,19.3,baixo
54,73,175,medio,6.6,baixo,nao,nao,sim,artista,23.8,baixo
29,76,176,alto,6.1,medio,nao,sim,sim,motorista,24.5,baixo
20,70,198,medio,9.8,alto,sim,nao,sim,motorista,17.9,alto
18,60,164,medio,7.6,medio,nao,nao,sim,professor,22.3,baixo
50,69,199,alto,7.5,medio,nao,sim,sim,artista,17.4,baixo
57,98,195,medio,6.3,medio,nao,nao,sim,agricultor,25.8,alto
27,72,161,alto,8.3,alto,nao,nao,sim,motorista,27.8,alto
60,100,180,alto,10.0,alto,nao,nao,sim,professor,30.9,alto
61,109,147,baixo,7.1,medio,nao,nao,sim,agricultor,50.4,alto
46,85,145,medio,6.6,medio,sim,nao,nao,engenheiro,40.4,alto
30,95,194,baixo,6.9,medio,nao,sim,sim,engenheiro,25.2,alto
29,73,171,medio,6.5,medio,nao,nao,nao,motorista,25.0,baixo
48,63,197,baixo,7.0,medio,nao,nao,sim,motorista,16.2,baixo
63,85,191,medio,6.1,medio,nao,sim,sim,estudante,23.3,alto
19,89,184,nenhum,5.7,medio,sim,nao,sim,estudante,26.3,alto
78,59,177,nenhum,7.0,medio,sim,nao,sim,professor,18.8,alto
68,47,164,baixo,7.1,baixo,sim,nao,nao,trabalhador_de_escritorio,17.5,alto
67,55,158,nenhum,6.6,alto,nao,nao,sim,estudante,22.0,alto
52,97,180,medio,9.2,medio,nao,sim,sim,professor,29.9,alto
40,90,149,nenhum,7.6,medio,nao,nao,sim,medico,40.5,alto
34,74,167,baixo,8.1,medio,nao,nao,nao,trabalhador_de_escritorio,26.5,alto
43,101,189,nenhum,8.2,medio,nao,sim,nao,professor,28.3,alto
25,62,159,medio,7.2,medio,nao,nao,sim,artista,24.5,baixo
46,95,150,alto,7.3,medio,nao,sim,nao,estudante,42.2,alto
43,92,177,baixo,5.7,baixo,sim,nao,nao,artista,29.4,alto
27,52,199,medio,8.0,medio,nao,sim,sim,medico,13.1,baixo
43,66,163,medio,6.5,baixo,nao,nao,sim,medico,24.8,baixo
79,50,157,baixo,6.0,medio,nao,nao,sim,estudante,20.3,alto
51,101,173,medio,9.0,baixo,nao,nao,sim,artista,33.7,alto
68,80,150,baixo,5.0,medio,nao,sim,sim,estudante,35.6,alto
58,101,159,medio,9.6,baixo,nao,nao,nao,motorista,40.0,alto
24,93,160,nenhum,9.5,alto,nao,nao,sim,artista,36.3,alto
21,89,168,alto,6.7,alto,nao,nao,nao,agricultor,31.5,alto
75,89,167,nenhum,9.7,medio,sim,sim,sim,motorista,31.9,alto
70,64,192,medio,5.7,medio,nao,nao,nao,estudante,17.4,alto
67,108,154,alto,8.5,medio,nao,nao,sim,professor,45.5,alto
62,47,198,nenhum,7.0,baixo,nao,sim,nao,artista,12.0,alto
28,98,185,medio,4.3,baixo,nao,nao,nao,engenheiro,28.6,alto
46,108,185,baixo,6.1,baixo,nao,nao,sim,artista,31.6,alto
73,84,193,medio,6.7,medio,sim,sim,sim,motorista,22.6,alto
53,103,161,baixo,8.2,baixo,nao,sim,nao,agricultor,39.7,alto
42,99,193,nenhum,6.3,baixo,nao,nao,sim,motorista,26.6,alto
38,106,188,medio,6.6,medio,nao,nao,nao,motorista,30.0,baixo
78,48,189,medio,7.8,baixo,nao,nao,sim,artista,13.4,baixo
74,104,174,medio,7.7,baixo,nao,nao,nao,trabalhador_de_escritorio,34.4,alto
53,74,188,baixo,6.9,alto,sim,sim,nao,artista,20.9,alto
27,46,190,baixo,6.5,medio,nao,nao,sim,artista,12.7,baixo
54,106,154,medio,8.4,medio,nao,sim,sim,artista,44.7,alto
26,93,199,medio,6.5,baixo,sim,nao,sim,engenheiro,23.5,baixo
41,53,163,baixo,5.2,medio,nao,nao,sim,medico,19.9,baixo
52,75,173,baixo,6.4,baixo,nao,nao,nao,trabalhador_de_escritorio,25.1,alto
66,105,146,baixo,7.8,alto,nao,sim,sim,artista,49.3,alto
52,92,180,baixo,6.8,medio,nao,sim,sim,artista,28.4,alto
65,69,163,baixo,6.2,alto,nao,nao,sim,agricultor,26.0,alto
53,80,151,baixo,5.1,alto,sim,nao,sim,motorista,35.1,alto
35,52,170,medio,6.8,medio,nao,nao,nao,medico,18.0,baixo
66,102,159,medio,7.3,medio,sim,sim,sim,motorista,40.3,alto
56,89,191,baixo,5.5,alto,nao,nao,nao,medico,24.4,alto
49,106,182,baixo,6.7,medio,nao,nao,sim,medico,32.0,alto
41,83,147,baixo,5.4,baixo,nao,nao,sim,engenheiro,38.4,alto
40,102,182,medio,6.8,medio,nao,nao,sim,agricultor,30.8,baixo
79,108,160,alto,9.6,baixo,sim,sim,sim,agricultor,42.2,alto
49,88,146,medio,7.3,medio,nao,nao,sim,motorista,41.3,baixo
54,73,175,medio,4.6,medio,sim,nao,sim,estudante,23.8,alto
29,103,172,alto,7.5,alto,nao,sim,sim,artista,34.8,alto
66,53,151,baixo,9.0,medio,nao,nao,sim,engenheiro,23.2,alto
72,50,174,nenhum,4.9,alto,nao,nao,sim,agricultor,16.5,alto
30,73,187,medio,5.4,baixo,nao,nao,nao,medico,20.9,baixo
40,102,151,baixo,7.4,medio,sim,nao,nao,medico,44.7,alto
42,61,180,medio,6.9,alto,sim,nao,sim,motorista,18.8,alto
52,60,173,medio,8.8,medio,nao,nao,sim,estudante,20.0,baixo
58,47,168,medio,6.7,medio,nao,nao,sim,medico,16.7,baixo
47,65,196,baixo,8.2,baixo,nao,sim,nao,agricultor,16.9,baixo
34,108,183,medio,9.3,medio,sim,nao,nao,professor,32.2,alto
66,80,148,medio,5.7,alto,nao,sim,sim,trabalhador_de_escritorio,36.5,alto
79,106,173,alto,8.1,baixo,nao,nao,sim,professor,35.4,alto
37,86,188,medio,6.4,medio,nao,nao,nao,engenheiro,24.3,baixo
65,86,149,alto,3.7,medio,nao,nao,sim,professor,38.7,alto
42,105,199,nenhum,7.7,baixo,sim,nao,sim,estudante,26.5,alto
39,57,173,medio,7.9,medio,sim,sim,sim,estudante,19.0,alto
30,55,174,baixo,4.7,baixo,nao,nao,sim,artista,18.2,baixo
76,98,173,nenhum,6.3,baixo,sim,nao,sim,estudante,32.7,alto
36,60,170,alto,6.1,medio,nao,nao,sim,motorista,20.8,baixo
66,52,163,alto,8.2,medio,nao,nao,nao,professor,19.6,baixo
53,103,170,baixo,4.7,baixo,nao,sim,sim,artista,35.6,alto
29,101,181,nenhum,7.2,alto,nao,nao,nao,motorista,30.8,alto
78,84,171,baixo,3.5,baixo,nao,sim,sim,engenheiro,28.7,alto
58,103,174,alto,7.6,alto,nao,sim,sim,professor,34.0,alto
36,46,195,baixo,7.2,medio,sim,nao,sim,trabalhador_de_escritorio,12.1,alto
29,54,197,nenhum,6.2,medio,nao,nao,sim,agricultor,13.9,baixo
26,88,174,nenhum,9.1,baixo,nao,nao,nao,artista,29.1,alto
24,55,147,medio,3.1,medio,nao,sim,sim,engenheiro,25.5,alto
45,46,187,alto,7.0,baixo,nao,sim,nao,professor,13.2,baixo
31,94,151,baixo,8.8,medio,nao,nao,sim,medico,41.2,alto
48,56,193,medio,7.2,medio,nao,nao,nao,medico,15.0,baixo
69,67,153,nenhum,9.0,baixo,nao,sim,sim,engenheiro,28.6,alto
36,62,197,medio,6.3,medio,nao,sim,nao,medico,16.0,baixo
75,106,185,medio,6.7,baixo,nao,sim,sim,trabalhador_de_escritorio,31.0,alto
64,106,186,baixo,8.8,medio,nao,nao,nao,artista,30.6,alto
33,82,157,baixo,8.3,baixo,nao,nao,nao,professor,33.3,alto
70,82,159,alto,10.0,medio,nao,nao,sim,trabalhador_de_escritorio,32.4,alto
22,105,198,nenhum,7.2,medio,nao,nao,nao,trabalhador_de_escritorio,26.8,alto
52,45,149,medio,7.3,medio,nao,sim,sim,agricultor,20.3,alto
29,89,173,baixo,6.3,baixo,nao,nao,nao,professor,29.7,alto
42,72,179,baixo,6.7,baixo,nao,sim,nao,engenheiro,22.5,baixo
69,65,171,medio,8.6,baixo,nao,nao,sim,medico,22.2,baixo
76,57,171,alto,7.0,baixo,nao,sim,sim,artista,19.5,alto
38,71,152,medio,5.8,baixo,nao,nao,nao,agricultor,30.7,alto
53,51,176,nenhum,6.4,medio,nao,nao,nao,trabalhador_de_escritorio,16.5,alto
70,66,164,medio,6.9,medio,sim,nao,sim,medico,24.5,alto
40,97,154,medio,5.9,alto,sim,nao,sim,professor,40.9,alto
33,48,157,medio,6.3,medio,sim,nao,sim,trabalhador_de_escritorio,19.5,baixo
74,67,173,medio,5.5,medio,nao,sim,nao,trabalhador_de_escritorio,22.4,alto
56,77,179,nenhum,6.4,alto,nao,nao,sim,professor,24.0,alto
62,72,198,medio,8.7,medio,sim,nao,nao,engenheiro,18.4,alto
70,52,152,medio,7.1,medio,nao,sim,sim,agricultor,22.5,alto
59,45,173,baixo,10.0,alto,nao,nao,sim,estudante,15.0,alto
75,81,175,medio,5.9,alto,nao,nao,sim,professor,26.4,alto
56,107,185,baixo,7.7,medio,nao,nao,nao,medico,31.3,alto
31,66,174,baixo,7.3,medio,sim,nao,sim,medico,21.8,alto
48,65,166,alto,8.0,medio,sim,nao,sim,estudante,23.6,baixo
75,79,165,baixo,6.1,medio,nao,nao,nao,trabalhador_de_escritorio,29.0,alto
22,49,156,baixo,6.4,alto,nao,nao,nao,artista,20.1,baixo
52,104,155,medio,7.6,medio,nao,sim,nao,motorista,43.3,alto
40,90,146,alto,6.2,alto,nao,nao,nao,agricultor,42.2,alto
46,94,194,alto,4.3,medio,nao,nao,nao,engenheiro,25.0,baixo
60,92,185,medio,9.0,baixo,nao,nao,nao,engenheiro,26.9,alto
28,50,146,nenhum,8.3,medio,nao,nao,sim,estudante,23.5,baixo
35,100,178,alto,6.4,medio,nao,nao,sim,estudante,31.6,baixo
64,103,147,medio,7.3,baixo,nao,nao,sim,motorista,47.7,alto
29,73,160,baixo,8.5,alto,nao,sim,nao,medico,28.5,alto
26,62,195,alto,9.0,medio,sim,nao,sim,engenheiro,16.3,baixo
27,46,148,baixo,7.2,medio,nao,nao,nao,artista,21.0,baixo
75,52,167,nenhum,6.1,alto,nao,sim,sim,medico,18.6,alto
61,98,194,alto,9.2,alto,sim,nao,nao,estudante,26.0,alto
34,82,164,medio,7.1,alto,nao,nao,sim,agricultor,30.5,alto
78,92,169,baixo,6.8,medio,nao,nao,nao,estudante,32.2,alto
55,71,174,baixo,7.4,medio,nao,nao,sim,motorista,23.5,alto
24,64,162,medio,8.7,baixo,nao,nao,nao,trabalhador_de_escritorio,24.4,baixo
63,56,186,baixo,6.9,medio,nao,nao,sim,estudante,16.2,alto
30,87,155,baixo,8.5,alto,nao,nao,sim,artista,36.2,alto
57,105,173,medio,6.7,medio,nao,sim,sim,medico,35.1,alto
59,75,161,alto,7.9,baixo,nao,nao,sim,agricultor,28.9,alto
26,105,170,medio,5.6,baixo,sim,nao,sim,motorista,36.3,alto
67,79,167,medio,8.6,alto,sim,sim,nao,medico,28.3,alto
44,59,196,medio,6.0,alto,nao,sim,sim,professor,15.4,alto
75,60,192,medio,7.7,medio,nao,nao,sim,medico,16.3,baixo
19,57,164,baixo,4.8,medio,nao,nao,sim,agricultor,21.2,baixo
22,79,189,alto,7.0,baixo,nao,nao,sim,engenheiro,22.1,baixo
46,103,146,medio,7.3,medio,nao,sim,nao,medico,48.3,alto
54,65,168,nenhum,6.0,medio,nao,nao,sim,trabalhador_de_escritorio,23.0,alto
55,98,175,baixo,6.8,medio,nao,nao,nao,agricultor,32.0,alto
36,74,171,medio,7.4,medio,sim,sim,nao,estudante,25.3,alto
25,92,146,nenhum,7.8,medio,nao,nao,nao,engenheiro,43.2,alto
65,79,158,nenhum,7.2,baixo,nao,nao,sim,agricultor,31.6,alto
62,82,148,medio,9.0,alto,nao,nao,nao,medico,37.4,alto
18,75,193,alto,8.7,alto,nao,nao,sim,professor,20.1,baixo
39,68,157,medio,7.0,alto,nao,nao,sim,professor,27.6,alto
69,93,180,baixo,5.0,alto,nao,nao,sim,estudante,28.7,alto
34,76,179,nenhum,6.3,medio,sim,nao,sim,artista,23.7,alto
24,99,188,medio,3.7,baixo,sim,nao,nao,trabalhador_de_escritorio,28.0,alto
42,102,198,nenhum,6.7,medio,nao,sim,sim,motorista,26.0,alto
62,47,199,medio,9.1,medio,nao,nao,nao,motorista,11.9,baixo
21,54,152,baixo,8.2,medio,nao,nao,sim,artista,23.4,baixo
53,69,146,alto,7.1,baixo,nao,nao,nao,trabalhador_de_escritorio,32.4,alto
23,105,150,medio,5.9,medio,nao,nao,sim,engenheiro,46.7,alto
77,73,175,baixo,7.2,medio,nao,nao,nao,professor,23.8,alto
48,63,198,alto,10.0,baixo,nao,sim,nao,medico,16.1,baixo
36,87,154,baixo,9.2,baixo,nao,nao,sim,estudante,36.7,alto
78,105,188,baixo,6.8,medio,nao,sim,nao,artista,29.7,alto
61,87,165,alto,4.8,medio,nao,sim,nao,agricultor,32.0,alto
71,69,186,baixo,10.0,medio,nao,nao,sim,artista,19.9,alto
56,64,154,medio,5.9,baixo,nao,nao,sim,estudante,27.0,alto
44,92,167,baixo,7.8,medio,nao,nao,nao,agricultor,33.0,alto
27,68,147,nenhum,4.7,medio,nao,nao,sim,professor,31.5,alto
43,55,176,nenhum,6.5,medio,nao,nao,sim,estudante,17.8,baixo
36,99,164,medio,4.7,baixo,sim,nao,sim,artista,36.8,alto
56,72,154,medio,5.3,alto,nao,nao,nao,professor,30.4,alto
79,107,173,baixo,5.6,baixo,nao,nao,sim,agricultor,35.8,alto
20,103,185,baixo,7.7,baixo,nao,sim,nao,engenheiro,30.1,alto
62,49,196,alto,6.9,medio,nao,nao,nao,agricultor,12.8,baixo
30,95,195,alto,10.0,medio,nao,nao,sim,trabalhador_de_escritorio,25.0,baixo
67,65,190,medio,8.7,alto,nao,sim,sim,artista,18.0,alto
45,56,178,alto,8.7,baixo,nao,sim,nao,medico,17.7,baixo
79,94,181,medio,7.8,medio,nao,nao,nao,artista,28.7,alto
75,48,164,baixo,7.4,medio,nao,nao,sim,professor,17.8,alto
37,86,152,nenhum,8.8,medio,sim,sim,nao,motorista,37.2,alto
45,82,151,nenhum,3.4,baixo,nao,nao,sim,artista,36.0,alto
25,69,150,alto,6.1,baixo,nao,sim,sim,professor,30.7,alto
78,58,155,medio,5.0,baixo,nao,nao,sim,engenheiro,24.1,alto
58,76,188,medio,4.2,medio,nao,nao,sim,trabalhador_de_escritorio,21.5,alto
56,55,162,nenhum,5.8,medio,nao,sim,sim,artista,21.0,alto
18,105,195,medio,5.3,medio,nao,nao,nao,agricultor,27.6,alto
20,62,186,medio,8.8,medio,nao,nao,nao,trabalhador_de_escritorio,17.9,baixo
30,71,173,alto,7.1,medio,nao,nao,nao,trabalhador_de_escritorio,23.7,baixo
45,99,169,nenhum,4.0,alto,nao,sim,sim,engenheiro,34.7,alto
79,98,165,medio,7.5,medio,nao,nao,sim,engenheiro,36.0,alto
74,65,190,nenhum,5.5,baixo,nao,nao,sim,motorista,18.0,alto
77,88,147,medio,7.1,medio,nao,sim,sim,agricultor,40.7,alto
66,49,162,medio,7.6,medio,nao,nao,sim,motorista,18.7,baixo
42,85,168,nenhum,5.9,medio,nao,nao,sim,agricultor,30.1,alto
73,103,191,medio,7.3,baixo,nao,sim,nao,medico,28.2,alto
50,98,182,nenhum,7.6,baixo,nao,nao,sim,trabalhador_de_escritorio,29.6,alto
55,66,154,alto,6.8,alto,sim,nao,nao,agricultor,27.8,alto
70,109,171,baixo,5.9,baixo,nao,nao,nao,engenheiro,37.3,alto
23,108,156,medio,7.0,medio,sim,nao,sim,medico,44.4,alto
75,48,151,alto,6.8,baixo,nao,nao,nao,motorista,21.1,baixo
61,109,161,baixo,7.5,baixo,nao,nao,sim,medico,42.1,alto
62,59,145,medio,6.6,baixo,nao,nao,sim,engenheiro,28.1,alto
49,66,194,medio,5.2,baixo,nao,nao,sim,estudante,17.5,baixo
62,91,170,baixo,6.7,baixo,sim,nao,sim,agricultor,31.5,alto
78,90,159,medio,7.5,medio,nao,sim,sim,estudante,35.6,alto
64,58,195,medio,7.3,medio,nao,sim,sim,engenheiro,15.3,alto
38,94,177,alto,6.8,medio,sim,nao,nao,agricultor,30.0,alto
33,64,181,alto,6.3,baixo,nao,sim,nao,engenheiro,19.5,baixo
71,94,191,medio,6.2,alto,nao,nao,nao,engenheiro,25.8,alto
38,77,175,medio,6.3,alto,nao,nao,nao,professor,25.1,alto
28,103,179,alto,8.6,baixo,nao,sim,sim,agricultor,32.1,alto
77,87,145,medio,5.6,alto,nao,nao,sim,trabalhador_de_escritorio,41.4,alto
54,56,152,nenhum,7.1,baixo,nao,nao,sim,professor,24.2,alto
53,84,156,medio,5.1,medio,nao,nao,sim,professor,34.5,alto
52,64,198,alto,8.1,baixo,nao,nao,sim,professor,16.3,baixo
36,82,163,medio,6.2,medio,sim,sim,nao,professor,30.9,alto
37,47,169,medio,5.8,medio,nao,nao,sim,trabalhador_de_escritorio,16.5,baixo
74,72,176,baixo,7.3,medio,nao,nao,sim,professor,23.2,alto
35,100,156,alto,3.3,medio,sim,nao,sim,motorista,41.1,alto
64,57,157,medio,5.1,medio,nao,sim,nao,estudante,23.1,alto
58,81,172,medio,7.5,medio,nao,nao,nao,trabalhador_de_escritorio,27.4,alto
66,93,145,nenhum,8.5,alto,sim,nao,sim,motorista,44.2,alto
31,80,195,nenhum,7.7,alto,sim,nao,sim,estudante,21.0,alto
32,98,150,medio,7.2,alto,sim,nao,sim,trabalhador_de_escritorio,43.6,alto
48,70,152,alto,10.0,alto,nao,nao,sim,motorista,30.3,alto
18,84,148,baixo,7.7,baixo,nao,nao,nao,professor,38.3,alto
70,87,149,nenhum,5.4,medio,nao,nao,nao,estudante,39.2,alto
71,66,169,baixo,8.5,baixo,nao,nao,nao,medico,23.1,alto
71,64,166,nenhum,6.0,alto,nao,nao,sim,trabalhador_de_escritorio,23.2,alto
20,52,172,baixo,5.9,baixo,nao,nao,nao,estudante,17.6,baixo
33,73,183,medio,4.9,medio,nao,nao,sim,professor,21.8,baixo
40,84,167,alto,6.4,baixo,nao,nao,sim,artista,30.1,baixo
74,74,148,nenhum,5.2,baixo,nao,sim,sim,artista,33.8,alto
28,99,196,medio,7.8,baixo,nao,sim,nao,engenheiro,25.8,alto
29,60,148,baixo,6.8,medio,nao,nao,nao,estudante,27.4,alto
27,90,191,nenhum,5.0,baixo,nao,nao,sim,engenheiro,24.7,baixo
49,106,165,baixo,6.9,medio,nao,nao,nao,agricultor,38.9,alto
33,51,181,medio,8.5,alto,nao,nao,sim,artista,15.6,baixo
25,89,185,nenhum,9.4,medio,sim,sim,nao,trabalhador_de_escritorio,26.0,alto
55,103,146,medio,4.3,baixo,sim,nao,nao,artista,48.3,alto
29,100,151,nenhum,5.8,alto,nao,nao,sim,trabalhador_de_escritorio,43.9,alto
41,92,193,baixo,5.1,medio,nao,nao,sim,estudante,24.7,baixo
45,71,160,baixo,7.5,baixo,nao,nao,sim,motorista,27.7,alto
70,97,161,alto,4.9,medio,nao,nao,nao,engenheiro,37.4,alto
25,79,164,medio,8.6,medio,nao,sim,sim,trabalhador_de_escritorio,29.4,alto
75,95,167,alto,8.8,medio,nao,sim,sim,estudante,34.1,alto
45,81,178,baixo,8.2,baixo,nao,nao,sim,artista,25.6,alto
53,101,155,baixo,5.9,medio,nao,nao,sim,trabalhador_de_escritorio,42.0,alto
43,52,178,baixo,6.0,medio,nao,nao,nao,estudante,16.4,baixo
25,64,177,nenhum,6.3,baixo,nao,sim,nao,engenheiro,20.4,baixo
75,97,170,medio,8.7,medio,nao,nao,nao,professor,33.6,alto
77,56,146,baixo,4.5,medio,nao,nao,sim,motorista,26.3,alto
67,93,167,baixo,7.6,medio,nao,nao,nao,engenheiro,33.3,alto
45,61,185,medio,5.6,medio,nao,nao,sim,medico,17.8,baixo
45,108,166,medio,6.4,medio,nao,sim,sim,artista,39.2,alto
54,86,178,alto,8.1,alto,nao,nao,sim,artista,27.1,alto
58,73,159,baixo,4.7,medio,nao,nao,nao,engenheiro,28.9,alto
53,63,154,medio,6.6,medio,nao,nao,nao,motorista,26.6,alto
44,55,159,baixo,6.8,medio,nao,nao,sim,engenheiro,21.8,baixo
71,94,186,alto,6.9,medio,nao,nao,nao,motorista,27.2,alto
34,102,173,medio,6.8,alto,sim,sim,nao,artista,34.1,alto
26,78,167,medio,7.8,medio,sim,nao,sim,professor,28.0,alto
50,64,161,nenhum,6.3,medio,sim,nao,sim,engenheiro,24.7,alto
70,94,153,medio,7.5,alto,sim,nao,sim,engenheiro,40.2,alto
37,54,194,baixo,7.5,medio,nao,nao,sim,estudante,14.3,baixo
30,76,180,medio,7.4,baixo,nao,nao,nao,professor,23.5,baixo
45,96,153,alto,7.8,medio,nao,sim,nao,artista,41.0,alto
65,59,160,alto,7.4,medio,sim,nao,sim,estudante,23.0,alto
46,47,180,medio,6.9,medio,nao,sim,sim,engenheiro,14.5,baixo
30,81,192,alto,5.1,baixo,nao,sim,sim,professor,22.0,baixo
63,84,195,nenhum,9.0,medio,nao,nao,sim,medico,22.1,alto
52,84,177,alto,9.5,medio,sim,nao,nao,professor,26.8,alto
78,100,199,medio,6.5,baixo,nao,nao,sim,trabalhador_de_escritorio,25.3,alto
23,67,175,medio,7.7,medio,nao,nao,sim,trabalhador_de_escritorio,21.9,baixo
35,55,150,alto,6.2,medio,sim,nao,sim,estudante,24.4,baixo
68,108,154,alto,5.9,medio,nao,sim,nao,motorista,45.5,alto
22,52,160,baixo,7.1,medio,nao,nao,sim,professor,20.3,baixo
64,100,148,medio,10.0,medio,nao,nao,sim,engenheiro,45.7,alto
42,104,198,nenhum,9.4,medio,nao,nao,sim,agricultor,26.5,alto
19,54,166,alto,9.2,medio,nao,nao,sim,artista,19.6,baixo
27,83,157,medio,7.8,baixo,nao,nao,nao,artista,33.7,baixo
73,72,160,nenhum,5.6,baixo,sim,nao,sim,agricultor,28.1,alto
47,93,196,medio,8.6,alto,nao,nao,nao,estudante,24.2,baixo
67,80,173,medio,3.0,medio,nao,sim,sim,estudante,26.7,alto
76,57,150,medio,7.6,medio,nao,nao,sim,medico,25.3,alto
62,80,170,baixo,8.6,medio,nao,nao,sim,medico,27.7,alto
22,70,155,baixo,7.2,baixo,nao,nao,nao,agricultor,29.1,alto
72,48,168,medio,9.5,medio,nao,nao,nao,agricultor,17.0,baixo
73,108,173,baixo,4.9,baixo,nao,nao,sim,professor,36.1,alto
50,82,147,medio,9.4,alto,nao,nao,sim,agricultor,37.9,alto
71,66,196,medio,6.8,baixo,nao,nao,sim,trabalhador_de_escritorio,17.2,baixo
18,46,154,nenhum,9.2,medio,sim,nao,nao,medico,19.4,alto
35,75,145,medio,8.5,baixo,nao,nao,sim,artista,35.7,baixo
49,55,196,medio,9.3,alto,nao,nao,sim,motorista,14.3,baixo
64,90,187,medio,8.5,alto,nao,sim,nao,artista,25.7,alto
66,106,170,baixo,8.0,baixo,nao,nao,sim,medico,36.7,alto
28,108,156,medio,9.0,baixo,nao,sim,nao,artista,44.4,alto
38,54,158,baixo,7.1,baixo,nao,sim,nao,trabalhador_de_escritorio,21.6,baixo
43,84,169,alto,7.9,medio,nao,nao,nao,medico,29.4,baixo
42,68,152,nenhum,7.0,medio,nao,nao,nao,estudante,29.4,alto
39,88,187,alto,6.0,medio,sim,sim,sim,agricultor,25.2,alto
76,104,148,medio,7.8,baixo,nao,nao,sim,medico,47.5,alto
44,106,172,alto,7.3,medio,nao,nao,sim,trabalhador_de_escritorio,35.8,baixo
66,61,151,medio,8.9,medio,nao,sim,nao,medico,26.8,alto
30,109,154,baixo,6.7,medio,nao,nao,sim,motorista,46.0,alto
50,101,195,alto,5.9,medio,nao,nao,sim,motorista,26.6,alto
51,99,180,nenhum,8.9,baixo,nao,nao,nao,motorista,30.6,alto
58,97,146,nenhum,7.1,medio,nao,nao,nao,artista,45.5,alto
52,100,170,baixo,5.8,medio,nao,nao,sim,motorista,34.6,alto
18,53,197,alto,9.1,medio,nao,nao,sim,agricultor,13.7,baixo
38,66,194,medio,8.4,baixo,sim,sim,sim,motorista,17.5,alto
65,57,158,medio,9.8,medio,nao,nao,sim,motorista,22.8,baixo
72,92,160,medio,6.5,alto,nao,sim,sim,professor,35.9,alto
23,62,198,medio,6.3,alto,nao,sim,sim,motorista,15.8,baixo
45,84,187,medio,5.4,medio,nao,nao,sim,agricultor,24.0,baixo
34,61,186,baixo,6.1,medio,sim,sim,sim,estudante,17.6,alto
22,59,161,alto,6.4,medio,nao,nao,sim,motorista,22.8,baixo
48,59,190,baixo,8.0,baixo,nao,nao,nao,medico,16.3,baixo
22,107,166,baixo,5.6,medio,nao,sim,sim,estudante,38.8,alto
55,83,148,medio,6.0,baixo,nao,nao,sim,motorista,37.9,alto
20,57,163,medio,9.5,baixo,nao,nao,sim,engenheiro,21.5,baixo
70,76,146,medio,3.0,alto,nao,nao,nao,medico,35.7,alto
40,53,183,baixo,7.7,alto,nao,nao,nao,artista,15.8,baixo
54,84,153,baixo,5.1,alto,sim,nao,sim,motorista,35.9,alto
70,64,163,medio,5.8,baixo,nao,sim,nao,motorista,24.1,alto
54,107,160,medio,9.1,alto,nao,nao,sim,medico,41.8,alto
27,88,198,nenhum,7.1,baixo,sim,sim,sim,trabalhador_de_escritorio,22.4,alto
27,82,169,medio,10.0,medio,nao,nao,sim,engenheiro,28.7,baixo
36,104,192,baixo,7.9,medio,nao,nao,sim,trabalhador_de_escritorio,28.2,alto
34,92,162,baixo,5.8,medio,sim,nao,nao,motorista,35.1,alto
38,62,167,baixo,7.8,alto,nao,nao,sim,trabalhador_de_escritorio,22.2,baixo
31,60,197,alto,8.7,medio,sim,nao,nao,agricultor,15.5,baixo
26,99,165,medio,7.8,medio,nao,nao,sim,estudante,36.4,baixo
63,83,155,baixo,6.7,baixo,nao,nao,sim,professor,34.5,alto
18,103,183,medio,4.5,alto,sim,nao,sim,estudante,30.8,alto
68,106,185,alto,6.5,medio,nao,nao,sim,medico,31.0,alto
62,57,148,medio,9.5,medio,nao,nao,nao,estudante,26.0,alto
30,50,169,alto,5.8,medio,nao,nao,nao,engenheiro,17.5,baixo
21,104,176,baixo,6.4,medio,nao,nao,sim,medico,33.6,alto
79,58,174,alto,8.5,medio,nao,sim,sim,trabalhador_de_escritorio,19.2,alto
18,98,189,medio,7.9,baixo,nao,sim,sim,estudante,27.4,alto
66,48,170,baixo,5.0,medio,nao,sim,nao,artista,16.6,alto
57,83,180,medio,6.8,alto,nao,nao,sim,professor,25.6,alto
49,69,195,alto,9.1,alto,nao,nao,sim,trabalhador_de_escritorio,18.1,baixo
51,76,178,medio,7.0,baixo,nao,nao,sim,medico,24.0,baixo
45,103,153,medio,9.1,baixo,nao,nao,sim,agricultor,44.0,baixo
48,107,156,nenhum,9.2,medio,nao,sim,nao,medico,44.0,alto
25,82,146,medio,5.6,medio,sim,nao,sim,estudante,38.5,alto
56,97,182,baixo,6.6,medio,nao,nao,nao,trabalhador_de_escritorio,29.3,alto
43,72,149,nenhum,8.0,medio,nao,nao,nao,engenheiro,32.4,alto
75,47,149,medio,4.7,alto,nao,sim,nao,artista,21.2,alto
51,66,196,alto,6.7,medio,nao,sim,nao,engenheiro,17.2,alto
71,82,166,medio,7.8,baixo,nao,sim,nao,engenheiro,29.8,alto
71,106,149,baixo,6.1,alto,nao,nao,sim,artista,47.7,alto
20,101,148,medio,7.9,medio,nao,nao,sim,engenheiro,46.1,baixo
76,50,153,alto,6.1,medio,nao,nao,sim,estudante,21.4,baixo
67,76,173,medio,6.1,medio,nao,nao,sim,engenheiro,25.4,alto
29,54,166,medio,8.1,medio,sim,sim,sim,motorista,19.6,alto
18,47,171,alto,9.1,medio,nao,nao,sim,professor,16.1,baixo
71,103,154,medio,5.9,medio,nao,nao,sim,professor,43.4,alto
61,93,160,nenhum,5.2,medio,nao,nao,sim,agricultor,36.3,alto
22,103,186,baixo,6.9,medio,nao,nao,nao,estudante,29.8,alto
47,75,186,alto,7.7,baixo,sim,nao,nao,estudante,21.7,baixo
47,106,195,medio,5.9,baixo,nao,nao,nao,engenheiro,27.9,alto
76,96,154,nenhum,9.5,medio,sim,nao,sim,trabalhador_de_escritorio,40.5,alto
74,85,150,medio,6.8,alto,nao,sim,sim,trabalhador_de_escritorio,37.8,alto
34,75,193,medio,5.9,baixo,sim,sim,sim,medico,20.1,alto
65,66,149,alto,9.9,baixo,nao,sim,sim,engenheiro,29.7,alto
64,48,150,baixo,8.9,medio,nao,sim,sim,artista,21.3,alto
40,57,191,medio,5.9,medio,nao,nao,nao,artista,15.6,baixo
32,89,169,alto,8.6,medio,nao,nao,nao,trabalhador_de_escritorio,31.2,baixo
54,86,195,baixo,6.0,baixo,nao,nao,sim,motorista,22.6,alto
38,93,194,nenhum,8.2,baixo,nao,nao,nao,agricultor,24.7,baixo
31,64,148,alto,9.7,medio,sim,nao,nao,trabalhador_de_escritorio,29.2,alto
19,98,184,medio,5.2,medio,nao,sim,nao,motorista,28.9,alto
28,80,192,medio,6.2,alto,sim,nao,sim,motorista,21.7,alto
68,45,176,medio,6.2,medio,nao,nao,nao,agricultor,14.5,baixo
56,59,195,nenhum,7.4,medio,nao,nao,sim,engenheiro,15.5,alto
55,61,196,alto,7.7,alto,nao,nao,sim,medico,15.9,alto
77,68,179,baixo,6.9,baixo,nao,nao,nao,estudante,21.2,alto
51,102,154,baixo,4.5,medio,nao,nao,sim,medico,43.0,alto
55,67,178,baixo,5.2,baixo,nao,nao,nao,estudante,21.1,alto
67,90,180,baixo,5.7,medio,sim,nao,nao,professor,27.8,alto
51,52,150,alto,7.8,baixo,nao,nao,sim,engenheiro,23.1,baixo
35,103,187,medio,4.9,baixo,nao,nao,sim,trabalhador_de_escritorio,29.5,alto
47,103,190,alto,5.6,alto,nao,nao,sim,artista,28.5,alto
32,57,160,medio,5.3,medio,sim,nao,sim,medico,22.3,alto
44,83,197,medio,7.5,alto,nao,nao,sim,estudante,21.4,baixo
68,72,163,medio,8.7,medio,nao,nao,sim,motorista,27.1,alto
51,105,178,alto,7.2,medio,nao,sim,sim,agricultor,33.1,alto
69,60,169,medio,10.0,baixo,nao,sim,nao,motorista,21.0,alto
74,46,175,baixo,7.2,medio,nao,nao,sim,agricultor,15.0,alto
55,61,193,baixo,6.9,medio,sim,sim,nao,trabalhador_de_escritorio,16.4,alto
50,74,185,baixo,5.8,baixo,sim,nao,sim,trabalhador_de_escritorio,21.6,alto
41,57,161,medio,7.3,medio,nao,nao,sim,engenheiro,22.0,baixo
32,57,191,alto,5.8,baixo,nao,sim,nao,trabalhador_de_escritorio,15.6,baixo
77,87,174,baixo,5.5,medio,nao,nao,sim,trabalhador_de_escritorio,28.7,alto
47,65,183,nenhum,5.5,medio,sim,sim,nao,trabalhador_de_escritorio,19.4,alto
72,99,198,nenhum,6.7,alto,nao,sim,nao,artista,25.3,alto
59,84,199,medio,6.2,baixo,nao,sim,nao,medico,21.2,alto
68,59,175,baixo,10.0,medio,nao,nao,sim,estudante,19.3,alto
34,96,163,baixo,7.3,medio,nao,nao,nao,engenheiro,36.1,alto
22,97,179,baixo,7.3,baixo,nao,nao,nao,artista,30.3,alto
46,96,173,medio,6.2,medio,nao,nao,sim,artista,32.1,baixo
21,74,145,medio,10.0,baixo,nao,sim,nao,trabalhador_de_escritorio,35.2,alto
27,77,148,medio,5.6,baixo,nao,nao,sim,artista,35.2,alto
73,101,172,baixo,6.3,baixo,sim,nao,sim,estudante,34.1,alto
34,96,162,medio,8.5,alto,sim,nao,sim,estudante,36.6,alto
27,53,170,nenhum,7.3,baixo,nao,nao,sim,trabalhador_de_escritorio,18.3,baixo
34,98,184,nenhum,5.1,medio,sim,nao,sim,motorista,28.9,alto
77,45,163,medio,7.0,baixo,nao,nao,sim,motorista,16.9,baixo
37,88,199,baixo,8.0,baixo,nao,sim,sim,artista,22.2,baixo
41,53,199,medio,7.8,baixo,nao,nao,sim,agricultor,13.4,baixo
22,76,150,nenhum,8.0,medio,sim,sim,nao,medico,33.8,alto
51,59,145,nenhum,10.0,baixo,nao,nao,sim,trabalhador_de_escritorio,28.1,alto
23,56,152,alto,7.4,baixo,nao,sim,nao,medico,24.2,baixo
70,101,177,medio,8.2,alto,sim,nao,sim,engenheiro,32.2,alto
19,52,195,medio,3.4,medio,nao,nao,nao,engenheiro,13.7,baixo
30,71,187,alto,9.8,baixo,nao,nao,sim,motorista,20.3,baixo
79,106,165,medio,7.1,medio,nao,sim,sim,professor,38.9,alto
60,56,168,medio,5.7,baixo,sim,nao,nao,artista,19.8,alto
60,109,169,medio,6.7,medio,nao,nao,nao,estudante,38.2,alto
65,86,191,baixo,8.0,medio,nao,nao,nao,artista,23.6,alto
28,106,199,baixo,8.6,baixo,nao,sim,sim,estudante,26.8,alto
68,55,187,medio,6.9,baixo,nao,nao,nao,agricultor,15.7,baixo
64,87,163,baixo,7.9,medio,nao,nao,sim,estudante,32.7,alto
74,61,173,baixo,6.6,alto,sim,nao,sim,professor,20.4,alto
40,76,197,baixo,7.7,baixo,nao,nao,sim,estudante,19.6,baixo
72,84,154,nenhum,7.3,baixo,nao,nao,sim,medico,35.4,alto
33,67,156,nenhum,7.5,medio,nao,nao,sim,agricultor,27.5,alto
48,100,177,nenhum,6.5,medio,nao,nao,nao,motorista,31.9,alto
28,50,151,nenhum,7.6,baixo,nao,nao,nao,trabalhador_de_escritorio,21.9,baixo
71,94,161,baixo,5.8,baixo,nao,sim,sim,motorista,36.3,alto
33,81,154,medio,7.3,baixo,nao,sim,nao,motorista,34.2,alto
25,108,175,baixo,6.0,baixo,nao,sim,nao,agricultor,35.3,alto
21,98,150,alto,5.5,medio,nao,sim,sim,agricultor,43.6,alto
57,93,161,alto,5.9,baixo,nao,nao,sim,estudante,35.9,alto
21,55,194,medio,6.7,medio,nao,nao,sim,engenheiro,14.6,baixo
73,93,181,medio,6.2,alto,sim,sim,sim,professor,28.4,alto
42,65,162,baixo,7.6,medio,nao,nao,nao,engenheiro,24.8,baixo
20,107,170,nenhum,7.1,medio,sim,nao,sim,engenheiro,37.0,alto
49,72,193,alto,8.5,medio,sim,nao,sim,professor,19.3,baixo
20,61,198,nenhum,6.9,medio,sim,sim,sim,engenheiro,15.6,alto
44,50,160,alto,7.3,alto,nao,sim,sim,agricultor,19.5,baixo
46,63,152,medio,9.8,medio,sim,sim,sim,medico,27.3,alto
49,100,168,baixo,6.3,medio,nao,nao,sim,trabalhador_de_escritorio,35.4,alto
67,72,157,medio,6.6,baixo,sim,nao,nao,artista,29.2,alto
78,82,173,medio,8.8,medio,sim,nao,sim,trabalhador_de_escritorio,27.4,alto
75,81,176,nenhum,5.6,medio,nao,nao,sim,artista,26.1,alto
68,93,168,baixo,9.0,baixo,nao,nao,nao,artista,33.0,alto
36,87,160,medio,6.6,medio,nao,nao,sim,engenheiro,34.0,baixo
38,80,155,medio,5.8,medio,nao,nao,sim,professor,33.3,alto
22,102,176,baixo,8.4,medio,sim,nao,sim,agricultor,32.9,alto
35,57,150,baixo,6.6,alto,nao,nao,sim,engenheiro,25.3,alto
45,96,179,alto,9.7,baixo,nao,nao,sim,agricultor,30.0,baixo
59,102,177,medio,7.1,baixo,nao,nao,sim,agricultor,32.6,alto
78,76,162,medio,7.1,alto,nao,nao,sim,artista,29.0,alto
39,104,181,alto,6.1,alto,nao,nao,nao,artista,31.7,alto
38,102,157,baixo,6.8,medio,sim,nao,sim,motorista,41.4,alto
23,100,154,medio,6.6,baixo,sim,sim,sim,artista,42.2,alto
18,72,181,alto,9.0,medio,nao,nao,nao,trabalhador_de_escritorio,22.0,baixo
22,45,170,medio,7.4,baixo,sim,nao,nao,medico,15.6,baixo
58,86,190,baixo,8.1,alto,nao,nao,nao,estudante,23.8,alto
29,92,161,baixo,7.1,medio,nao,nao,sim,estudante,35.5,alto
43,84,145,medio,6.4,baixo,nao,sim,sim,medico,40.0,alto
63,107,169,baixo,7.6,alto,nao,nao,sim,professor,37.5,alto
51,48,178,alto,9.4,medio,nao,nao,nao,medico,15.1,baixo
66,82,183,nenhum,5.4,alto,nao,nao,sim,engenheiro,24.5,alto
31,71,154,baixo,7.6,alto,nao,sim,nao,trabalhador_de_escritorio,29.9,alto
43,53,164,nenhum,9.2,baixo,nao,sim,nao,trabalhador_de_escritorio,19.7,baixo
62,60,151,medio,5.8,baixo,nao,nao,nao,agricultor,26.3,alto
44,100,160,alto,8.4,medio,nao,nao,nao,engenheiro,39.1,baixo
26,75,181,medio,8.4,alto,nao,sim,sim,engenheiro,22.9,baixo
43,58,173,alto,5.1,alto,nao,nao,sim,agricultor,19.4,baixo
74,69,156,nenhum,8.7,medio,sim,sim,sim,motorista,28.4,alto
64,78,161,nenhum,6.1,baixo,nao,nao,sim,motorista,30.1,alto
74,68,192,alto,7.5,baixo,nao,nao,sim,agricultor,18.4,baixo
39,70,164,alto,8.5,medio,sim,nao,sim,trabalhador_de_escritorio,26.0,alto
64,64,170,alto,8.8,medio,sim,nao,nao,estudante,22.1,alto
73,108,192,medio,4.7,medio,nao,sim,nao,artista,29.3,alto
47,54,163,baixo,9.7,medio,sim,sim,nao,engenheiro,20.3,alto
60,68,191,baixo,9.1,medio,sim,sim,sim,medico,18.6,alto
65,49,156,alto,8.6,alto,nao,nao,sim,medico,20.1,alto
78,102,165,baixo,7.5,medio,sim,sim,sim,artista,37.5,alto
34,71,186,baixo,6.3,baixo,sim,nao,sim,artista,20.5,alto
43,59,198,medio,5.4,medio,nao,nao,nao,trabalhador_de_escritorio,15.0,baixo
53,79,178,baixo,4.6,alto,nao,nao,sim,medico,24.9,alto
18,97,151,alto,8.0,medio,nao,nao,sim,medico,42.5,baixo
25,88,189,nenhum,8.6,baixo,nao,nao,sim,artista,24.6,baixo
66,70,179,medio,6.9,baixo,nao,sim,sim,engenheiro,21.8,alto
52,91,159,medio,6.3,baixo,nao,sim,nao,estudante,36.0,alto
78,78,145,medio,7.1,baixo,sim,nao,nao,engenheiro,37.1,alto
69,94,170,medio,6.0,medio,sim,nao,nao,professor,32.5,alto
32,56,179,baixo,7.0,baixo,nao,sim,sim,engenheiro,17.5,baixo
64,48,169,medio,6.0,medio,nao,nao,nao,professor,16.8,alto
73,92,186,medio,7.9,baixo,nao,nao,sim,estudante,26.6,alto
39,99,159,medio,8.9,baixo,nao,nao,nao,motorista,39.2,baixo
31,45,166,baixo,7.8,medio,nao,sim,nao,engenheiro,16.3,baixo
43,74,150,nenhum,6.9,medio,sim,nao,sim,agricultor,32.9,alto
45,47,196,nenhum,8.5,baixo,nao,nao,nao,engenheiro,12.2,baixo
40,65,159,medio,7.0,alto,nao,nao,sim,professor,25.7,alto
31,93,168,nenhum,8.4,baixo,nao,nao,sim,medico,33.0,alto
41,106,165,alto,6.0,medio,nao,nao,sim,engenheiro,38.9,baixo
19,82,151,medio,6.2,medio,nao,sim,nao,medico,36.0,alto
62,59,173,medio,5.5,alto,nao,nao,nao,medico,19.7,alto
43,96,176,alto,6.3,medio,nao,nao,nao,engenheiro,31.0,baixo
31,90,176,nenhum,8.5,medio,nao,nao,sim,engenheiro,29.1,alto
76,69,197,alto,5.7,medio,nao,nao,sim,agricultor,17.8,alto
73,65,149,medio,3.5,medio,nao,nao,nao,motorista,29.3,alto
68,49,148,alto,6.4,medio,sim,nao,sim,estudante,22.4,alto
24,91,166,alto,5.2,baixo,sim,nao,sim,professor,33.0,alto
20,62,162,nenhum,6.2,alto,nao,nao,sim,engenheiro,23.6,baixo
64,65,179,baixo,10.0,baixo,nao,nao,sim,medico,20.3,alto
40,67,161,medio,5.7,alto,nao,nao,sim,medico,25.8,alto
63,108,194,medio,8.0,medio,nao,nao,sim,engenheiro,28.7,alto
60,84,194,baixo,6.9,alto,sim,nao,nao,professor,22.3,alto
64,54,168,baixo,7.6,medio,nao,nao,nao,motorista,19.1,alto
77,96,146,baixo,6.2,baixo,nao,nao,nao,medico,45.0,alto
62,105,157,medio,8.7,baixo,nao,nao,sim,motorista,42.6,alto
35,108,198,alto,7.6,alto,nao,nao,nao,motorista,27.5,alto
75,49,159,medio,7.7,medio,nao,nao,sim,agricultor,19.4,baixo
55,97,149,medio,7.1,medio,nao,nao,sim,medico,43.7,alto
52,99,147,nenhum,8.9,baixo,sim,nao,sim,professor,45.8,alto
68,81,181,baixo,7.8,alto,sim,nao,nao,trabalhador_de_escritorio,24.7,alto
32,100,181,medio,7.6,baixo,sim,nao,sim,estudante,30.5,alto
42,103,181,alto,8.0,baixo,nao,nao,sim,agricultor,31.4,baixo
72,103,147,baixo,4.4,alto,nao,nao,sim,agricultor,47.7,alto
54,46,179,medio,7.3,alto,nao,nao,nao,trabalhador_de_escritorio,14.4,alto
45,109,196,alto,6.9,baixo,nao,nao,nao,agricultor,28.4,baixo
27,104,167,alto,8.8,alto,nao,nao,nao,agricultor,37.3,alto
56,95,172,baixo,5.9,baixo,nao,nao,sim,agricultor,32.1,alto
74,74,174,nenhum,7.3,baixo,nao,nao,nao,estudante,24.4,alto
34,55,162,baixo,9.9,alto,nao,nao,nao,estudante,21.0,baixo
56,83,196,medio,7.0,medio,nao,nao,sim,medico,21.6,baixo
39,107,180,alto,5.0,baixo,nao,nao,nao,medico,33.0,alto
43,108,177,nenhum,10.0,baixo,nao,nao,sim,engenheiro,34.5,alto
79,105,170,nenhum,5.9,baixo,nao,nao,sim,engenheiro,36.3,alto
61,98,192,alto,5.4,medio,nao,sim,sim,medico,26.6,alto
42,102,184,medio,5.5,alto,nao,nao,sim,agricultor,30.1,alto
34,100,161,alto,8.1,baixo,nao,nao,sim,professor,38.6,baixo
30,78,184,baixo,8.9,alto,nao,nao,nao,trabalhador_de_escritorio,23.0,baixo
37,75,151,medio,9.6,baixo,nao,nao,sim,engenheiro,32.9,baixo
42,96,152,baixo,7.0,medio,nao,nao,sim,artista,41.6,alto
21,45,197,nenhum,5.5,baixo,nao,nao,sim,artista,11.6,baixo
27,99,175,medio,6.1,medio,nao,sim,sim,agricultor,32.3,alto
20,66,156,baixo,7.1,baixo,nao,nao,nao,artista,27.1,alto
58,84,192,nenhum,7.0,alto,nao,nao,sim,engenheiro,22.8,alto
62,45,175,alto,9.0,baixo,nao,nao,sim,estudante,14.7,baixo
35,109,188,baixo,5.0,medio,nao,nao,nao,motorista,30.8,alto
64,107,163,medio,5.3,alto,nao,sim,sim,estudante,40.3,alto
53,98,154,baixo,6.5,medio,nao,nao,nao,professor,41.3,alto
64,86,183,alto,7.6,baixo,nao,nao,sim,motorista,25.7,alto
39,65,156,nenhum,6.3,medio,nao,nao,nao,agricultor,26.7,alto
51,66,164,medio,6.2,alto,nao,nao,nao,artista,24.5,alto
64,82,181,nenhum,8.8,medio,nao,nao,nao,estudante,25.0,alto
25,52,192,medio,7.7,baixo,nao,nao,nao,medico,14.1,baixo
57,106,185,medio,5.5,medio,nao,nao,nao,professor,31.0,alto
66,91,151,baixo,6.2,alto,nao,nao,sim,engenheiro,39.9,alto
61,61,196,baixo,7.8,baixo,nao,sim,sim,artista,15.9,alto
36,61,198,alto,5.1,medio,nao,nao,nao,estudante,15.6,baixo
59,57,158,alto,7.8,medio,nao,nao,sim,agricultor,22.8,baixo
58,61,155,nenhum,6.5,baixo,nao,sim,sim,estudante,25.4,alto
54,82,151,baixo,7.5,medio,nao,sim,sim,motorista,36.0,alto
23,89,173,nenhum,7.2,alto,nao,nao,sim,estudante,29.7,alto
69,50,154,baixo,5.3,baixo,nao,nao,nao,agricultor,21.1,alto
43,79,173,alto,6.0,medio,nao,sim,nao,trabalhador_de_escritorio,26.4,alto
51,58,153,medio,9.2,alto,nao,nao,sim,artista,24.8,alto
76,105,180,medio,10.0,baixo,nao,nao,nao,trabalhador_de_escritorio,32.4,alto
73,59,192,alto,4.4,baixo,nao,nao,nao,motorista,16.0,alto
76,98,154,medio,8.6,alto,nao,sim,sim,trabalhador_de_escritorio,41.3,alto
62,71,163,medio,7.4,medio,nao,nao,sim,medico,26.7,alto
23,57,175,baixo,10.0,baixo,nao,sim,nao,agricultor,18.6,baixo
54,75,161,baixo,6.2,baixo,nao,nao,sim,agricultor,28.9,alto
74,79,153,medio,8.3,medio,nao,nao,sim,engenheiro,33.7,alto
50,104,189,nenhum,6.5,medio,nao,nao,sim,artista,29.1,alto
70,50,177,baixo,8.9,medio,sim,nao,sim,estudante,16.0,alto
39,102,178,baixo,10.0,alto,sim,nao,nao,artista,32.2,alto
38,93,189,nenhum,7.3,medio,sim,nao,nao,artista,26.0,alto
23,67,168,medio,5.3,alto,nao,nao,sim,medico,23.7,baixo
23,78,153,medio,9.1,medio,nao,nao,nao,artista,33.3,baixo
72,70,151,baixo,7.8,baixo,nao,nao,sim,artista,30.7,alto
65,91,160,baixo,7.6,medio,nao,sim,sim,artista,35.5,alto
21,49,163,medio,9.4,medio,nao,sim,nao,trabalhador_de_escritorio,18.4,baixo
47,64,183,nenhum,5.3,baixo,nao,nao,sim,agricultor,19.1,baixo
28,50,150,medio,5.9,baixo,sim,nao,nao,trabalhador_de_escritorio,22.2,alto
79,103,194,medio,7.9,medio,nao,nao,nao,professor,27.4,alto
79,108,195,baixo,5.9,medio,nao,nao,sim,medico,28.4,alto
47,62,155,medio,6.5,alto,nao,nao,nao,trabalhador_de_escritorio,25.8,alto
48,48,156,medio,8.9,alto,sim,nao,sim,medico,19.7,alto
41,61,186,nenhum,7.6,baixo,sim,nao,sim,estudante,17.6,alto
72,58,157,nenhum,5.2,medio,nao,sim,nao,motorista,23.5,alto
26,57,156,alto,7.6,baixo,nao,nao,nao,artista,23.4,baixo
72,51,165,baixo,8.9,baixo,nao,nao,sim,agricultor,18.7,alto
20,88,154,alto,7.3,baixo,nao,nao,nao,professor,37.1,baixo
68,59,164,medio,8.3,medio,nao,nao,sim,engenheiro,21.9,baixo
48,63,194,baixo,6.2,baixo,nao,nao,sim,artista,16.7,baixo
57,107,180,nenhum,7.4,medio,nao,sim,nao,professor,33.0,alto
54,79,172,medio,4.6,baixo,nao,sim,nao,medico,26.7,alto
53,79,168,medio,7.9,medio,sim,nao,sim,professor,28.0,alto
41,63,149,medio,7.5,alto,nao,nao,nao,agricultor,28.4,alto
48,64,181,alto,5.1,alto,nao,nao,nao,medico,19.5,baixo
23,79,156,alto,9.3,medio,nao,nao,nao,artista,32.5,baixo
19,76,179,baixo,7.9,medio,sim,sim,nao,medico,23.7,alto
37,92,184,alto,6.0,medio,nao,nao,nao,agricultor,27.2,alto
45,88,198,alto,8.0,medio,nao,nao,sim,motorista,22.4,baixo
28,68,146,alto,5.5,medio,nao,nao,sim,trabalhador_de_escritorio,31.9,alto
21,105,194,medio,5.7,baixo,nao,nao,nao,estudante,27.9,alto
32,61,185,medio,5.5,medio,nao,nao,sim,engenheiro,17.8,baixo
23,94,189,medio,5.5,medio,nao,nao,sim,estudante,26.3,alto
71,109,183,baixo,7.7,medio,nao,nao,sim,motorista,32.5,alto
66,76,186,alto,7.1,medio,nao,sim,sim,artista,22.0,alto
47,80,153,nenhum,8.1,medio,sim,sim,nao,motorista,34.2,alto
73,57,166,baixo,3.0,medio,nao,sim,sim,estudante,20.7,alto
55,102,191,alto,6.4,baixo,nao,sim,sim,professor,28.0,alto
68,58,149,nenhum,6.4,baixo,sim,nao,nao,artista,26.1,alto
79,81,156,alto,7.1,medio,nao,nao,nao,artista,33.3,alto
74,84,145,medio,7.0,baixo,nao,sim,sim,motorista,40.0,alto
19,103,188,nenhum,7.3,baixo,nao,sim,sim,engenheiro,29.1,alto
32,60,166,medio,7.1,alto,nao,nao,nao,artista,21.8,baixo
28,106,182,medio,6.3,medio,nao,sim,nao,estudante,32.0,alto
25,48,195,medio,6.4,alto,nao,sim,sim,artista,12.6,baixo
43,89,163,alto,6.9,alto,nao,nao,sim,engenheiro,33.5,alto
68,72,160,alto,7.8,alto,nao,sim,sim,motorista,28.1,alto
62,75,175,baixo,7.1,baixo,nao,nao,sim,agricultor,24.5,alto
61,47,195,nenhum,5.8,baixo,sim,sim,sim,trabalhador_de_escritorio,12.4,alto
22,52,147,alto,5.7,baixo,nao,nao,nao,engenheiro,24.1,baixo
23,68,167,medio,7.8,baixo,nao,nao,sim,medico,24.4,baixo
43,59,186,nenhum,8.1,medio,sim,sim,nao,motorista,17.1,alto
71,87,162,alto,8.6,medio,nao,nao,sim,artista,33.2,alto
21,75,170,alto,6.3,alto,sim,sim,sim,trabalhador_de_escritorio,26.0,alto
36,89,157,medio,4.2,alto,nao,nao,sim,agricultor,36.1,alto
37,52,162,medio,7.6,medio,nao,nao,sim,motorista,19.8,baixo
50,101,147,medio,5.9,medio,sim,sim,sim,engenheiro,46.7,alto
37,74,167,medio,6.8,baixo,nao,nao,nao,motorista,26.5,baixo
66,62,147,alto,7.2,medio,nao,nao,nao,agricultor,28.7,alto
29,83,199,alto,7.8,alto,sim,nao,nao,professor,21.0,alto
64,104,169,medio,8.3,baixo,nao,nao,nao,agricultor,36.4,alto
18,87,171,medio,8.8,medio,nao,nao,sim,medico,29.8,baixo
43,89,188,alto,9.0,alto,nao,nao,nao,agricultor,25.2,alto
31,67,171,baixo,7.2,baixo,nao,nao,nao,trabalhador_de_escritorio,22.9,baixo
55,50,196,nenhum,4.5,alto,nao,nao,sim,professor,13.0,alto
54,100,183,alto,6.1,baixo,sim,nao,nao,motorista,29.9,alto
79,48,169,baixo,9.1,alto,nao,nao,sim,motorista,16.8,alto
28,67,168,nenhum,7.2,medio,nao,nao,sim,medico,23.7,baixo
53,50,152,baixo,10.0,baixo,nao,nao,sim,professor,21.6,alto
30,76,153,baixo,6.4,baixo,nao,sim,nao,medico,32.5,alto
60,62,190,baixo,10.0,medio,nao,sim,nao,estudante,17.2,alto
20,59,181,baixo,7.0,alto,nao,nao,nao,motorista,18.0,baixo
50,84,174,alto,6.4,medio,nao,nao,sim,professor,27.7,baixo
23,50,197,medio,5.9,alto,nao,nao,sim,estudante,12.9,baixo
67,107,163,medio,8.0,alto,nao,nao,nao,estudante,40.3,alto
73,55,197,nenhum,4.9,baixo,nao,nao,sim,engenheiro,14.2,alto
27,87,160,medio,6.2,medio,nao,nao,sim,agricultor,34.0,baixo
22,61,168,medio,6.9,medio,nao,nao,sim,trabalhador_de_escritorio,21.6,baixo
40,48,188,medio,3.6,medio,nao,nao,sim,trabalhador_de_escritorio,13.6,baixo
27,107,165,baixo,6.9,baixo,nao,nao,nao,engenheiro,39.3,alto
61,85,180,medio,9.6,baixo,nao,nao,nao,artista,26.2,alto
19,49,184,alto,7.6,medio,nao,nao,sim,professor,14.5,baixo
30,76,183,medio,6.0,baixo,sim,nao,sim,agricultor,22.7,baixo
57,79,191,medio,6.3,medio,nao,nao,sim,engenheiro,21.7,baixo
19,66,150,medio,7.5,alto,nao,nao,sim,professor,29.3,alto
37,109,149,medio,6.2,baixo,sim,nao,nao,agricultor,49.1,alto
18,66,158,medio,7.7,medio,nao,sim,sim,estudante,26.4,alto
54,55,197,nenhum,6.2,medio,sim,nao,sim,professor,14.2,alto
26,47,189,medio,5.5,baixo,sim,nao,sim,trabalhador_de_escritorio,13.2,alto
34,53,186,alto,8.8,medio,nao,nao,sim,agricultor,15.3,baixo
26,104,194,medio,8.1,baixo,nao,sim,nao,trabalhador_de_escritorio,27.6,alto
28,58,148,baixo,4.2,baixo,nao,nao,sim,trabalhador_de_escritorio,26.5,alto
32,62,152,baixo,6.5,baixo,sim,nao,sim,agricultor,26.8,alto
41,67,168,medio,8.6,medio,sim,sim,sim,engenheiro,23.7,alto
55,91,155,alto,6.8,medio,nao,nao,nao,professor,37.9,alto
72,91,161,medio,6.1,medio,nao,nao,nao,agricultor,35.1,alto
52,74,194,medio,6.6,baixo,sim,nao,sim,motorista,19.7,alto
47,69,165,baixo,7.2,alto,nao,sim,nao,trabalhador_de_escritorio,25.3,alto
48,72,170,medio,6.7,alto,nao,nao,nao,estudante,24.9,baixo
66,69,187,medio,6.9,medio,nao,nao,sim,estudante,19.7,baixo
22,102,192,alto,6.8,baixo,nao,nao,nao,professor,27.7,baixo
79,85,188,baixo,5.5,baixo,sim,nao,sim,agricultor,24.0,alto
77,69,189,medio,5.5,alto,nao,nao,nao,engenheiro,19.3,alto
61,92,171,medio,5.4,baixo,nao,sim,sim,agricultor,31.5,alto
67,54,160,medio,7.1,baixo,nao,sim,sim,agricultor,21.1,alto
31,55,199,alto,7.9,medio,nao,nao,nao,medico,13.9,baixo
70,65,170,baixo,5.6,medio,nao,nao,sim,estudante,22.5,alto
73,89,197,baixo,4.7,medio,nao,sim,sim,motorista,22.9,alto
28,51,177,medio,5.7,baixo,sim,nao,nao,professor,16.3,alto
26,108,175,medio,9.1,medio,nao,nao,nao,agricultor,35.3,baixo
51,108,192,nenhum,6.5,medio,nao,nao,nao,trabalhador_de_escritorio,29.3,alto
29,46,191,medio,6.7,medio,sim,nao,sim,trabalhador_de_escritorio,12.6,baixo
52,86,150,medio,5.8,baixo,nao,nao,sim,medico,38.2,alto
52,98,188,alto,7.9,medio,nao,sim,sim,trabalhador_de_escritorio,27.7,alto
18,60,152,baixo,6.8,medio,nao,nao,sim,agricultor,26.0,alto
57,62,151,alto,5.9,medio,nao,sim,sim,professor,27.2,alto
39,103,178,nenhum,5.5,medio,sim,nao,sim,medico,32.5,alto
77,60,188,baixo,7.6,baixo,sim,nao,sim,motorista,17.0,alto
46,50,197,baixo,7.4,baixo,nao,nao,sim,artista,12.9,baixo
25,101,158,alto,5.1,baixo,nao,nao,sim,medico,40.5,alto
28,91,160,baixo,8.8,medio,nao,nao,nao,estudante,35.5,alto
58,92,187,medio,6.0,medio,nao,sim,sim,engenheiro,26.3,alto
54,86,196,medio,3.7,medio,sim,nao,sim,engenheiro,22.4,alto
31,104,153,alto,9.3,baixo,nao,nao,sim,professor,44.4,baixo
77,48,154,alto,6.8,alto,sim,nao,sim,estudante,20.2,alto
47,46,161,medio,7.7,baixo,nao,sim,sim,estudante,17.7,baixo
52,103,156,alto,9.5,medio,sim,nao,sim,professor,42.3,alto
38,71,150,medio,5.5,baixo,nao,sim,nao,artista,31.6,alto
54,71,163,alto,7.7,medio,nao,nao,sim,medico,26.7,alto
22,51,187,baixo,8.8,medio,sim,nao,sim,agricultor,14.6,alto
36,107,185,nenhum,5.6,alto,nao,sim,sim,agricultor,31.3,alto
76,90,197,medio,9.2,medio,nao,sim,sim,engenheiro,23.2,alto
31,107,173,medio,4.9,baixo,nao,nao,sim,professor,35.8,alto
43,56,150,medio,6.9,medio,nao,sim,nao,artista,24.9,baixo
79,57,169,medio,5.4,medio,nao,nao,sim,professor,20.0,alto
21,87,168,baixo,8.0,alto,nao,nao,nao,agricultor,30.8,alto
42,61,169,medio,5.6,baixo,nao,sim,sim,engenheiro,21.4,baixo
62,107,160,nenhum,6.1,medio,nao,nao,nao,agricultor,41.8,alto
59,80,196,alto,5.7,baixo,nao,nao,sim,agricultor,20.8,alto
42,52,160,alto,5.2,medio,nao,nao,sim,medico,20.3,baixo
35,80,150,alto,5.8,baixo,sim,nao,sim,professor,35.6,alto
57,72,181,baixo,6.9,medio,sim,nao,sim,medico,22.0,alto
25,91,165,medio,6.8,medio,nao,sim,nao,medico,33.4,alto
56,74,148,alto,6.7,baixo,nao,nao,sim,agricultor,33.8,alto
57,67,178,alto,6.0,medio,nao,nao,nao,engenheiro,21.1,baixo
31,60,172,medio,6.5,medio,nao,nao,sim,agricultor,20.3,baixo
49,58,182,medio,4.6,baixo,nao,sim,sim,motorista,17.5,baixo
68,96,185,medio,6.0,baixo,nao,nao,nao,engenheiro,28.0,alto
78,81,172,medio,6.7,medio,nao,nao,sim,artista,27.4,alto
55,73,161,baixo,7.4,medio,sim,nao,nao,professor,28.2,alto
50,59,158,medio,7.3,medio,nao,nao,sim,motorista,23.6,baixo
40,91,151,alto,5.2,medio,nao,nao,sim,motorista,39.9,alto
32,90,166,medio,7.6,alto,nao,nao,sim,motorista,32.7,alto
50,96,195,medio,7.2,baixo,nao,nao,nao,trabalhador_de_escritorio,25.2,baixo
42,63,145,medio,9.2,medio,nao,nao,sim,professor,30.0,baixo
34,65,173,alto,4.8,medio,nao,sim,nao,agricultor,21.7,baixo
50,108,196,medio,6.8,alto,nao,nao,nao,engenheiro,28.1,alto
64,81,175,medio,8.5,medio,nao,nao,nao,motorista,26.4,alto
72,71,174,medio,6.6,medio,sim,nao,nao,trabalhador_de_escritorio,23.5,alto
19,99,159,medio,5.6,baixo,nao,nao,nao,motorista,39.2,alto
31,73,162,medio,5.8,alto,nao,nao,sim,engenheiro,27.8,alto
70,64,179,medio,8.2,medio,sim,nao,nao,artista,20.0,alto
57,69,194,medio,4.7,medio,sim,sim,nao,engenheiro,18.3,alto
57,107,174,medio,6.5,baixo,sim,sim,sim,artista,35.3,alto
68,80,178,nenhum,5.7,alto,nao,sim,sim,trabalhador_de_escritorio,25.2,alto
56,46,186,baixo,5.8,medio,nao,nao,sim,estudante,13.3,alto
68,66,155,baixo,7.7,baixo,nao,nao,sim,trabalhador_de_escritorio,27.5,alto
23,60,171,alto,6.4,baixo,sim,nao,sim,estudante,20.5,baixo
23,62,168,baixo,7.3,medio,nao,sim,nao,professor,22.0,baixo
20,98,179,nenhum,5.1,baixo,nao,nao,nao,medico,30.6,alto
24,74,183,nenhum,8.2,medio,nao,nao,nao,motorista,22.1,baixo
68,89,152,medio,7.3,alto,nao,nao,sim,trabalhador_de_escritorio,38.5,alto
25,63,195,nenhum,8.9,medio,nao,sim,sim,motorista,16.6,baixo
59,78,162,medio,6.4,alto,nao,nao,nao,medico,29.7,alto
69,57,157,nenhum,7.7,medio,nao,sim,nao,medico,23.1,alto
32,87,189,alto,8.2,medio,nao,nao,nao,medico,24.4,baixo
64,106,168,alto,7.6,medio,sim,sim,nao,artista,37.6,alto
46,66,195,alto,9.5,medio,nao,nao,nao,medico,17.4,baixo
50,96,167,medio,4.5,medio,nao,sim,nao,trabalhador_de_escritorio,34.4,alto
69,96,156,medio,7.3,medio,nao,nao,sim,motorista,39.4,alto
47,80,193,medio,6.4,alto,nao,sim,sim,engenheiro,21.5,baixo
56,63,174,baixo,6.3,medio,nao,nao,sim,motorista,20.8,alto
44,82,175,medio,9.2,alto,nao,nao,nao,motorista,26.8,alto
53,101,172,nenhum,6.1,medio,nao,nao,nao,trabalhador_de_escritorio,34.1,alto
46,64,166,medio,8.3,medio,nao,nao,sim,trabalhador_de_escritorio,23.2,baixo
55,53,188,baixo,5.4,medio,sim,nao,sim,agricultor,15.0,alto
74,76,172,medio,8.5,medio,nao,nao,sim,agricultor,25.7,alto
50,48,157,medio,7.0,baixo,nao,nao,nao,professor,19.5,baixo
78,94,169,medio,6.6,medio,nao,nao,sim,medico,32.9,alto
54,49,188,alto,4.7,alto,nao,nao,sim,medico,13.9,alto
44,64,195,medio,6.6,baixo,nao,nao,sim,agricultor,16.8,baixo
72,81,190,medio,6.0,alto,nao,nao,nao,engenheiro,22.4,alto
50,66,151,medio,9.6,baixo,sim,nao,sim,professor,28.9,alto
79,102,189,nenhum,7.1,medio,sim,nao,sim,motorista,28.6,alto
21,88,150,medio,6.1,medio,nao,nao,sim,engenheiro,39.1,baixo
39,78,168,alto,6.0,baixo,nao,nao,nao,agricultor,27.6,baixo
19,86,163,alto,5.0,baixo,nao,nao,sim,motorista,32.4,alto
27,53,163,medio,9.3,medio,nao,sim,sim,engenheiro,19.9,baixo
22,51,180,baixo,8.9,baixo,nao,nao,sim,medico,15.7,baixo
76,63,195,nenhum,6.9,baixo,nao,nao,sim,estudante,16.6,alto
27,75,153,medio,10.0,baixo,nao,sim,nao,estudante,32.0,alto
50,79,192,alto,7.0,baixo,nao,nao,sim,agricultor,21.4,baixo
71,101,180,medio,8.6,baixo,sim,nao,sim,motorista,31.2,alto
55,105,182,alto,7.8,medio,nao,nao,nao,engenheiro,31.7,alto
30,75,184,medio,6.1,alto,nao,nao,nao,professor,22.2,baixo
48,97,173,nenhum,7.3,baixo,nao,nao,sim,professor,32.4,alto
64,76,168,nenhum,7.6,baixo,nao,nao,sim,trabalhador_de_escritorio,26.9,alto
53,103,192,nenhum,5.0,medio,nao,sim,nao,artista,27.9,alto
62,54,149,medio,7.4,baixo,nao,sim,sim,motorista,24.3,alto
41,46,197,baixo,8.7,medio,nao,nao,nao,agricultor,11.9,baixo
69,104,198,medio,6.0,baixo,nao,nao,nao,agricultor,26.5,alto
73,61,186,medio,6.7,baixo,nao,nao,nao,estudante,17.6,baixo
32,60,199,baixo,5.3,baixo,sim,nao,nao,motorista,15.2,alto
46,60,189,baixo,6.3,baixo,sim,sim,sim,agricultor,16.8,alto
25,90,170,nenhum,6.4,medio,nao,nao,sim,medico,31.1,alto
22,83,158,medio,9.4,baixo,nao,nao,sim,estudante,33.2,baixo
46,75,183,medio,6.5,alto,nao,nao,nao,medico,22.4,baixo
64,45,173,baixo,6.2,medio,nao,sim,nao,agricultor,15.0,alto
21,55,196,alto,6.9,alto,nao,nao,sim,estudante,14.3,baixo
29,48,150,medio,4.4,baixo,nao,sim,nao,motorista,21.3,baixo
62,70,151,medio,3.5,baixo,nao,sim,sim,engenheiro,30.7,alto
19,94,181,medio,4.9,medio,nao,sim,sim,estudante,28.7,alto
44,56,197,alto,7.5,baixo,sim,nao,sim,medico,14.4,baixo
48,109,162,medio,7.0,alto,sim,nao,sim,motorista,41.5,alto
68,91,167,medio,8.3,medio,sim,nao,nao,agricultor,32.6,alto
68,97,188,baixo,4.7,medio,sim,nao,sim,medico,27.4,alto
53,46,182,medio,6.7,baixo,nao,nao,sim,motorista,13.9,baixo
53,68,145,medio,4.6,medio,sim,nao,nao,trabalhador_de_escritorio,32.3,alto
43,48,148,medio,7.4,medio,nao,nao,nao,estudante,21.9,baixo
60,63,195,alto,4.9,medio,nao,nao,sim,professor,16.6,alto
44,70,188,alto,6.6,baixo,sim,nao,nao,artista,19.8,baixo
22,84,191,baixo,7.3,alto,nao,nao,sim,trabalhador_de_escritorio,23.0,baixo
37,94,179,baixo,6.4,alto,nao,nao,sim,agricultor,29.3,alto
28,87,167,baixo,3.6,alto,nao,nao,sim,motorista,31.2,alto
79,56,171,medio,9.5,medio,nao,nao,nao,professor,19.2,baixo
27,71,170,baixo,6.3,medio,sim,sim,nao,engenheiro,24.6,alto
57,98,196,baixo,4.6,baixo,nao,sim,sim,agricultor,25.5,alto
55,93,152,nenhum,8.1,alto,nao,nao,sim,engenheiro,40.3,alto
23,60,187,baixo,8.2,alto,sim,sim,sim,engenheiro,17.2,alto
25,46,160,nenhum,6.5,baixo,nao,sim,nao,medico,18.0,baixo
40,104,185,baixo,9.3,medio,nao,nao,nao,medico,30.4,alto
64,98,147,medio,5.9,alto,nao,nao,nao,professor,45.4,alto
43,74,176,nenhum,7.3,baixo,nao,nao,sim,professor,23.9,baixo
63,82,149,nenhum,7.8,baixo,sim,nao,sim,motorista,36.9,alto
60,72,164,alto,9.3,alto,nao,sim,sim,medico,26.8,alto
29,69,158,alto,4.1,alto,nao,sim,sim,estudante,27.6,alto
43,54,176,baixo,10.0,alto,nao,sim,sim,estudante,17.4,alto
30,104,170,nenhum,8.8,baixo,nao,nao,nao,artista,36.0,alto
57,86,191,medio,7.7,baixo,nao,nao,nao,professor,23.6,baixo
79,84,150,baixo,5.8,medio,sim,nao,nao,motorista,37.3,alto
35,86,180,nenhum,5.7,medio,nao,nao,sim,estudante,26.5,alto
42,91,184,baixo,7.4,baixo,nao,nao,sim,trabalhador_de_escritorio,26.9,alto
50,81,195,nenhum,7.7,alto,nao,nao,sim,agricultor,21.3,baixo
64,66,149,medio,7.5,alto,nao,nao,sim,trabalhador_de_escritorio,29.7,alto
57,101,157,alto,7.2,baixo,nao,nao,sim,agricultor,41.0,alto
77,71,176,medio,7.6,baixo,sim,sim,nao,motorista,22.9,alto
60,85,160,medio,3.7,baixo,nao,sim,nao,medico,33.2,alto
29,78,145,medio,6.6,medio,nao,nao,sim,artista,37.1,baixo
61,76,157,medio,4.9,baixo,nao,nao,sim,trabalhador_de_escritorio,30.8,alto
53,56,198,medio,6.9,medio,nao,nao,sim,artista,14.3,baixo
65,84,155,baixo,9.0,medio,nao,nao,sim,engenheiro,35.0,alto
21,54,197,medio,5.6,alto,nao,nao,nao,trabalhador_de_escritorio,13.9,baixo
22,92,152,alto,5.9,baixo,nao,nao,nao,professor,39.8,alto
73,64,169,baixo,5.7,medio,nao,sim,sim,trabalhador_de_escritorio,22.4,alto
54,83,184,alto,5.9,medio,nao,nao,sim,estudante,24.5,alto
25,104,176,medio,7.8,medio,sim,nao,sim,medico,33.6,alto
59,109,168,medio,8.2,alto,nao,nao,nao,medico,38.6,alto
66,95,172,nenhum,9.2,medio,nao,nao,sim,artista,32.1,alto
45,80,158,medio,5.5,alto,nao,nao,sim,professor,32.0,alto
48,68,189,alto,8.0,baixo,sim,nao,sim,agricultor,19.0,baixo
75,71,147,medio,8.3,medio,nao,sim,sim,professor,32.9,alto
26,46,180,baixo,9.5,medio,nao,nao,sim,estudante,14.2,baixo
71,75,171,nenhum,5.6,alto,nao,sim,sim,motorista,25.6,alto
68,101,164,medio,4.0,baixo,nao,sim,sim,agricultor,37.6,alto
46,73,191,medio,6.6,baixo,nao,nao,sim,medico,20.0,baixo
31,59,159,medio,10.0,medio,nao,nao,sim,artista,23.3,baixo
57,56,171,alto,5.4,baixo,sim,sim,sim,artista,19.2,alto
58,72,197,medio,7.7,medio,sim,sim,nao,medico,18.6,alto
39,68,189,medio,3.7,alto,nao,nao,sim,motorista,19.0,baixo
28,65,185,nenhum,9.7,alto,nao,sim,sim,agricultor,19.0,alto
40,54,172,nenhum,4.2,baixo,nao,nao,sim,trabalhador_de_escritorio,18.3,baixo
18,62,169,medio,3.4,baixo,nao,nao,sim,trabalhador_de_escritorio,21.7,baixo
63,58,186,alto,7.1,medio,sim,nao,sim,professor,16.8,alto
54,78,188,medio,7.2,medio,nao,sim,nao,artista,22.1,alto
38,102,190,medio,9.1,medio,nao,nao,sim,medico,28.3,baixo
43,66,177,nenhum,8.3,medio,nao,nao,nao,trabalhador_de_escritorio,21.1,baixo
63,80,190,alto,4.0,medio,nao,nao,nao,medico,22.2,alto
53,89,158,alto,6.8,baixo,nao,nao,nao,professor,35.7,alto
71,80,152,medio,6.0,medio,nao,sim,sim,engenheiro,34.6,alto
40,66,192,nenhum,5.0,baixo,nao,sim,sim,medico,17.9,alto
74,105,158,medio,7.7,baixo,nao,nao,nao,estudante,42.1,alto
18,100,145,alto,8.6,medio,nao,nao,sim,estudante,47.6,baixo
71,77,160,medio,5.8,medio,nao,nao,sim,engenheiro,30.1,alto
72,89,162,medio,6.5,medio,nao,sim,nao,artista,33.9,alto
68,80,151,nenhum,6.6,medio,nao,nao,nao,estudante,35.1,alto
57,64,159,nenhum,6.0,baixo,nao,nao,sim,medico,25.3,alto
32,62,168,nenhum,6.4,medio,nao,nao,sim,agricultor,22.0,baixo
38,82,193,alto,6.0,medio,nao,nao,sim,motorista,22.0,baixo
64,67,195,medio,7.2,baixo,nao,nao,sim,estudante,17.6,baixo
26,60,199,medio,6.1,medio,nao,nao,sim,engenheiro,15.2,baixo
70,103,157,nenhum,7.6,medio,nao,nao,nao,agricultor,41.8,alto
26,65,153,alto,6.1,medio,sim,nao,nao,motorista,27.8,alto
27,56,159,alto,8.0,alto,nao,nao,nao,agricultor,22.2,baixo
69,60,179,baixo,6.1,alto,nao,nao,sim,professor,18.7,alto
74,58,168,alto,7.9,alto,nao,nao,sim,estudante,20.5,alto
70,105,177,baixo,5.7,medio,nao,nao,nao,professor,33.5,alto
43,90,160,baixo,8.3,medio,nao,nao,nao,trabalhador_de_escritorio,35.2,alto
58,76,152,baixo,4.3,medio,nao,sim,nao,engenheiro,32.9,alto
52,59,173,alto,7.0,medio,nao,sim,sim,trabalhador_de_escritorio,19.7,alto
69,88,167,alto,6.1,baixo,nao,sim,nao,estudante,31.6,alto
42,61,189,baixo,6.9,medio,sim,sim,sim,artista,17.1,alto
43,85,175,medio,5.2,medio,sim,sim,nao,engenheiro,27.8,alto
28,98,184,medio,6.7,baixo,nao,sim,nao,professor,28.9,alto
55,88,193,alto,5.3,medio,nao,nao,sim,professor,23.6,alto
19,49,198,baixo,6.6,baixo,nao,sim,nao,motorista,12.5,baixo
24,71,199,medio,6.5,baixo,nao,nao,sim,motorista,17.9,baixo
35,87,158,medio,7.5,alto,nao,sim,nao,professor,34.9,alto
44,75,197,nenhum,7.1,medio,nao,nao,nao,artista,19.3,baixo
51,61,174,baixo,9.8,medio,nao,nao,nao,engenheiro,20.1,alto
44,98,197,medio,6.2,baixo,nao,sim,sim,estudante,25.3,alto
34,106,183,baixo,6.8,medio,nao,sim,sim,artista,31.7,alto
60,76,171,alto,10.0,baixo,nao,sim,nao,artista,26.0,alto
76,84,191,nenhum,6.7,medio,nao,nao,sim,professor,23.0,alto
61,57,160,alto,8.4,alto,sim,nao,nao,trabalhador_de_escritorio,22.3,alto
76,79,195,baixo,7.9,alto,nao,nao,nao,agricultor,20.8,alto
68,49,150,nenhum,10.0,baixo,nao,nao,nao,motorista,21.8,alto
71,73,199,baixo,4.9,medio,nao,nao,nao,artista,18.4,alto
41,69,177,medio,4.7,alto,nao,nao,sim,engenheiro,22.0,baixo
42,66,188,medio,5.3,baixo,nao,nao,sim,agricultor,18.7,baixo
24,89,162,baixo,7.3,baixo,nao,nao,nao,trabalhador_de_escritorio,33.9,alto
69,45,160,baixo,5.5,alto,nao,sim,nao,medico,17.6,alto
23,88,156,medio,3.8,medio,nao,sim,nao,motorista,36.2,alto
70,83,164,medio,5.6,medio,nao,nao,sim,estudante,30.9,alto
41,98,189,medio,7.6,baixo,nao,nao,nao,professor,27.4,baixo
50,73,184,nenhum,5.6,medio,nao,sim,nao,motorista,21.6,alto
66,98,173,medio,8.7,medio,nao,nao,sim,motorista,32.7,alto
46,60,174,medio,5.3,medio,sim,nao,nao,motorista,19.8,alto
60,64,170,alto,7.0,medio,nao,nao,nao,trabalhador_de_escritorio,22.1,baixo
39,90,166,medio,6.4,medio,nao,sim,nao,medico,32.7,alto
43,109,177,baixo,7.3,medio,sim,nao,nao,engenheiro,34.8,alto
45,102,197,nenhum,7.4,medio,nao,nao,sim,trabalhador_de_escritorio,26.3,alto
67,97,183,medio,9.4,medio,nao,nao,sim,estudante,29.0,alto
38,45,191,medio,8.0,baixo,nao,nao,sim,engenheiro,12.3,baixo
66,73,173,alto,6.4,medio,nao,nao,sim,agricultor,24.4,baixo
24,52,166,medio,7.9,baixo,sim,nao,sim,agricultor,18.9,baixo
34,73,189,medio,8.1,medio,nao,nao,sim,estudante,20.4,baixo
37,95,157,medio,10.0,alto,nao,nao,nao,engenheiro,38.5,alto
58,77,153,medio,6.8,medio,nao,nao,sim,artista,32.9,alto
66,47,168,baixo,6.9,baixo,nao,nao,nao,agricultor,16.7,alto
37,104,159,nenhum,9.0,baixo,nao,nao,sim,agricultor,41.1,alto
71,79,180,medio,4.0,baixo,nao,sim,sim,estudante,24.4,alto
39,64,157,baixo,6.7,baixo,nao,nao,sim,estudante,26.0,alto
45,83,171,baixo,8.0,medio,nao,nao,nao,professor,28.4,alto
78,48,188,nenhum,8.6,medio,nao,nao,sim,engenheiro,13.6,alto
57,63,181,baixo,3.7,baixo,nao,sim,sim,engenheiro,19.2,alto
66,89,151,nenhum,5.0,baixo,nao,nao,sim,medico,39.0,alto
24,87,152,medio,3.3,medio,nao,nao,sim,estudante,37.7,alto
18,57,181,medio,8.3,medio,sim,nao,nao,motorista,17.4,baixo
49,57,185,medio,7.3,alto,nao,sim,nao,professor,16.7,baixo
30,104,158,medio,9.1,baixo,nao,nao,sim,trabalhador_de_escritorio,41.7,baixo
47,101,156,alto,7.0,alto,sim,nao,sim,professor,41.5,alto
40,96,180,nenhum,10.0,medio,nao,nao,sim,trabalhador_de_escritorio,29.6,alto
68,97,196,medio,5.6,baixo,nao,nao,nao,engenheiro,25.2,alto
76,87,184,baixo,6.4,baixo,nao,nao,sim,professor,25.7,alto
73,86,161,medio,7.6,medio,nao,nao,nao,artista,33.2,alto
36,70,184,alto,5.9,medio,nao,nao,nao,medico,20.7,baixo
79,67,197,medio,7.6,baixo,nao,nao,sim,motorista,17.3,baixo
49,87,173,medio,6.8,alto,nao,nao,nao,agricultor,29.1,alto
47,72,171,medio,6.7,baixo,sim,nao,sim,trabalhador_de_escritorio,24.6,baixo
46,53,145,medio,6.8,medio,nao,nao,sim,agricultor,25.2,baixo
66,64,196,nenhum,8.1,medio,nao,sim,sim,motorista,16.7,alto
62,100,178,medio,6.5,medio,sim,nao,sim,engenheiro,31.6,alto
46,83,148,medio,5.3,alto,sim,nao,nao,engenheiro,37.9,alto
47,95,168,baixo,7.1,alto,nao,nao,nao,engenheiro,33.7,alto
33,56,165,baixo,6.0,baixo,sim,sim,nao,agricultor,20.6,alto
57,99,177,alto,5.5,medio,nao,nao,sim,motorista,31.6,alto
36,55,151,nenhum,4.4,alto,nao,nao,sim,artista,24.1,alto
35,70,145,nenhum,8.4,medio,nao,nao,sim,engenheiro,33.3,alto
18,86,185,medio,8.0,medio,sim,nao,nao,engenheiro,25.1,alto
31,71,147,baixo,9.1,alto,nao,sim,sim,agricultor,32.9,alto
68,55,188,medio,7.0,medio,nao,nao,sim,engenheiro,15.6,baixo
64,82,195,medio,8.6,baixo,nao,nao,sim,motorista,21.6,baixo
67,87,159,medio,5.6,alto,nao,nao,sim,estudante,34.4,alto
19,63,175,baixo,4.1,alto,sim,nao,sim,trabalhador_de_escritorio,20.6,alto
71,108,198,medio,5.9,medio,sim,nao,sim,professor,27.5,alto
45,50,160,alto,6.7,medio,nao,nao,sim,trabalhador_de_escritorio,19.5,baixo
66,90,154,baixo,7.5,alto,sim,nao,sim,artista,37.9,alto
67,86,198,baixo,8.9,alto,nao,nao,sim,engenheiro,21.9,alto
47,109,173,alto,7.5,alto,nao,nao,nao,motorista,36.4,alto
55,103,150,nenhum,10.0,medio,nao,nao,sim,motorista,45.8,alto
68,96,173,baixo,7.2,medio,nao,nao,sim,engenheiro,32.1,alto
21,91,161,nenhum,7.2,medio,nao,sim,nao,artista,35.1,alto
18,51,197,nenhum,7.5,baixo,nao,nao,sim,artista,13.1,baixo
25,55,166,nenhum,7.6,medio,nao,nao,nao,estudante,20.0,baixo
46,105,168,medio,7.5,medio,nao,sim,sim,engenheiro,37.2,alto
72,69,161,medio,5.2,alto,sim,sim,sim,engenheiro,26.6,alto
56,56,165,baixo,8.3,alto,sim,nao,sim,agricultor,20.6,alto
20,70,195,alto,10.0,baixo,sim,nao,nao,motorista,18.4,baixo
49,56,194,medio,5.7,medio,sim,nao,sim,professor,14.9,alto
27,87,155,alto,6.9,medio,nao,nao,sim,estudante,36.2,baixo
27,95,151,alto,4.9,alto,nao,nao,sim,agricultor,41.7,alto
36,81,186,medio,8.1,baixo,nao,nao,sim,agricultor,23.4,baixo
63,90,183,alto,8.1,medio,nao,nao,sim,motorista,26.9,alto
51,97,149,medio,4.7,medio,nao,nao,sim,artista,43.7,alto
77,57,188,alto,5.0,alto,nao,nao,nao,estudante,16.1,alto
50,98,192,baixo,3.9,medio,nao,sim,sim,engenheiro,26.6,alto
40,101,165,baixo,9.4,medio,nao,sim,nao,trabalhador_de_escritorio,37.1,alto
72,48,162,medio,5.7,alto,nao,nao,sim,motorista,18.3,alto
45,93,179,medio,6.8,medio,nao,sim,sim,trabalhador_de_escritorio,29.0,alto
49,51,164,alto,6.5,baixo,nao,nao,nao,medico,19.0,baixo
67,55,159,alto,8.5,baixo,nao,sim,nao,motorista,21.8,alto
24,98,149,baixo,8.0,alto,nao,nao,sim,estudante,44.1,alto
46,89,157,alto,7.9,medio,sim,nao,sim,professor,36.1,alto
25,67,195,baixo,5.8,medio,nao,nao,nao,motorista,17.6,baixo
18,72,156,baixo,8.0,medio,nao,nao,nao,estudante,29.6,alto
74,101,199,medio,8.4,alto,nao,sim,nao,medico,25.5,alto
72,70,165,baixo,8.0,medio,nao,nao,nao,agricultor,25.7,alto
20,69,181,medio,5.1,medio,nao,nao,sim,medico,21.1,baixo
41,98,150,medio,5.3,baixo,nao,nao,nao,artista,43.6,alto
40,73,151,baixo,9.6,medio,nao,nao,sim,medico,32.0,alto
76,80,170,medio,9.9,baixo,nao,nao,sim,motorista,27.7,alto
78,58,186,medio,6.9,alto,sim,sim,nao,medico,16.8,alto
25,79,192,baixo,6.9,alto,sim,nao,sim,professor,21.4,alto
71,74,152,baixo,7.2,baixo,sim,nao,sim,motorista,32.0,alto
74,61,153,alto,7.9,medio,sim,nao,sim,trabalhador_de_escritorio,26.1,alto
64,74,171,alto,4.8,medio,nao,sim,nao,trabalhador_de_escritorio,25.3,alto
54,89,148,baixo,7.3,medio,nao,nao,sim,medico,40.6,alto
20,95,165,nenhum,5.5,medio,nao,nao,sim,motorista,34.9,alto
68,91,175,alto,7.0,alto,nao,nao,sim,estudante,29.7,alto
50,97,165,medio,5.7,alto,nao,sim,sim,professor,35.6,alto
45,108,184,nenhum,6.0,medio,nao,sim,nao,trabalhador_de_escritorio,31.9,alto
64,82,169,medio,7.3,medio,nao,nao,sim,engenheiro,28.7,alto
25,108,183,medio,6.1,medio,nao,nao,sim,motorista,32.2,baixo
51,51,159,medio,5.4,alto,nao,nao,sim,artista,20.2,alto
52,66,197,baixo,9.2,medio,nao,nao,sim,motorista,17.0,alto
49,85,179,medio,5.4,medio,sim,nao,sim,estudante,26.5,alto
41,54,193,baixo,3.5,baixo,nao,nao,sim,artista,14.5,baixo
31,101,187,alto,7.9,alto,nao,sim,sim,estudante,28.9,alto
49,51,185,medio,6.6,medio,nao,nao,sim,trabalhador_de_escritorio,14.9,baixo
73,94,181,medio,7.0,medio,nao,sim,nao,trabalhador_de_escritorio,28.7,alto
63,96,186,medio,7.2,medio,nao,sim,nao,professor,27.7,alto
60,77,191,medio,8.9,baixo,nao,sim,sim,professor,21.1,alto
33,45,172,alto,9.8,alto,nao,nao,sim,trabalhador_de_escritorio,15.2,baixo
21,97,158,nenhum,7.4,medio,nao,nao,sim,engenheiro,38.9,alto
69,104,148,alto,5.2,medio,nao,nao,nao,engenheiro,47.5,alto
54,78,197,baixo,7.2,baixo,nao,sim,sim,artista,20.1,alto
71,48,164,baixo,7.9,baixo,nao,nao,sim,medico,17.8,alto
38,61,178,medio,8.5,medio,nao,sim,nao,medico,19.3,baixo
31,48,156,medio,7.2,baixo,nao,sim,sim,trabalhador_de_escritorio,19.7,baixo
48,87,177,alto,6.2,medio,nao,nao,sim,trabalhador_de_escritorio,27.8,baixo
72,48,168,medio,5.6,baixo,nao,nao,sim,trabalhador_de_escritorio,17.0,alto
65,45,164,medio,6.8,medio,nao,nao,sim,motorista,16.7,baixo
35,94,149,alto,4.7,medio,nao,nao,sim,engenheiro,42.3,alto
24,105,182,baixo,7.6,alto,nao,sim,nao,agricultor,31.7,alto
27,79,174,alto,7.3,medio,nao,nao,sim,medico,26.1,baixo
24,52,168,medio,7.3,medio,nao,nao,nao,medico,18.4,baixo
50,68,187,baixo,8.1,baixo,sim,sim,nao,agricultor,19.4,alto
40,80,184,nenhum,9.2,medio,nao,nao,nao,trabalhador_de_escritorio,23.6,baixo
38,94,151,medio,6.9,alto,nao,nao,nao,estudante,41.2,alto
36,87,180,baixo,7.1,baixo,nao,nao,nao,medico,26.9,alto
65,71,182,nenhum,6.4,baixo,nao,nao,sim,engenheiro,21.4,alto
78,76,160,nenhum,7.8,baixo,nao,nao,sim,agricultor,29.7,alto
36,62,196,baixo,7.0,medio,sim,nao,nao,engenheiro,16.1,alto
53,72,159,medio,8.7,medio,nao,nao,sim,motorista,28.5,alto
46,73,190,alto,8.7,baixo,nao,nao,sim,trabalhador_de_escritorio,20.2,baixo
77,60,167,baixo,7.5,baixo,nao,sim,sim,medico,21.5,alto
35,91,156,medio,6.9,alto,sim,nao,nao,artista,37.4,alto
19,103,173,baixo,6.6,medio,sim,sim,nao,engenheiro,34.4,alto
18,75,188,medio,7.7,medio,sim,nao,sim,agricultor,21.2,baixo
64,48,192,alto,7.7,alto,nao,sim,sim,artista,13.0,alto
22,81,159,medio,6.6,medio,nao,nao,sim,estudante,32.0,baixo
37,61,173,alto,7.4,alto,nao,sim,nao,estudante,20.4,baixo
28,83,189,medio,5.8,alto,nao,sim,sim,trabalhador_de_escritorio,23.2,alto
59,92,187,medio,7.7,baixo,nao,sim,sim,medico,26.3,alto
19,90,193,medio,6.0,medio,nao,nao,sim,medico,24.2,baixo
20,92,165,alto,8.2,medio,sim,nao,nao,artista,33.8,alto
40,83,159,alto,6.5,alto,nao,nao,nao,trabalhador_de_escritorio,32.8,alto
72,48,158,medio,9.5,medio,sim,nao,sim,trabalhador_de_escritorio,19.2,alto
29,74,186,alto,7.1,medio,sim,nao,nao,trabalhador_de_escritorio,21.4,baixo
37,74,188,nenhum,7.4,alto,nao,nao,sim,motorista,20.9,baixo
22,66,160,alto,4.9,alto,nao,nao,sim,engenheiro,25.8,alto
54,56,159,baixo,9.1,alto,sim,sim,sim,professor,22.2,alto
55,80,186,baixo,6.9,medio,nao,sim,sim,motorista,23.1,alto
47,62,148,nenhum,9.6,alto,nao,nao,sim,medico,28.3,alto
26,97,171,alto,7.1,baixo,nao,nao,sim,artista,33.2,baixo
51,45,167,alto,6.7,medio,nao,sim,sim,engenheiro,16.1,alto
70,102,173,alto,6.2,medio,nao,nao,sim,estudante,34.1,alto
61,50,185,alto,8.0,medio,nao,sim,sim,agricultor,14.6,alto
52,88,197,medio,7.8,baixo,nao,nao,sim,medico,22.7,baixo
69,68,196,alto,5.0,medio,sim,nao,sim,motorista,17.7,alto
75,63,153,alto,6.1,baixo,nao,nao,nao,estudante,26.9,alto
39,62,197,medio,8.1,medio,nao,nao,sim,estudante,16.0,baixo
61,74,196,baixo,6.0,medio,nao,nao,nao,professor,19.3,alto
41,86,187,medio,5.8,alto,nao,sim,sim,agricultor,24.6,alto
34,77,187,alto,7.3,baixo,nao,nao,nao,medico,22.0,baixo
27,56,151,alto,7.1,alto,nao,nao,sim,artista,24.6,baixo
47,71,197,alto,6.3,baixo,nao,nao,sim,professor,18.3,baixo
73,83,186,alto,9.7,medio,nao,nao,nao,trabalhador_de_escritorio,24.0,baixo
76,53,148,alto,6.8,medio,nao,sim,sim,professor,24.2,alto
63,65,149,medio,5.1,medio,sim,nao,sim,medico,29.3,alto
40,73,149,medio,4.6,alto,nao,sim,nao,professor,32.9,alto
49,77,155,baixo,8.5,medio,sim,sim,nao,motorista,32.0,alto
34,106,185,medio,5.4,medio,nao,nao,nao,medico,31.0,alto
67,59,172,medio,7.0,medio,nao,nao,sim,medico,19.9,baixo
68,46,160,alto,5.7,medio,nao,nao,nao,artista,18.0,alto
34,96,185,medio,6.8,medio,nao,nao,sim,professor,28.0,baixo
31,88,198,nenhum,7.5,baixo,nao,nao,nao,professor,22.4,baixo
26,98,174,nenhum,5.0,alto,nao,nao,nao,motorista,32.4,alto
57,62,148,medio,6.3,alto,nao,nao,sim,agricultor,28.3,alto
19,47,146,medio,6.0,medio,nao,nao,sim,estudante,22.0,baixo
62,51,190,baixo,5.6,alto,nao,sim,nao,agricultor,14.1,alto
42,87,147,baixo,6.4,medio,nao,nao,nao,engenheiro,40.3,alto
56,82,194,medio,6.1,medio,nao,nao,nao,medico,21.8,baixo
26,81,165,nenhum,8.3,medio,nao,nao,nao,estudante,29.8,alto
71,102,150,baixo,5.9,alto,nao,sim,sim,agricultor,45.3,alto
39,77,187,baixo,7.7,medio,nao,nao,sim,artista,22.0,baixo
60,103,197,medio,7.6,medio,sim,nao,nao,estudante,26.5,alto
63,55,162,medio,4.7,medio,nao,nao,sim,estudante,21.0,alto
21,66,188,baixo,6.2,medio,nao,nao,nao,engenheiro,18.7,baixo
43,88,149,alto,6.8,medio,nao,nao,nao,motorista,39.6,baixo
75,50,153,baixo,7.4,medio,nao,nao,nao,medico,21.4,alto
46,86,164,baixo,6.6,medio,nao,nao,sim,motorista,32.0,alto
62,69,172,baixo,8.6,medio,nao,sim,sim,artista,23.3,alto
51,101,170,baixo,7.2,alto,nao,nao,sim,estudante,34.9,alto
40,99,162,nenhum,7.7,alto,sim,nao,sim,engenheiro,37.7,alto
54,60,163,nenhum,6.1,medio,sim,sim,nao,agricultor,22.6,alto
28,58,147,medio,7.7,alto,sim,nao,sim,engenheiro,26.8,alto
23,83,153,medio,9.9,alto,nao,sim,nao,professor,35.5,alto
35,72,180,medio,7.8,baixo,nao,nao,sim,motorista,22.2,baixo
38,95,175,medio,8.7,alto,nao,nao,nao,engenheiro,31.0,alto
59,93,193,nenhum,6.6,baixo,nao,nao,nao,motorista,25.0,alto
53,53,161,alto,8.4,medio,sim,nao,nao,estudante,20.4,alto
58,102,199,nenhum,8.5,medio,sim,sim,sim,trabalhador_de_escritorio,25.8,alto
55,89,167,medio,7.4,medio,nao,sim,sim,trabalhador_de_escritorio,31.9,alto
51,66,178,nenhum,6.9,medio,sim,sim,nao,engenheiro,20.8,alto
34,76,185,alto,4.8,medio,sim,nao,sim,trabalhador_de_escritorio,22.2,alto
54,86,185,medio,7.0,baixo,nao,nao,sim,engenheiro,25.1,alto
42,97,149,nenhum,7.8,alto,nao,nao,nao,motorista,43.7,alto
55,103,159,medio,5.9,medio,sim,nao,sim,estudante,40.7,alto
75,83,191,nenhum,5.1,alto,nao,nao,sim,artista,22.8,alto
29,59,147,medio,7.2,medio,nao,nao,sim,artista,27.3,baixo
40,73,163,medio,7.3,medio,sim,nao,sim,engenheiro,27.5,alto
70,47,172,baixo,5.0,medio,nao,nao,nao,engenheiro,15.9,alto
59,54,147,baixo,7.1,medio,nao,sim,sim,estudante,25.0,alto
39,73,182,nenhum,7.4,baixo,sim,nao,nao,trabalhador_de_escritorio,22.0,alto
38,79,148,medio,9.0,medio,nao,sim,sim,medico,36.1,alto
44,50,168,baixo,6.3,baixo,nao,nao,nao,engenheiro,17.7,baixo
74,56,175,medio,10.0,medio,nao,nao,sim,engenheiro,18.3,baixo
48,82,189,alto,7.1,alto,nao,sim,nao,professor,23.0,baixo
23,63,189,baixo,5.2,baixo,nao,nao,nao,professor,17.6,baixo
44,52,155,alto,6.5,medio,nao,sim,nao,agricultor,21.6,baixo
57,52,181,medio,5.3,medio,nao,sim,sim,trabalhador_de_escritorio,15.9,alto
51,91,145,baixo,6.7,baixo,nao,nao,sim,medico,43.3,alto
29,48,153,medio,7.7,baixo,sim,nao,sim,artista,20.5,baixo
62,95,161,medio,7.4,baixo,nao,nao,nao,engenheiro,36.6,alto
74,89,198,medio,5.3,baixo,sim,nao,sim,artista,22.7,alto
70,52,145,nenhum,5.1,baixo,nao,nao,nao,engenheiro,24.7,alto
24,60,147,baixo,7.6,medio,nao,sim,nao,trabalhador_de_escritorio,27.8,alto
27,53,191,medio,8.0,medio,nao,nao,sim,agricultor,14.5,baixo
62,104,170,medio,6.3,alto,nao,nao,sim,agricultor,36.0,alto
34,59,197,medio,3.2,alto,nao,sim,nao,professor,15.2,alto
43,85,175,baixo,5.3,medio,nao,sim,sim,artista,27.8,alto
38,66,170,alto,8.5,medio,nao,nao,sim,trabalhador_de_escritorio,22.8,baixo
45,68,167,alto,5.9,medio,sim,nao,nao,agricultor,24.4,alto
79,88,174,nenhum,6.5,medio,nao,sim,sim,agricultor,29.1,alto
75,45,154,nenhum,7.8,medio,nao,sim,nao,artista,19.0,alto
63,54,152,alto,6.5,medio,nao,nao,nao,medico,23.4,baixo
19,100,188,alto,9.1,alto,nao,sim,sim,professor,28.3,alto
77,94,169,medio,6.4,baixo,nao,nao,sim,professor,32.9,alto
71,56,166,alto,5.7,medio,nao,nao,nao,professor,20.3,alto
60,104,159,medio,8.8,medio,nao,nao,nao,motorista,41.1,alto
18,70,185,baixo,7.1,alto,nao,sim,sim,agricultor,20.5,alto
68,85,154,medio,5.4,baixo,nao,sim,sim,engenheiro,35.8,alto
70,80,164,medio,7.7,baixo,sim,nao,sim,motorista,29.7,alto
53,67,185,alto,6.6,alto,nao,nao,nao,estudante,19.6,alto
68,87,191,baixo,5.3,baixo,nao,nao,sim,agricultor,23.8,alto
43,50,167,medio,7.1,medio,nao,nao,sim,agricultor,17.9,baixo
46,87,197,medio,6.8,alto,nao,sim,nao,artista,22.4,baixo
38,69,197,baixo,4.5,alto,nao,nao,sim,estudante,17.8,alto
28,62,145,baixo,5.4,baixo,nao,nao,sim,estudante,29.5,alto
57,106,146,alto,9.8,medio,nao,nao,nao,trabalhador_de_escritorio,49.7,alto
28,57,163,medio,7.1,baixo,nao,nao,sim,artista,21.5,baixo
53,87,158,medio,9.0,medio,nao,nao,nao,professor,34.9,alto
66,72,152,alto,7.5,medio,sim,nao,sim,professor,31.2,alto
76,62,182,baixo,8.9,alto,nao,sim,sim,artista,18.7,alto
56,103,156,alto,7.8,medio,nao,sim,sim,medico,42.3,alto
57,104,170,medio,5.6,medio,nao,sim,nao,professor,36.0,alto
52,107,171,medio,7.9,medio,nao,nao,sim,agricultor,36.6,alto
71,101,173,medio,5.6,baixo,nao,sim,sim,trabalhador_de_escritorio,33.7,alto
51,95,159,alto,8.4,medio,sim,nao,sim,medico,37.6,alto
72,100,190,baixo,7.3,baixo,nao,nao,sim,agricultor,27.7,alto
64,71,197,baixo,7.0,alto,nao,sim,nao,agricultor,18.3,alto
41,76,145,baixo,6.3,medio,nao,nao,sim,estudante,36.1,alto
71,53,187,baixo,8.2,baixo,sim,nao,nao,motorista,15.2,alto
39,90,172,medio,6.8,medio,nao,nao,nao,medico,30.4,baixo
22,70,147,alto,4.1,baixo,nao,nao,sim,motorista,32.4,alto
73,52,195,alto,4.4,baixo,nao,nao,sim,estudante,13.7,alto
50,50,162,baixo,5.1,alto,nao,sim,sim,agricultor,19.1,alto
75,68,196,medio,8.2,alto,nao,nao,nao,agricultor,17.7,alto
53,92,178,medio,8.3,baixo,nao,nao,sim,estudante,29.0,alto
64,89,176,nenhum,7.5,medio,sim,nao,sim,motorista,28.7,alto
37,57,173,alto,7.5,medio,nao,nao,nao,estudante,19.0,baixo
36,69,169,alto,9.2,medio,sim,nao,nao,trabalhador_de_escritorio,24.2,baixo
52,64,170,alto,7.5,medio,nao,nao,sim,trabalhador_de_escritorio,22.1,baixo
69,89,183,baixo,8.0,baixo,nao,sim,nao,motorista,26.6,alto
60,91,152,medio,7.0,baixo,nao,nao,sim,trabalhador_de_escritorio,39.4,alto
34,107,163,nenhum,6.3,baixo,nao,nao,sim,professor,40.3,alto
79,99,198,baixo,6.6,baixo,nao,nao,sim,medico,25.3,alto
76,63,191,medio,10.0,baixo,nao,nao,nao,trabalhador_de_escritorio,17.3,baixo
62,79,186,alto,5.4,medio,nao,nao,sim,agricultor,22.8,alto
60,97,166,alto,7.5,medio,nao,nao,sim,professor,35.2,alto
51,70,173,alto,4.7,medio,sim,nao,sim,medico,23.4,alto
26,58,177,alto,6.1,medio,sim,nao,sim,trabalhador_de_escritorio,18.5,baixo
43,89,182,nenhum,8.2,baixo,nao,nao,sim,trabalhador_de_escritorio,26.9,alto
19,88,189,medio,4.3,baixo,nao,nao,sim,medico,24.6,baixo
70,109,190,nenhum,8.4,alto,nao,sim,sim,trabalhador_de_escritorio,30.2,alto
26,95,179,baixo,10.0,baixo,nao,nao,sim,motorista,29.6,alto
26,87,187,medio,7.5,alto,nao,nao,sim,medico,24.9,baixo
57,67,147,medio,8.9,medio,nao,sim,sim,medico,31.0,alto
34,100,163,medio,7.4,alto,nao,nao,sim,estudante,37.6,alto
18,63,154,nenhum,8.1,medio,sim,nao,sim,agricultor,26.6,alto
42,99,171,nenhum,7.7,baixo,nao,nao,sim,artista,33.9,alto
78,104,159,nenhum,6.2,medio,sim,nao,nao,medico,41.1,alto
60,103,155,nenhum,6.1,medio,nao,nao,sim,artista,42.9,alto
57,77,191,baixo,8.8,medio,nao,sim,sim,engenheiro,21.1,alto
59,63,170,medio,6.9,medio,nao,nao,nao,trabalhador_de_escritorio,21.8,baixo
42,72,168,alto,6.8,baixo,nao,sim,sim,artista,25.5,alto
56,96,157,medio,6.8,medio,nao,nao,nao,agricultor,38.9,alto
52,93,176,medio,7.5,alto,nao,nao,sim,artista,30.0,alto
20,81,181,baixo,5.2,alto,nao,nao,sim,professor,24.7,alto
67,70,148,alto,6.7,medio,nao,nao,sim,artista,32.0,alto
54,84,157,baixo,7.5,baixo,nao,nao,nao,artista,34.1,alto
61,82,153,alto,5.1,baixo,nao,nao,sim,engenheiro,35.0,alto
61,98,193,alto,7.3,alto,nao,sim,nao,medico,26.3,alto
68,66,178,alto,5.7,alto,nao,nao,sim,professor,20.8,alto
47,60,181,nenhum,7.5,alto,nao,nao,nao,artista,18.3,baixo
55,72,192,medio,10.0,medio,nao,sim,sim,professor,19.5,alto
51,79,151,nenhum,6.8,alto,nao,nao,nao,professor,34.6,alto
29,104,145,nenhum,5.4,alto,nao,sim,nao,professor,49.5,alto
36,89,156,nenhum,7.4,medio,sim,nao,nao,estudante,36.6,alto
54,90,165,alto,7.7,medio,sim,nao,sim,agricultor,33.1,alto
61,99,155,alto,5.6,baixo,nao,nao,nao,agricultor,41.2,alto
76,70,188,baixo,4.4,medio,nao,nao,nao,professor,19.8,alto
76,69,195,medio,5.6,alto,nao,nao,sim,engenheiro,18.1,alto
66,109,188,alto,6.9,baixo,sim,nao,nao,estudante,30.8,alto
78,50,188,medio,6.3,medio,nao,nao,sim,trabalhador_de_escritorio,14.1,baixo
34,67,158,baixo,8.6,medio,nao,nao,sim,motorista,26.8,alto
27,108,178,medio,7.8,alto,nao,nao,nao,trabalhador_de_escritorio,34.1,alto
74,87,178,medio,7.2,medio,sim,nao,nao,agricultor,27.5,alto
72,67,169,medio,4.4,alto,nao,sim,sim,engenheiro,23.5,alto
66,74,148,medio,7.9,medio,sim,nao,nao,engenheiro,33.8,alto
64,62,196,medio,10.0,medio,sim,nao,nao,medico,16.1,alto
29,65,199,baixo,8.3,baixo,nao,sim,sim,estudante,16.4,baixo
79,101,170,baixo,6.0,medio,sim,sim,sim,estudante,34.9,alto
33,67,160,nenhum,6.8,medio,nao,sim,nao,agricultor,26.2,alto
41,89,154,medio,7.7,medio,nao,nao,sim,engenheiro,37.5,baixo
36,88,189,nenhum,9.1,baixo,nao,nao,sim,engenheiro,24.6,baixo
25,91,146,alto,5.9,alto,nao,nao,sim,trabalhador_de_escritorio,42.7,alto
48,84,179,medio,6.3,medio,nao,nao,nao,engenheiro,26.2,baixo
38,95,163,medio,6.9,alto,nao,nao,nao,engenheiro,35.8,alto
34,86,150,alto,6.8,medio,nao,nao,sim,artista,38.2,baixo
40,51,163,alto,8.2,baixo,sim,sim,sim,professor,19.2,alto
54,94,197,alto,7.4,medio,nao,sim,nao,artista,24.2,alto
71,92,196,medio,4.9,alto,nao,nao,sim,estudante,23.9,alto
33,50,195,baixo,6.0,medio,sim,nao,nao,trabalhador_de_escritorio,13.1,alto
23,53,152,alto,6.1,medio,nao,nao,sim,trabalhador_de_escritorio,22.9,baixo
25,101,158,alto,3.7,alto,nao,nao,sim,professor,40.5,alto
42,75,154,alto,8.4,baixo,sim,sim,sim,trabalhador_de_escritorio,31.6,alto
35,65,147,medio,7.2,medio,sim,sim,sim,estudante,30.1,alto
42,84,182,medio,6.2,medio,nao,nao,sim,medico,25.4,baixo
29,89,173,nenhum,8.4,baixo,nao,nao,nao,motorista,29.7,alto
32,93,159,medio,7.5,medio,nao,nao,sim,medico,36.8,baixo
76,64,167,nenhum,5.1,medio,nao,nao,nao,agricultor,22.9,alto
43,61,167,baixo,7.9,medio,nao,sim,sim,estudante,21.9,baixo
58,72,162,medio,9.1,baixo,nao,nao,sim,motorista,27.4,alto
62,85,190,medio,6.8,medio,sim,sim,nao,trabalhador_de_escritorio,23.5,alto
43,69,163,nenhum,6.9,medio,nao,nao,sim,trabalhador_de_escritorio,26.0,alto
64,102,172,alto,7.2,medio,sim,nao,sim,medico,34.5,alto
49,85,170,alto,5.2,alto,sim,nao,sim,agricultor,29.4,alto
27,50,154,medio,7.2,baixo,nao,nao,nao,artista,21.1,baixo
33,82,191,medio,5.7,medio,nao,nao,nao,agricultor,22.5,baixo
24,50,148,alto,7.0,medio,nao,nao,sim,medico,22.8,baixo
34,89,199,nenhum,7.2,medio,nao,nao,nao,medico,22.5,baixo
40,58,146,medio,7.8,medio,nao,nao,sim,estudante,27.2,baixo
43,84,147,nenhum,7.9,medio,nao,nao,nao,motorista,38.9,alto
38,47,151,baixo,5.6,medio,nao,nao,nao,professor,20.6,baixo
39,68,199,medio,7.3,medio,nao,nao,sim,estudante,17.2,baixo
75,63,160,medio,8.4,medio,nao,nao,nao,agricultor,24.6,baixo
24,62,175,nenhum,5.3,medio,nao,nao,sim,agricultor,20.2,baixo
31,108,154,baixo,9.6,medio,nao,sim,nao,professor,45.5,alto
32,79,163,medio,5.5,alto,sim,sim,sim,medico,29.7,alto
70,106,172,medio,9.4,baixo,nao,nao,nao,artista,35.8,alto
24,45,161,medio,5.6,alto,nao,sim,sim,professor,17.4,alto
26,69,172,baixo,6.9,baixo,sim,nao,sim,professor,23.3,alto
68,89,163,medio,6.7,medio,nao,nao,nao,engenheiro,33.5,alto
65,93,181,baixo,4.9,medio,nao,nao,sim,agricultor,28.4,alto
25,60,167,baixo,8.0,baixo,nao,nao,sim,medico,21.5,baixo
67,63,164,medio,8.1,alto,sim,nao,sim,engenheiro,23.4,alto
76,67,157,medio,7.9,medio,nao,nao,sim,motorista,27.2,alto
40,69,157,nenhum,6.6,baixo,nao,nao,nao,estudante,28.0,alto
46,60,187,nenhum,5.9,medio,nao,nao,nao,engenheiro,17.2,baixo
35,98,155,medio,8.6,medio,nao,sim,sim,artista,40.8,alto
48,45,192,baixo,7.3,alto,nao,nao,nao,engenheiro,12.2,baixo
47,86,159,baixo,5.9,medio,sim,nao,nao,medico,34.0,alto
69,63,161,medio,7.3,baixo,nao,nao,sim,professor,24.3,baixo
56,78,198,baixo,4.5,baixo,nao,nao,sim,medico,19.9,alto
52,99,194,nenhum,7.2,medio,nao,nao,nao,agricultor,26.3,alto
35,62,172,alto,8.0,medio,nao,nao,sim,motorista,21.0,baixo
76,78,163,medio,6.7,alto,nao,nao,sim,artista,29.4,alto
59,89,148,medio,8.1,medio,nao,nao,nao,motorista,40.6,alto
56,50,166,medio,8.2,alto,sim,nao,nao,estudante,18.1,alto
34,65,166,medio,7.4,alto,nao,nao,nao,motorista,23.6,baixo
31,92,199,alto,9.7,medio,sim,sim,nao,artista,23.2,alto
48,83,181,medio,9.0,baixo,nao,sim,sim,estudante,25.3,alto
41,75,183,baixo,7.9,baixo,nao,nao,nao,agricultor,22.4,baixo
52,54,178,medio,7.5,medio,nao,nao,nao,professor,17.0,baixo
61,74,177,medio,6.6,medio,nao,nao,sim,medico,23.6,baixo
77,62,188,medio,6.0,baixo,sim,nao,nao,professor,17.5,alto
62,104,186,medio,8.2,medio,sim,nao,sim,professor,30.1,alto
51,59,184,alto,6.7,medio,nao,sim,sim,medico,17.4,alto
20,48,177,medio,5.5,baixo,nao,nao,nao,agricultor,15.3,baixo
54,107,156,baixo,5.8,medio,nao,nao,nao,medico,44.0,alto
60,84,146,nenhum,6.0,baixo,nao,nao,sim,motorista,39.4,alto
57,53,172,medio,9.6,medio,nao,sim,sim,agricultor,17.9,alto
43,53,154,nenhum,8.3,baixo,nao,nao,nao,trabalhador_de_escritorio,22.3,baixo
72,70,166,baixo,7.1,alto,nao,nao,sim,trabalhador_de_escritorio,25.4,alto
40,48,161,baixo,7.6,baixo,sim,nao,nao,trabalhador_de_escritorio,18.5,alto
61,60,170,baixo,7.8,alto,nao,nao,sim,motorista,20.8,alto
56,59,147,alto,5.7,medio,nao,nao,sim,artista,27.3,alto
32,96,151,baixo,5.2,medio,nao,nao,sim,artista,42.1,alto
73,49,188,baixo,8.6,medio,nao,sim,sim,estudante,13.9,alto
66,64,152,nenhum,5.0,medio,sim,sim,sim,engenheiro,27.7,alto
21,62,164,medio,7.0,baixo,nao,nao,sim,estudante,23.1,baixo
46,46,156,baixo,5.9,medio,sim,nao,sim,agricultor,18.9,alto
39,57,179,medio,7.3,alto,nao,nao,sim,agricultor,17.8,baixo
42,48,161,baixo,6.6,alto,nao,nao,sim,medico,18.5,baixo
30,86,172,medio,7.8,medio,nao,nao,nao,agricultor,29.1,baixo
35,105,185,alto,3.5,medio,nao,nao,sim,medico,30.7,alto
50,52,154,nenhum,8.7,medio,nao,nao,sim,engenheiro,21.9,baixo
33,107,166,medio,8.1,medio,sim,nao,sim,medico,38.8,alto
62,53,182,medio,8.5,alto,nao,nao,sim,trabalhador_de_escritorio,16.0,alto
59,55,177,medio,8.3,medio,nao,nao,nao,medico,17.6,baixo
61,86,166,medio,7.5,alto,nao,nao,sim,medico,31.2,alto
79,57,188,medio,6.0,medio,nao,nao,nao,medico,16.1,baixo
19,80,181,medio,7.7,medio,sim,nao,sim,agricultor,24.4,baixo
72,57,157,medio,7.4,alto,nao,nao,sim,professor,23.1,alto
52,56,171,baixo,8.3,alto,nao,nao,sim,estudante,19.2,alto
59,81,159,nenhum,7.9,medio,nao,sim,nao,professor,32.0,alto
51,96,166,medio,7.1,medio,nao,nao,sim,motorista,34.8,alto
47,46,174,alto,7.6,baixo,nao,nao,nao,professor,15.2,baixo
76,100,187,alto,7.8,baixo,nao,sim,sim,motorista,28.6,alto
72,104,184,alto,8.6,medio,nao,nao,sim,agricultor,30.7,alto
30,67,181,medio,9.6,medio,sim,nao,nao,trabalhador_de_escritorio,20.5,baixo
30,84,178,medio,7.9,medio,nao,sim,sim,professor,26.5,alto
35,108,188,medio,7.8,medio,sim,nao,nao,professor,30.6,alto
49,67,178,medio,6.7,medio,nao,nao,sim,artista,21.1,baixo
49,73,192,medio,6.5,medio,nao,sim,nao,artista,19.8,baixo
52,95,197,baixo,5.9,alto,nao,nao,nao,engenheiro,24.5,alto
76,75,179,baixo,3.0,baixo,nao,nao,nao,estudante,23.4,alto
56,94,186,medio,5.7,alto,nao,nao,nao,estudante,27.2,alto
63,64,163,medio,6.7,medio,nao,nao,nao,artista,24.1,baixo
69,99,152,baixo,6.5,medio,nao,nao,sim,motorista,42.8,alto
46,46,183,baixo,7.7,alto,sim,nao,nao,motorista,13.7,alto
79,69,177,alto,5.8,medio,nao,sim,sim,estudante,22.0,alto
66,57,188,medio,5.9,baixo,nao,nao,sim,engenheiro,16.1,alto
46,102,172,medio,3.8,baixo,nao,nao,nao,trabalhador_de_escritorio,34.5,alto
79,108,181,medio,7.7,baixo,nao,nao,nao,estudante,33.0,alto
70,103,192,medio,5.7,medio,nao,nao,sim,medico,27.9,alto
61,104,169,nenhum,5.9,baixo,sim,sim,nao,medico,36.4,alto
74,106,180,medio,7.8,baixo,nao,sim,nao,engenheiro,32.7,alto
33,60,161,medio,5.7,medio,nao,nao,sim,engenheiro,23.1,baixo
73,59,168,baixo,7.6,medio,nao,nao,nao,trabalhador_de_escritorio,20.9,alto
61,99,165,baixo,5.2,medio,nao,nao,sim,trabalhador_de_escritorio,36.4,alto
64,79,146,nenhum,7.0,medio,nao,nao,nao,agricultor,37.1,alto
74,99,175,medio,6.1,medio,nao,nao,sim,medico,32.3,alto
27,58,188,nenhum,6.6,baixo,nao,nao,sim,agricultor,16.4,baixo
47,93,177,medio,9.3,medio,nao,nao,sim,professor,29.7,baixo
42,51,174,medio,4.5,alto,nao,nao,sim,motorista,16.8,baixo
56,74,156,alto,9.1,medio,nao,sim,sim,motorista,30.4,alto
37,93,188,medio,5.6,medio,nao,nao,sim,trabalhador_de_escritorio,26.3,alto
22,60,156,baixo,8.3,alto,nao,nao,nao,medico,24.7,baixo
18,95,195,medio,8.6,alto,nao,nao,sim,medico,25.0,baixo
47,86,193,medio,7.6,medio,nao,sim,sim,agricultor,23.1,baixo
66,61,196,nenhum,5.2,medio,nao,nao,sim,engenheiro,15.9,alto
20,107,168,medio,7.4,medio,nao,nao,nao,engenheiro,37.9,baixo
62,89,168,alto,10.0,medio,sim,nao,sim,trabalhador_de_escritorio,31.5,alto
31,51,155,baixo,7.0,medio,nao,nao,sim,artista,21.2,baixo
73,71,157,medio,6.8,baixo,nao,nao,sim,motorista,28.8,alto
47,54,171,alto,6.7,medio,nao,sim,nao,engenheiro,18.5,baixo
67,78,152,medio,7.8,baixo,nao,sim,sim,professor,33.8,alto
21,80,154,medio,6.9,medio,nao,nao,sim,medico,33.7,baixo
35,69,152,baixo,7.4,medio,nao,sim,nao,engenheiro,29.9,alto
79,50,164,baixo,6.6,alto,nao,nao,sim,trabalhador_de_escritorio,18.6,alto
54,68,152,medio,5.4,alto,sim,nao,nao,professor,29.4,alto
42,62,153,medio,10.0,medio,sim,nao,nao,motorista,26.5,alto
65,50,151,alto,6.9,alto,nao,nao,sim,motorista,21.9,alto
18,73,158,baixo,10.0,alto,nao,nao,nao,agricultor,29.2,alto
70,69,172,medio,7.6,alto,nao,sim,sim,agricultor,23.3,alto
63,99,146,baixo,7.9,baixo,nao,nao,sim,professor,46.4,alto
32,90,187,nenhum,6.5,medio,sim,nao,nao,trabalhador_de_escritorio,25.7,alto
26,68,152,medio,6.1,medio,nao,nao,sim,estudante,29.4,baixo
32,70,157,baixo,6.6,baixo,nao,nao,sim,artista,28.4,alto
66,72,165,baixo,5.8,alto,nao,nao,nao,estudante,26.4,alto
74,47,191,baixo,5.6,baixo,nao,nao,sim,agricultor,12.9,alto
41,82,172,baixo,9.7,medio,nao,sim,sim,medico,27.7,alto
21,105,179,alto,8.2,baixo,nao,nao,sim,motorista,32.8,baixo
29,95,167,medio,9.2,medio,sim,nao,sim,motorista,34.1,alto
76,92,190,nenhum,8.7,medio,nao,sim,sim,medico,25.5,alto
75,65,159,alto,6.1,medio,nao,nao,nao,estudante,25.7,alto
54,98,146,medio,4.7,medio,nao,nao,nao,motorista,46.0,alto
78,100,195,alto,6.3,medio,nao,sim,sim,motorista,26.3,alto
54,103,156,baixo,7.1,medio,nao,nao,sim,motorista,42.3,alto
60,95,196,medio,8.7,medio,nao,sim,nao,trabalhador_de_escritorio,24.7,alto
77,64,180,alto,6.9,medio,nao,nao,nao,estudante,19.8,baixo
23,103,147,baixo,10.0,baixo,nao,nao,sim,trabalhador_de_escritorio,47.7,alto
56,53,149,alto,6.4,baixo,nao,nao,sim,artista,23.9,baixo
73,45,147,alto,7.9,medio,nao,sim,sim,medico,20.8,alto
63,73,191,alto,6.1,medio,nao,sim,sim,trabalhador_de_escritorio,20.0,alto
41,107,163,baixo,7.6,baixo,nao,nao,sim,professor,40.3,alto
28,100,146,baixo,6.8,baixo,nao,nao,sim,trabalhador_de_escritorio,46.9,alto
79,79,188,baixo,6.6,medio,nao,nao,sim,estudante,22.4,alto
30,47,181,alto,6.1,medio,nao,nao,sim,motorista,14.3,baixo
51,51,198,baixo,7.2,medio,sim,nao,sim,medico,13.0,alto
42,71,161,medio,8.3,medio,sim,sim,sim,estudante,27.4,alto
24,45,158,medio,5.5,baixo,sim,nao,sim,artista,18.0,alto
69,88,172,baixo,6.9,medio,sim,nao,nao,engenheiro,29.7,alto
21,85,171,baixo,7.7,medio,nao,sim,nao,estudante,29.1,alto
76,86,198,medio,8.0,medio,nao,sim,nao,estudante,21.9,alto
25,77,154,alto,9.8,alto,nao,nao,sim,artista,32.5,alto
37,94,147,nenhum,7.9,medio,sim,nao,sim,trabalhador_de_escritorio,43.5,alto
46,107,180,alto,6.4,medio,nao,nao,sim,agricultor,33.0,baixo
71,81,182,medio,6.1,baixo,nao,nao,sim,professor,24.5,baixo
70,103,169,medio,6.1,baixo,nao,nao,nao,artista,36.1,alto
68,92,166,medio,6.0,baixo,nao,nao,sim,professor,33.4,alto
62,49,192,baixo,7.3,medio,sim,nao,nao,professor,13.3,alto
63,92,183,medio,7.6,medio,nao,nao,sim,estudante,27.5,alto
27,47,191,medio,8.2,medio,nao,nao,nao,estudante,12.9,baixo
60,91,174,baixo,8.0,medio,nao,nao,sim,agricultor,30.1,alto
51,106,165,medio,8.9,alto,nao,nao,nao,agricultor,38.9,alto
74,58,174,nenhum,6.0,baixo,sim,nao,sim,professor,19.2,alto
43,107,172,medio,9.5,baixo,nao,sim,sim,professor,36.2,alto
58,105,175,medio,6.1,baixo,sim,nao,nao,professor,34.3,alto
66,75,196,medio,7.5,medio,nao,nao,sim,trabalhador_de_escritorio,19.5,baixo
75,61,170,nenhum,6.7,baixo,nao,sim,nao,motorista,21.1,alto
20,68,187,alto,7.0,medio,nao,nao,sim,agricultor,19.4,baixo
73,67,166,baixo,8.0,medio,sim,nao,sim,medico,24.3,alto
23,94,165,medio,4.8,baixo,nao,nao,sim,artista,34.5,alto
22,71,145,medio,5.8,baixo,nao,nao,sim,motorista,33.8,alto
22,59,181,medio,8.1,medio,nao,nao,nao,trabalhador_de_escritorio,18.0,baixo
71,94,157,baixo,7.0,baixo,nao,sim,sim,medico,38.1,alto
64,80,165,medio,6.6,baixo,nao,sim,nao,trabalhador_de_escritorio,29.4,alto
40,52,190,baixo,5.3,medio,sim,nao,sim,trabalhador_de_escritorio,14.4,alto
66,47,153,medio,6.6,medio,nao,nao,nao,medico,20.1,baixo
26,106,161,medio,8.0,baixo,nao,sim,sim,professor,40.9,alto
52,91,191,medio,6.2,medio,sim,nao,sim,motorista,24.9,alto
37,105,165,medio,9.0,baixo,nao,nao,sim,medico,38.6,baixo
75,76,175,alto,8.6,medio,nao,sim,nao,engenheiro,24.8,alto
66,57,183,baixo,6.5,alto,sim,nao,sim,agricultor,17.0,alto
78,45,198,alto,6.1,alto,nao,sim,sim,engenheiro,11.5,alto
76,78,166,nenhum,3.0,medio,nao,sim,sim,motorista,28.3,alto
59,106,156,medio,5.4,medio,nao,nao,nao,trabalhador_de_escritorio,43.6,alto
52,75,199,medio,5.3,medio,nao,nao,sim,medico,18.9,alto
67,108,150,medio,4.9,baixo,nao,nao,sim,professor,48.0,alto
35,69,197,baixo,6.9,medio,nao,nao,sim,motorista,17.8,baixo
79,82,160,medio,7.5,alto,nao,nao,sim,professor,32.0,alto
34,58,170,baixo,9.7,medio,nao,nao,sim,artista,20.1,baixo
41,52,149,baixo,7.1,medio,nao,nao,sim,artista,23.4,baixo
20,98,153,nenhum,3.9,medio,nao,sim,sim,engenheiro,41.9,alto
49,46,190,medio,5.9,baixo,nao,sim,nao,artista,12.7,baixo
52,100,184,nenhum,7.9,medio,nao,nao,nao,engenheiro,29.5,alto
55,105,158,baixo,6.9,baixo,nao,nao,sim,trabalhador_de_escritorio,42.1,alto
30,66,188,nenhum,8.3,baixo,nao,sim,sim,agricultor,18.7,baixo
73,79,186,baixo,6.2,baixo,nao,nao,sim,trabalhador_de_escritorio,22.8,alto
78,60,174,alto,8.7,medio,sim,nao,nao,motorista,19.8,alto
64,94,196,alto,7.4,baixo,nao,nao,sim,professor,24.5,baixo
42,87,196,nenhum,7.4,medio,nao,nao,nao,motorista,22.6,baixo
26,61,170,medio,7.2,medio,nao,nao,sim,artista,21.1,baixo
21,102,197,medio,5.9,baixo,nao,nao,sim,medico,26.3,alto
31,46,189,medio,6.9,baixo,nao,nao,sim,engenheiro,12.9,baixo
54,48,173,medio,7.4,baixo,nao,nao,nao,professor,16.0,baixo
51,83,163,baixo,4.9,medio,nao,nao,nao,artista,31.2,alto
28,50,191,medio,7.1,baixo,sim,nao,nao,trabalhador_de_escritorio,13.7,baixo
58,64,152,baixo,8.8,medio,nao,nao,nao,agricultor,27.7,alto
73,108,167,nenhum,7.7,medio,sim,sim,sim,medico,38.7,alto
20,60,197,medio,9.1,medio,nao,nao,sim,agricultor,15.5,baixo
76,95,186,medio,7.6,medio,sim,sim,sim,trabalhador_de_escritorio,27.5,alto
45,81,179,baixo,5.7,medio,nao,nao,nao,estudante,25.3,alto
46,86,175,medio,8.2,medio,nao,sim,sim,trabalhador_de_escritorio,28.1,alto
26,101,197,medio,5.3,alto,nao,nao,nao,professor,26.0,alto
20,53,179,alto,6.7,baixo,nao,nao,sim,artista,16.5,baixo
42,108,176,medio,6.6,alto,nao,sim,nao,medico,34.9,alto
51,66,149,medio,6.0,alto,nao,nao,nao,motorista,29.7,alto
29,78,160,medio,10.0,baixo,sim,nao,nao,trabalhador_de_escritorio,30.5,alto
59,99,161,baixo,6.9,alto,nao,nao,nao,estudante,38.2,alto
26,73,176,nenhum,9.7,medio,nao,nao,sim,estudante,23.6,baixo
32,82,182,baixo,7.5,alto,nao,nao,sim,professor,24.8,baixo
57,62,176,medio,5.8,medio,nao,nao,nao,trabalhador_de_escritorio,20.0,alto
42,109,196,medio,6.4,medio,nao,nao,sim,professor,28.4,baixo
22,45,164,alto,6.9,baixo,nao,nao,sim,estudante,16.7,baixo
28,48,192,medio,6.5,medio,nao,nao,sim,agricultor,13.0,baixo
76,48,146,baixo,6.6,baixo,nao,nao,nao,professor,22.5,alto
51,71,164,baixo,7.9,medio,nao,nao,sim,motorista,26.4,alto
41,87,191,nenhum,7.5,alto,sim,nao,sim,agricultor,23.8,alto
77,103,162,medio,8.0,baixo,sim,sim,nao,engenheiro,39.2,alto
32,76,145,medio,9.3,medio,sim,nao,nao,trabalhador_de_escritorio,36.1,alto
55,77,173,alto,6.3,baixo,nao,nao,sim,engenheiro,25.7,alto
25,72,173,medio,8.7,baixo,nao,nao,nao,medico,24.1,baixo
76,99,163,alto,9.1,medio,nao,nao,nao,estudante,37.3,alto
22,104,188,medio,8.9,baixo,nao,nao,sim,engenheiro,29.4,baixo
65,106,184,alto,4.4,alto,nao,nao,sim,artista,31.3,alto
43,78,150,medio,9.7,baixo,sim,sim,sim,professor,34.7,alto
35,100,188,medio,6.0,baixo,nao,sim,nao,professor,28.3,alto
23,57,183,medio,4.2,baixo,nao,sim,sim,estudante,17.0,baixo
54,100,194,medio,9.7,medio,nao,nao,nao,medico,26.6,alto
77,62,198,medio,7.8,baixo,sim,nao,nao,medico,15.8,alto
65,98,190,nenhum,7.8,medio,sim,nao,sim,trabalhador_de_escritorio,27.1,alto
30,87,152,nenhum,6.5,medio,nao,nao,sim,estudante,37.7,alto
45,83,168,medio,7.3,baixo,nao,nao,sim,artista,29.4,baixo
22,105,164,medio,6.8,baixo,nao,nao,sim,professor,39.0,baixo
30,86,198,nenhum,6.1,alto,sim,nao,sim,artista,21.9,alto
34,62,158,baixo,7.0,medio,nao,nao,sim,artista,24.8,baixo
67,67,149,baixo,7.2,medio,nao,nao,nao,medico,30.2,alto
57,98,185,medio,5.0,medio,nao,nao,sim,artista,28.6,alto
62,74,184,baixo,7.1,medio,nao,nao,sim,motorista,21.9,alto
49,102,178,nenhum,4.3,medio,nao,nao,sim,artista,32.2,alto
79,62,160,baixo,9.9,alto,nao,nao,sim,engenheiro,24.2,alto
46,51,189,baixo,6.8,baixo,nao,nao,nao,artista,14.3,baixo
68,84,151,alto,5.4,baixo,sim,nao,sim,professor,36.8,alto
75,109,160,baixo,7.8,medio,nao,nao,sim,estudante,42.6,alto
20,93,151,medio,5.9,alto,nao,nao,nao,artista,40.8,alto
73,96,171,medio,7.0,baixo,nao,nao,sim,motorista,32.8,alto
57,73,158,alto,7.7,medio,nao,nao,sim,estudante,29.2,alto
51,65,158,baixo,5.5,medio,sim,sim,nao,artista,26.0,alto
57,53,188,baixo,9.9,medio,sim,nao,sim,medico,15.0,alto
44,91,177,nenhum,10.0,baixo,nao,sim,sim,artista,29.0,alto
30,86,177,baixo,6.2,medio,sim,nao,sim,estudante,27.5,alto
62,95,188,medio,5.3,baixo,nao,nao,sim,trabalhador_de_escritorio,26.9,alto
50,100,164,nenhum,6.2,baixo,nao,sim,nao,artista,37.2,alto
23,95,197,baixo,6.3,baixo,nao,sim,nao,motorista,24.5,baixo
41,64,191,alto,8.7,medio,sim,nao,nao,agricultor,17.5,baixo
36,71,180,medio,6.2,alto,sim,nao,sim,artista,21.9,alto
33,82,151,nenhum,5.3,medio,nao,sim,nao,professor,36.0,alto
57,109,176,nenhum,7.2,medio,nao,sim,nao,artista,35.2,alto
45,98,192,nenhum,4.8,medio,nao,nao,sim,professor,26.6,alto
50,68,147,alto,8.6,baixo,nao,nao,nao,artista,31.5,baixo
76,91,183,alto,7.9,baixo,nao,nao,sim,professor,27.2,alto
76,107,173,alto,6.1,medio,sim,nao,sim,professor,35.8,alto
65,101,168,alto,6.3,medio,nao,nao,sim,agricultor,35.8,alto
58,99,166,medio,7.4,alto,nao,sim,nao,agricultor,35.9,alto
30,104,150,baixo,5.3,medio,nao,nao,sim,estudante,46.2,alto
60,106,192,medio,5.8,medio,nao,nao,sim,motorista,28.8,alto
62,74,168,medio,6.7,medio,nao,sim,nao,motorista,26.2,alto
42,66,184,alto,5.0,medio,nao,sim,sim,trabalhador_de_escritorio,19.5,baixo
70,73,167,medio,6.3,medio,nao,nao,sim,estudante,26.2,alto
59,85,198,medio,5.4,medio,nao,nao,nao,professor,21.7,alto
53,86,182,alto,9.1,medio,nao,sim,sim,medico,26.0,alto
44,109,154,nenhum,6.4,medio,sim,nao,sim,artista,46.0,alto
55,75,160,alto,5.6,medio,sim,nao,nao,engenheiro,29.3,alto
77,74,155,baixo,8.0,alto,nao,nao,sim,professor,30.8,alto
24,62,176,medio,6.1,medio,nao,sim,nao,motorista,20.0,baixo
22,61,189,baixo,5.3,medio,nao,sim,sim,agricultor,17.1,alto
60,82,150,medio,8.3,medio,nao,nao,nao,trabalhador_de_escritorio,36.4,alto
62,58,168,medio,6.5,alto,nao,sim,sim,professor,20.5,alto
75,100,177,baixo,8.3,medio,nao,sim,sim,artista,31.9,alto
74,66,197,alto,7.0,medio,nao,nao,sim,trabalhador_de_escritorio,17.0,baixo
68,100,195,medio,7.2,baixo,nao,nao,sim,medico,26.3,alto
48,63,156,medio,7.8,alto,nao,nao,sim,medico,25.9,alto
40,101,171,baixo,6.0,medio,nao,nao,sim,medico,34.5,alto
59,88,182,alto,5.8,medio,nao,nao,nao,medico,26.6,alto
27,79,162,baixo,8.8,alto,nao,sim,sim,estudante,30.1,alto
49,45,189,baixo,7.9,alto,sim,sim,sim,engenheiro,12.6,alto
60,96,183,nenhum,6.9,alto,nao,sim,sim,trabalhador_de_escritorio,28.7,alto
70,81,199,medio,8.2,baixo,sim,nao,sim,professor,20.5,alto
47,109,157,alto,7.8,medio,sim,nao,sim,engenheiro,44.2,alto
56,95,197,baixo,8.4,medio,nao,sim,sim,professor,24.5,alto
48,45,184,baixo,5.3,baixo,sim,sim,sim,agricultor,13.3,alto
35,65,174,alto,6.9,alto,nao,nao,nao,artista,21.5,baixo
53,97,197,medio,8.7,alto,nao,sim,nao,motorista,25.0,alto
19,60,193,medio,9.5,medio,nao,nao,sim,engenheiro,16.1,baixo
31,105,185,baixo,6.2,baixo,nao,nao,sim,motorista,30.7,alto
30,98,196,medio,7.2,baixo,nao,sim,sim,engenheiro,25.5,alto
46,84,157,baixo,7.0,medio,nao,sim,nao,motorista,34.1,alto
29,70,178,alto,5.1,baixo,nao,sim,sim,estudante,22.1,baixo
56,109,180,medio,6.6,medio,nao,sim,nao,artista,33.6,alto
19,108,174,medio,4.6,medio,nao,nao,sim,motorista,35.7,alto
49,87,169,nenhum,6.7,alto,sim,sim,sim,agricultor,30.5,alto
30,61,146,baixo,5.4,baixo,nao,nao,nao,motorista,28.6,alto
63,103,180,nenhum,7.3,medio,sim,nao,nao,engenheiro,31.8,alto
44,67,162,baixo,6.5,alto,nao,nao,sim,motorista,25.5,alto
66,51,149,baixo,6.5,medio,nao,nao,nao,trabalhador_de_escritorio,23.0,alto
58,88,163,medio,9.3,baixo,nao,sim,nao,artista,33.1,alto
34,97,186,nenhum,7.1,baixo,nao,nao,sim,motorista,28.0,alto
57,78,162,medio,9.8,alto,sim,nao,nao,medico,29.7,alto
48,90,176,nenhum,7.7,medio,nao,sim,nao,artista,29.1,alto
51,60,165,baixo,8.2,alto,nao,sim,sim,artista,22.0,alto
77,63,154,medio,5.7,baixo,nao,nao,nao,estudante,26.6,alto
41,46,181,medio,6.0,medio,sim,sim,nao,motorista,14.0,alto
62,54,193,medio,7.0,medio,nao,sim,sim,professor,14.5,alto
52,94,166,nenhum,8.8,baixo,nao,nao,nao,agricultor,34.1,alto
65,56,157,medio,6.5,alto,sim,sim,nao,medico,22.7,alto
23,66,199,medio,4.9,medio,nao,sim,sim,estudante,16.7,baixo
36,76,161,baixo,7.6,alto,sim,sim,sim,engenheiro,29.3,alto
47,45,153,medio,7.1,alto,nao,nao,nao,trabalhador_de_escritorio,19.2,baixo
24,98,168,medio,6.2,medio,nao,nao,nao,motorista,34.7,baixo
27,102,188,nenhum,6.4,medio,sim,nao,sim,motorista,28.9,alto
58,62,158,alto,5.7,medio,nao,sim,sim,engenheiro,24.8,alto
49,50,190,medio,8.4,medio,nao,sim,sim,estudante,13.9,baixo
51,89,152,nenhum,7.0,medio,nao,nao,sim,agricultor,38.5,alto
45,67,199,medio,7.4,medio,nao,nao,sim,estudante,16.9,baixo
77,67,181,nenhum,6.1,baixo,nao,nao,nao,engenheiro,20.5,alto
32,70,163,alto,9.0,medio,nao,nao,nao,trabalhador_de_escritorio,26.3,baixo
47,51,172,medio,7.3,medio,nao,nao,sim,artista,17.2,baixo
54,88,190,baixo,3.8,baixo,nao,sim,nao,estudante,24.4,alto
46,71,185,nenhum,7.7,alto,nao,sim,nao,motorista,20.7,alto
39,70,174,nenhum,6.6,baixo,sim,nao,sim,artista,23.1,alto
21,80,151,medio,6.8,baixo,nao,nao,nao,engenheiro,35.1,baixo
37,99,170,medio,8.5,baixo,nao,nao,sim,artista,34.3,baixo
49,108,184,nenhum,7.1,medio,sim,nao,nao,engenheiro,31.9,alto
53,101,190,baixo,9.6,medio,nao,nao,sim,motorista,28.0,alto
67,105,198,baixo,7.2,medio,nao,nao,sim,engenheiro,26.8,alto
21,46,190,baixo,6.3,medio,sim,nao,sim,motorista,12.7,alto
44,99,155,baixo,4.3,medio,nao,sim,sim,estudante,41.2,alto
34,82,158,medio,5.9,medio,nao,nao,sim,engenheiro,32.8,alto
29,73,165,medio,6.5,baixo,nao,sim,sim,artista,26.8,alto
39,70,152,alto,9.2,medio,nao,nao,sim,trabalhador_de_escritorio,30.3,baixo
34,79,147,alto,6.3,medio,nao,sim,sim,professor,36.6,alto
27,73,172,medio,9.5,baixo,nao,nao,sim,medico,24.7,baixo
71,78,173,medio,5.3,baixo,nao,sim,nao,agricultor,26.1,alto
18,85,167,alto,5.8,medio,nao,nao,sim,artista,30.5,alto
39,85,162,nenhum,8.7,medio,nao,nao,sim,professor,32.4,alto
43,67,179,nenhum,6.1,baixo,nao,nao,nao,trabalhador_de_escritorio,20.9,baixo
73,47,157,nenhum,8.6,baixo,nao,nao,sim,agricultor,19.1,alto
76,102,156,medio,5.8,baixo,nao,nao,sim,agricultor,41.9,alto
35,76,191,medio,5.9,alto,nao,sim,sim,motorista,20.8,alto
67,75,194,baixo,8.0,medio,nao,nao,nao,motorista,19.9,alto
31,87,149,medio,5.8,baixo,nao,sim,nao,artista,39.2,alto
64,51,183,medio,6.6,baixo,nao,nao,sim,engenheiro,15.2,baixo
46,45,155,nenhum,7.6,alto,nao,nao,sim,estudante,18.7,baixo
29,105,155,baixo,6.6,baixo,sim,nao,sim,estudante,43.7,alto
53,58,191,nenhum,6.2,alto,nao,sim,sim,estudante,15.9,alto
76,96,186,nenhum,5.2,baixo,nao,sim,sim,medico,27.7,alto
52,50,191,alto,9.2,baixo,sim,nao,nao,motorista,13.7,alto
69,54,175,alto,9.5,medio,nao,nao,sim,medico,17.6,baixo
78,74,175,alto,7.5,medio,sim,nao,nao,trabalhador_de_escritorio,24.2,alto
29,65,157,medio,6.7,alto,nao,nao,nao,motorista,26.4,alto
24,104,158,medio,6.7,alto,nao,sim,sim,professor,41.7,alto
46,107,193,medio,8.2,medio,sim,nao,nao,engenheiro,28.7,alto
28,86,189,medio,8.5,medio,sim,nao,nao,medico,24.1,baixo
50,95,186,medio,6.2,alto,nao,sim,nao,engenheiro,27.5,alto
23,108,169,medio,8.6,medio,nao,nao,sim,professor,37.8,baixo
64,100,177,baixo,7.9,baixo,nao,sim,nao,estudante,31.9,alto
32,85,177,medio,8.6,baixo,nao,nao,nao,agricultor,27.1,baixo
49,76,159,baixo,4.6,baixo,sim,nao,nao,professor,30.1,alto
68,59,160,medio,6.4,alto,nao,nao,sim,agricultor,23.0,alto
28,106,188,medio,6.7,medio,nao,nao,nao,professor,30.0,baixo
75,71,182,baixo,6.3,baixo,nao,nao,nao,engenheiro,21.4,alto
40,72,150,alto,9.9,alto,nao,nao,sim,professor,32.0,alto
43,108,188,baixo,6.4,baixo,nao,sim,nao,motorista,30.6,alto
51,103,169,baixo,7.7,medio,nao,nao,sim,medico,36.1,alto
63,102,159,baixo,7.2,alto,nao,nao,sim,medico,40.3,alto
51,46,148,alto,6.6,medio,nao,sim,sim,trabalhador_de_escritorio,21.0,alto
46,80,148,medio,5.9,baixo,sim,nao,sim,artista,36.5,alto
21,57,174,medio,10.0,medio,nao,nao,nao,motorista,18.8,baixo
34,59,178,alto,6.7,medio,nao,sim,sim,medico,18.6,baixo
52,104,171,baixo,8.3,medio,nao,nao,sim,estudante,35.6,alto
30,66,175,baixo,7.0,baixo,nao,nao,sim,medico,21.6,baixo
58,107,176,baixo,6.3,baixo,nao,sim,sim,agricultor,34.5,alto
56,69,188,medio,7.2,medio,nao,nao,nao,motorista,19.5,baixo
32,92,183,medio,7.5,medio,nao,nao,sim,engenheiro,27.5,baixo
72,87,196,baixo,6.3,medio,nao,sim,sim,engenheiro,22.6,alto
46,82,153,nenhum,5.9,medio,nao,nao,nao,agricultor,35.0,alto
46,85,185,nenhum,7.7,medio,nao,nao,sim,medico,24.8,baixo
28,89,152,medio,7.2,alto,nao,nao,nao,professor,38.5,alto
69,84,158,nenhum,6.0,baixo,nao,nao,sim,agricultor,33.6,alto
49,61,177,nenhum,5.6,baixo,nao,nao,sim,engenheiro,19.5,baixo
19,101,167,baixo,7.5,medio,nao,nao,sim,estudante,36.2,alto
64,46,165,medio,4.1,baixo,nao,nao,sim,estudante,16.9,alto
31,106,199,medio,6.6,medio,nao,nao,sim,trabalhador_de_escritorio,26.8,baixo
37,53,156,medio,7.2,alto,sim,nao,sim,engenheiro,21.8,alto
39,61,146,medio,9.6,alto,sim,nao,nao,professor,28.6,alto
28,94,157,medio,7.0,medio,nao,nao,sim,engenheiro,38.1,baixo
44,84,148,alto,6.5,alto,nao,nao,sim,agricultor,38.3,alto
20,102,164,baixo,7.4,baixo,nao,nao,nao,trabalhador_de_escritorio,37.9,alto
34,65,194,medio,5.9,medio,nao,sim,sim,engenheiro,17.3,baixo
79,62,195,medio,6.7,medio,nao,nao,nao,agricultor,16.3,baixo
61,99,192,baixo,7.0,medio,nao,nao,nao,artista,26.9,alto
73,73,158,medio,7.9,baixo,nao,sim,sim,agricultor,29.2,alto
45,68,174,baixo,6.0,alto,nao,nao,nao,artista,22.5,alto
46,61,173,baixo,7.0,medio,nao,sim,nao,agricultor,20.4,baixo
38,62,152,baixo,4.3,medio,nao,nao,nao,trabalhador_de_escritorio,26.8,alto
64,86,156,baixo,7.8,baixo,nao,nao,nao,agricultor,35.3,alto
33,89,185,medio,6.7,medio,nao,sim,nao,estudante,26.0,alto
54,61,182,medio,9.8,alto,nao,sim,nao,trabalhador_de_escritorio,18.4,alto
76,58,170,medio,7.5,medio,nao,nao,nao,motorista,20.1,baixo
37,93,194,medio,5.7,medio,nao,sim,nao,estudante,24.7,baixo
23,73,146,baixo,5.4,alto,nao,nao,nao,artista,34.2,alto
36,48,199,medio,8.0,medio,nao,sim,sim,professor,12.1,baixo
74,64,184,alto,9.7,medio,nao,nao,nao,professor,18.9,baixo
22,91,158,nenhum,9.2,medio,nao,nao,nao,professor,36.5,alto
20,53,150,medio,5.2,medio,nao,nao,sim,motorista,23.6,baixo
76,71,186,medio,7.3,medio,nao,sim,sim,agricultor,20.5,alto
18,59,184,medio,8.7,medio,nao,sim,sim,trabalhador_de_escritorio,17.4,baixo
75,63,175,nenhum,5.0,medio,nao,nao,nao,motorista,20.6,alto
77,96,161,baixo,8.6,baixo,nao,nao,nao,estudante,37.0,alto
55,70,169,medio,5.9,baixo,sim,nao,sim,professor,24.5,alto
32,70,176,alto,6.7,medio,nao,sim,nao,medico,22.6,baixo
51,70,156,baixo,7.4,baixo,sim,nao,sim,professor,28.8,alto
78,90,193,alto,8.6,alto,nao,sim,sim,agricultor,24.2,alto
52,93,157,baixo,9.3,medio,sim,nao,nao,artista,37.7,alto
66,97,163,baixo,6.5,medio,nao,nao,sim,estudante,36.5,alto
42,47,188,medio,6.3,baixo,nao,nao,sim,motorista,13.3,baixo
41,86,192,medio,6.2,baixo,nao,nao,nao,medico,23.3,baixo
29,63,169,baixo,8.2,medio,nao,sim,sim,motorista,22.1,baixo
35,61,175,baixo,8.5,alto,nao,nao,nao,engenheiro,19.9,baixo
32,77,181,alto,8.3,medio,nao,sim,sim,estudante,23.5,baixo
61,93,169,alto,7.4,alto,nao,sim,nao,medico,32.6,alto
33,100,160,baixo,7.6,baixo,nao,nao,nao,engenheiro,39.1,alto
44,107,182,nenhum,6.7,baixo,nao,nao,nao,medico,32.3,alto
25,47,187,medio,6.8,medio,nao,nao,sim,estudante,13.4,baixo
77,93,193,medio,8.3,medio,nao,nao,nao,trabalhador_de_escritorio,25.0,baixo
63,99,167,nenhum,7.4,medio,sim,sim,sim,medico,35.5,alto
42,70,158,alto,6.3,baixo,nao,sim,sim,professor,28.0,alto
34,96,150,nenhum,8.6,baixo,nao,nao,sim,artista,42.7,alto
46,51,169,medio,6.1,medio,nao,nao,nao,engenheiro,17.9,baixo
70,90,167,medio,7.2,alto,nao,nao,nao,estudante,32.3,alto
25,90,187,medio,5.1,baixo,nao,nao,nao,engenheiro,25.7,alto
32,60,156,baixo,5.6,alto,sim,nao,nao,motorista,24.7,alto
44,68,157,medio,7.0,baixo,sim,nao,sim,professor,27.6,alto
63,105,180,alto,6.0,medio,nao,nao,nao,estudante,32.4,alto
67,98,183,medio,6.7,baixo,nao,nao,sim,trabalhador_de_escritorio,29.3,alto
69,106,178,medio,8.8,medio,sim,nao,sim,medico,33.5,alto
24,45,150,baixo,6.8,baixo,nao,sim,sim,estudante,20.0,baixo
20,93,182,alto,8.3,baixo,nao,sim,sim,trabalhador_de_escritorio,28.1,alto
46,69,194,alto,5.8,alto,nao,nao,nao,professor,18.3,baixo
61,54,196,medio,7.8,medio,nao,nao,sim,estudante,14.1,baixo
70,60,184,medio,5.5,medio,nao,nao,sim,artista,17.7,alto
41,102,152,alto,6.6,baixo,nao,nao,nao,medico,44.1,baixo
77,73,152,baixo,7.9,alto,nao,sim,sim,professor,31.6,alto
75,50,184,medio,7.0,medio,nao,nao,sim,engenheiro,14.8,baixo
20,60,177,medio,8.4,alto,nao,nao,nao,engenheiro,19.2,baixo
37,64,178,medio,8.0,baixo,nao,nao,sim,engenheiro,20.2,baixo
63,87,188,alto,6.5,baixo,nao,nao,nao,agricultor,24.6,baixo
32,70,159,medio,8.9,alto,nao,nao,sim,agricultor,27.7,alto
42,77,180,nenhum,7.7,medio,nao,nao,sim,engenheiro,23.8,baixo
47,70,179,baixo,6.6,alto,nao,sim,nao,artista,21.8,alto
31,89,190,baixo,7.2,medio,nao,nao,sim,agricultor,24.7,baixo
24,107,166,medio,7.1,medio,nao,nao,sim,artista,38.8,baixo
34,96,167,baixo,7.3,alto,nao,nao,sim,agricultor,34.4,alto
79,70,184,nenhum,6.8,medio,nao,sim,sim,motorista,20.7,alto
61,46,189,medio,7.6,medio,sim,nao,sim,professor,12.9,alto
37,58,199,alto,8.2,baixo,nao,sim,sim,motorista,14.6,baixo
53,74,195,alto,7.6,baixo,nao,sim,sim,artista,19.5,alto
26,93,166,alto,7.6,baixo,nao,sim,nao,medico,33.7,alto
55,56,149,medio,6.8,medio,nao,nao,sim,estudante,25.2,alto
65,88,175,nenhum,5.7,alto,sim,sim,sim,engenheiro,28.7,alto
74,77,157,alto,5.3,medio,nao,nao,nao,motorista,31.2,alto
77,57,172,baixo,5.9,medio,nao,sim,nao,motorista,19.3,alto
39,70,164,medio,6.4,alto,sim,nao,sim,agricultor,26.0,alto
71,65,177,medio,9.5,baixo,sim,nao,sim,professor,20.7,alto
70,72,160,alto,8.9,alto,nao,sim,sim,professor,28.1,alto
70,92,173,medio,6.1,alto,nao,sim,sim,motorista,30.7,alto
19,84,167,nenhum,7.7,baixo,nao,nao,sim,medico,30.1,alto
41,67,168,medio,6.9,baixo,nao,nao,sim,artista,23.7,baixo
25,92,178,baixo,7.4,baixo,nao,nao,sim,professor,29.0,alto
28,46,151,alto,6.2,medio,nao,nao,sim,trabalhador_de_escritorio,20.2,baixo
30,64,182,medio,10.0,baixo,nao,sim,sim,trabalhador_de_escritorio,19.3,baixo
34,103,181,medio,9.8,medio,nao,nao,nao,engenheiro,31.4,baixo
25,90,148,alto,6.6,medio,nao,nao,sim,motorista,41.1,baixo
38,47,178,medio,6.1,alto,nao,sim,sim,medico,14.8,baixo
35,99,186,baixo,8.4,alto,nao,nao,sim,motorista,28.6,alto
47,56,166,baixo,5.2,alto,nao,nao,sim,trabalhador_de_escritorio,20.3,alto
35,84,149,medio,8.3,baixo,nao,sim,nao,artista,37.8,alto
63,60,194,alto,7.2,baixo,nao,nao,nao,medico,15.9,baixo
64,78,186,medio,4.8,baixo,sim,nao,sim,artista,22.5,alto
48,88,167,alto,6.8,medio,nao,nao,sim,engenheiro,31.6,baixo
55,50,198,nenhum,6.0,medio,nao,nao,nao,professor,12.8,alto
49,108,159,baixo,7.2,alto,nao,nao,sim,professor,42.7,alto
28,66,175,nenhum,7.1,alto,nao,nao,nao,professor,21.6,baixo
62,62,153,medio,5.0,baixo,sim,nao,sim,trabalhador_de_escritorio,26.5,alto
42,56,187,nenhum,6.5,medio,nao,nao,nao,artista,16.0,baixo
50,96,197,nenhum,7.9,baixo,sim,sim,sim,medico,24.7,alto
77,95,169,medio,8.1,baixo,nao,sim,sim,trabalhador_de_escritorio,33.3,alto
55,92,169,medio,6.5,alto,sim,nao,sim,estudante,32.2,alto
58,63,193,medio,7.7,alto,nao,nao,nao,agricultor,16.9,alto
25,50,165,medio,7.4,baixo,nao,nao,nao,medico,18.4,baixo
28,71,153,medio,6.9,alto,nao,nao,nao,estudante,30.3,alto
39,97,199,medio,7.7,alto,nao,nao,sim,engenheiro,24.5,baixo
68,92,192,alto,5.6,baixo,nao,nao,nao,artista,25.0,alto
41,51,182,baixo,7.0,baixo,nao,sim,sim,trabalhador_de_escritorio,15.4,baixo
58,103,166,baixo,4.6,medio,nao,nao,sim,professor,37.4,alto
34,55,187,baixo,6.9,alto,nao,sim,sim,professor,15.7,alto
29,59,167,baixo,9.1,medio,nao,nao,sim,professor,21.2,baixo
74,108,193,alto,6.5,baixo,sim,nao,nao,trabalhador_de_escritorio,29.0,alto
63,47,148,nenhum,9.0,medio,sim,nao,nao,artista,21.5,alto
49,67,173,alto,6.5,medio,nao,sim,sim,trabalhador_de_escritorio,22.4,baixo
32,97,159,baixo,5.4,medio,sim,nao,sim,professor,38.4,alto
33,81,145,alto,8.0,baixo,nao,nao,nao,professor,38.5,baixo
71,53,198,medio,7.7,alto,nao,sim,nao,professor,13.5,alto
39,59,174,medio,10.0,medio,nao,nao,sim,agricultor,19.5,baixo
45,47,173,medio,5.5,alto,nao,sim,nao,trabalhador_de_escritorio,15.7,alto
37,61,164,baixo,7.5,alto,nao,sim,nao,professor,22.7,alto
50,70,177,medio,7.6,alto,nao,nao,sim,engenheiro,22.3,baixo
27,65,185,baixo,8.6,alto,sim,sim,nao,professor,19.0,alto
57,65,188,medio,7.8,alto,nao,nao,sim,artista,18.4,alto
49,55,180,medio,6.6,medio,nao,nao,nao,trabalhador_de_escritorio,17.0,baixo
67,82,166,baixo,5.4,medio,nao,nao,sim,engenheiro,29.8,alto
77,79,157,alto,7.5,medio,nao,nao,sim,estudante,32.0,alto
50,58,151,baixo,7.6,medio,nao,sim,sim,artista,25.4,alto
19,58,152,medio,7.9,baixo,nao,sim,nao,motorista,25.1,alto
50,54,172,alto,6.6,medio,sim,sim,nao,motorista,18.3,alto
50,56,189,medio,7.4,baixo,nao,nao,sim,motorista,15.7,baixo
58,82,187,medio,4.7,medio,nao,nao,sim,artista,23.4,alto
30,78,153,medio,5.5,baixo,nao,sim,nao,trabalhador_de_escritorio,33.3,alto
47,85,169,alto,8.4,alto,nao,nao,sim,trabalhador_de_escritorio,29.8,alto
50,54,160,baixo,7.3,medio,nao,nao,nao,artista,21.1,baixo
30,61,154,medio,7.7,baixo,nao,nao,nao,trabalhador_de_escritorio,25.7,baixo
69,61,155,medio,6.1,medio,nao,sim,nao,medico,25.4,alto
43,106,175,nenhum,5.9,baixo,nao,nao,sim,artista,34.6,alto
39,45,156,nenhum,6.4,alto,nao,nao,sim,engenheiro,18.5,baixo
56,56,175,baixo,7.4,medio,nao,nao,sim,estudante,18.3,alto
19,48,158,medio,8.0,medio,nao,nao,sim,agricultor,19.2,baixo
55,86,195,alto,6.6,alto,nao,nao,sim,estudante,22.6,alto
56,57,188,medio,4.5,medio,nao,sim,sim,agricultor,16.1,alto
43,48,176,medio,7.6,alto,nao,nao,nao,medico,15.5,baixo
63,63,194,nenhum,7.4,medio,nao,sim,nao,trabalhador_de_escritorio,16.7,alto
75,46,197,baixo,7.7,medio,sim,nao,sim,estudante,11.9,alto
67,56,161,baixo,8.3,medio,nao,nao,nao,agricultor,21.6,alto
32,50,179,medio,8.2,baixo,nao,nao,nao,engenheiro,15.6,baixo
51,52,145,nenhum,9.0,baixo,nao,nao,sim,artista,24.7,alto
59,95,173,medio,7.0,baixo,nao,sim,nao,professor,31.7,alto
72,55,195,alto,6.4,alto,nao,nao,sim,artista,14.5,alto
61,107,148,medio,8.6,medio,nao,nao,sim,engenheiro,48.8,alto
66,101,167,medio,8.4,baixo,sim,nao,nao,trabalhador_de_escritorio,36.2,alto
57,56,172,medio,6.7,baixo,nao,nao,nao,engenheiro,18.9,baixo
28,46,160,baixo,8.7,alto,sim,nao,sim,estudante,18.0,alto
78,52,156,nenhum,7.1,baixo,sim,sim,sim,motorista,21.4,alto
20,55,197,alto,8.9,medio,nao,sim,nao,trabalhador_de_escritorio,14.2,baixo
76,97,165,medio,9.6,medio,nao,sim,nao,engenheiro,35.6,alto
23,54,189,medio,10.0,medio,nao,nao,nao,medico,15.1,baixo
26,52,161,baixo,7.1,baixo,nao,nao,sim,artista,20.1,baixo
23,80,184,medio,9.1,alto,nao,nao,nao,engenheiro,23.6,baixo
26,58,157,nenhum,8.3,medio,nao,sim,sim,estudante,23.5,baixo
56,98,196,nenhum,8.4,baixo,nao,nao,nao,estudante,25.5,alto
48,65,176,baixo,7.6,medio,sim,sim,sim,estudante,21.0,alto
49,94,181,medio,8.4,medio,nao,nao,nao,artista,28.7,baixo
58,83,194,nenhum,4.9,baixo,sim,nao,sim,motorista,22.1,alto
67,64,159,nenhum,7.0,alto,nao,sim,sim,estudante,25.3,alto
29,51,156,medio,6.0,baixo,nao,nao,nao,agricultor,21.0,baixo
25,53,193,medio,5.9,alto,nao,nao,sim,professor,14.2,baixo
25,45,159,medio,4.8,medio,nao,nao,nao,medico,17.8,baixo
67,70,178,medio,6.2,baixo,sim,nao,nao,estudante,22.1,alto
45,82,150,alto,6.7,baixo,nao,sim,sim,engenheiro,36.4,alto
79,82,161,nenhum,7.3,medio,nao,nao,nao,estudante,31.6,alto
37,105,192,baixo,7.0,medio,nao,nao,nao,estudante,28.5,alto
79,88,193,medio,8.6,alto,nao,nao,sim,trabalhador_de_escritorio,23.6,alto
64,88,164,nenhum,5.7,medio,nao,nao,sim,estudante,32.7,alto
76,106,153,medio,4.1,medio,nao,sim,sim,medico,45.3,alto
24,50,149,medio,7.8,baixo,nao,nao,sim,agricultor,22.5,baixo
28,61,167,alto,6.9,alto,sim,nao,sim,professor,21.9,alto
37,95,177,alto,6.9,alto,nao,sim,nao,motorista,30.3,alto
33,82,182,alto,5.9,medio,nao,nao,nao,professor,24.8,baixo
21,68,158,nenhum,8.4,baixo,nao,nao,sim,engenheiro,27.2,alto
23,95,161,alto,6.4,medio,nao,sim,nao,motorista,36.6,alto
75,54,163,nenhum,5.7,medio,nao,nao,nao,agricultor,20.3,alto
39,65,177,medio,9.5,medio,nao,nao,sim,agricultor,20.7,baixo
43,101,145,medio,8.0,medio,nao,sim,sim,professor,48.0,alto
20,83,157,baixo,6.9,alto,sim,nao,nao,professor,33.7,alto
58,77,190,medio,3.3,baixo,nao,nao,sim,agricultor,21.3,alto
77,103,171,nenhum,6.6,medio,nao,nao,nao,artista,35.2,alto
59,62,150,baixo,7.0,baixo,nao,sim,sim,professor,27.6,alto
31,100,150,alto,9.2,baixo,nao,nao,nao,trabalhador_de_escritorio,44.4,baixo
28,101,177,baixo,4.4,alto,nao,nao,nao,professor,32.2,alto
35,92,174,nenhum,9.3,medio,nao,sim,sim,trabalhador_de_escritorio,30.4,alto
71,86,190,medio,7.7,alto,nao,nao,sim,estudante,23.8,alto
29,71,179,alto,5.2,medio,nao,nao,nao,motorista,22.2,baixo
40,96,167,nenhum,8.4,alto,nao,nao,nao,professor,34.4,alto
29,86,154,baixo,6.6,medio,nao,nao,nao,medico,36.3,alto
30,76,195,alto,4.5,baixo,nao,nao,nao,medico,20.0,baixo
42,70,163,nenhum,6.3,alto,sim,sim,sim,artista,26.3,alto
62,69,195,baixo,7.4,baixo,nao,nao,sim,artista,18.1,alto
68,67,172,medio,7.1,medio,sim,nao,nao,motorista,22.6,alto
75,101,167,medio,8.0,medio,nao,nao,sim,motorista,36.2,alto
36,96,148,alto,8.6,baixo,nao,nao,sim,artista,43.8,baixo
72,75,164,nenhum,5.4,baixo,nao,sim,nao,medico,27.9,alto
63,108,163,alto,7.0,medio,sim,sim,nao,motorista,40.6,alto
53,77,186,alto,6.1,medio,nao,nao,sim,estudante,22.3,baixo
62,46,171,baixo,5.1,medio,nao,nao,sim,trabalhador_de_escritorio,15.7,alto
25,62,178,nenhum,6.9,medio,sim,sim,nao,artista,19.6,alto
46,91,148,alto,7.6,medio,nao,nao,sim,trabalhador_de_escritorio,41.5,baixo
72,77,182,medio,7.7,medio,nao,nao,sim,engenheiro,23.2,baixo
70,79,151,medio,6.4,alto,nao,nao,nao,estudante,34.6,alto
72,95,192,medio,5.5,baixo,nao,nao,sim,engenheiro,25.8,alto
49,62,151,medio,6.0,medio,nao,nao,sim,professor,27.2,baixo
68,74,194,alto,4.2,medio,sim,nao,sim,trabalhador_de_escritorio,19.7,alto
61,88,196,baixo,5.2,medio,sim,nao,sim,estudante,22.9,alto
35,97,170,baixo,5.3,medio,sim,nao,nao,artista,33.6,alto
23,54,170,alto,8.3,medio,nao,nao,sim,estudante,18.7,baixo
35,96,198,alto,8.3,baixo,nao,nao,sim,medico,24.5,baixo
36,93,163,medio,10.0,medio,nao,sim,sim,medico,35.0,alto
39,55,153,alto,7.4,baixo,nao,sim,nao,estudante,23.5,baixo
54,102,164,medio,6.3,baixo,nao,nao,nao,artista,37.9,alto
49,80,186,baixo,7.0,alto,nao,nao,nao,medico,23.1,baixo
73,77,189,alto,6.7,medio,nao,sim,sim,professor,21.6,alto
58,91,194,medio,6.1,medio,nao,nao,sim,trabalhador_de_escritorio,24.2,baixo
76,57,160,nenhum,7.5,baixo,nao,nao,nao,motorista,22.3,alto
20,84,198,baixo,7.3,alto,nao,nao,sim,professor,21.4,baixo
45,86,161,medio,6.9,baixo,nao,nao,nao,motorista,33.2,baixo
27,63,166,alto,6.6,medio,sim,nao,sim,agricultor,22.9,baixo
68,63,157,baixo,7.9,medio,sim,sim,sim,agricultor,25.6,alto
52,102,156,baixo,6.2,alto,nao,nao,sim,engenheiro,41.9,alto
78,67,154,medio,6.4,alto,nao,sim,sim,motorista,28.3,alto
46,98,145,alto,7.7,baixo,nao,nao,nao,trabalhador_de_escritorio,46.6,baixo
71,109,176,medio,8.5,alto,nao,nao,nao,estudante,35.2,alto
32,56,174,medio,8.4,medio,sim,sim,sim,motorista,18.5,alto
50,68,152,medio,6.6,alto,nao,sim,nao,motorista,29.4,alto
24,78,165,baixo,5.1,alto,nao,sim,sim,medico,28.7,alto
29,97,166,medio,6.6,medio,nao,nao,nao,trabalhador_de_escritorio,35.2,baixo
66,52,162,baixo,7.1,medio,nao,sim,sim,artista,19.8,alto
47,62,146,alto,5.3,medio,nao,nao,nao,motorista,29.1,alto
38,101,192,nenhum,6.5,medio,nao,nao,nao,motorista,27.4,alto
48,49,188,medio,8.8,baixo,nao,sim,nao,motorista,13.9,baixo
75,70,153,baixo,7.2,baixo,nao,nao,sim,engenheiro,29.9,alto
78,74,147,medio,6.2,baixo,nao,nao,sim,artista,34.2,alto
41,98,198,baixo,7.0,alto,nao,nao,sim,medico,25.0,baixo
37,57,170,baixo,7.1,baixo,sim,nao,sim,professor,19.7,alto
54,73,165,baixo,6.4,baixo,sim,nao,nao,medico,26.8,alto
21,47,174,medio,8.2,medio,nao,nao,nao,motorista,15.5,baixo
45,102,172,baixo,4.3,medio,nao,nao,sim,motorista,34.5,alto
61,46,180,medio,7.7,alto,nao,nao,sim,artista,14.2,alto
79,72,170,medio,6.1,medio,nao,nao,nao,agricultor,24.9,baixo
37,46,178,medio,8.6,baixo,nao,nao,sim,professor,14.5,baixo
77,51,152,medio,5.1,alto,nao,sim,nao,motorista,22.1,alto
41,70,154,alto,8.4,baixo,nao,nao,sim,artista,29.5,baixo
67,60,192,baixo,5.8,alto,nao,nao,sim,medico,16.3,alto
66,67,199,baixo,7.5,baixo,nao,nao,nao,artista,16.9,alto
68,84,187,alto,6.3,medio,nao,nao,sim,professor,24.0,baixo
49,104,194,baixo,8.7,baixo,nao,sim,nao,agricultor,27.6,alto
58,76,198,alto,6.7,alto,nao,nao,sim,agricultor,19.4,alto
53,59,158,baixo,5.9,baixo,nao,nao,sim,trabalhador_de_escritorio,23.6,alto
75,57,184,medio,9.1,baixo,nao,sim,nao,motorista,16.8,alto
70,49,199,baixo,6.6,alto,nao,nao,nao,artista,12.4,alto
51,96,159,alto,7.8,baixo,nao,nao,nao,agricultor,38.0,alto
53,85,161,medio,8.4,medio,nao,nao,nao,agricultor,32.8,alto
19,97,197,baixo,5.7,medio,nao,nao,sim,agricultor,25.0,baixo
32,94,162,nenhum,7.6,medio,nao,sim,nao,motorista,35.8,alto
51,59,176,baixo,7.8,medio,sim,nao,sim,artista,19.0,alto
53,51,182,medio,4.7,alto,nao,nao,sim,engenheiro,15.4,alto
23,84,167,baixo,7.5,alto,nao,nao,nao,artista,30.1,alto
56,72,190,baixo,6.5,medio,nao,sim,sim,artista,19.9,alto
59,76,167,medio,9.4,baixo,nao,sim,nao,artista,27.3,alto
68,59,179,medio,8.3,baixo,nao,nao,sim,agricultor,18.4,baixo
68,109,183,baixo,7.7,baixo,sim,nao,sim,artista,32.5,alto
75,48,159,baixo,3.9,medio,nao,nao,sim,trabalhador_de_escritorio,19.0,alto
71,55,197,medio,7.7,alto,sim,nao,sim,professor,14.2,alto
78,70,168,alto,5.9,medio,nao,nao,sim,engenheiro,24.8,alto
29,105,172,baixo,8.3,medio,nao,nao,sim,professor,35.5,alto
20,81,160,medio,6.8,medio,nao,nao,nao,professor,31.6,baixo
62,67,160,nenhum,6.2,medio,nao,nao,nao,estudante,26.2,alto
35,84,184,baixo,6.3,medio,nao,nao,sim,artista,24.8,baixo
57,67,183,medio,6.4,medio,nao,sim,sim,artista,20.0,alto
38,60,150,baixo,5.0,medio,nao,nao,sim,trabalhador_de_escritorio,26.7,alto
32,105,146,medio,5.2,baixo,sim,nao,sim,artista,49.3,alto
50,75,198,alto,6.5,medio,nao,nao,sim,engenheiro,19.1,baixo
52,97,157,alto,9.3,medio,nao,nao,sim,motorista,39.4,alto
43,69,188,nenhum,8.1,baixo,nao,nao,nao,medico,19.5,baixo
25,88,191,baixo,8.2,medio,sim,nao,sim,agricultor,24.1,alto
53,56,153,alto,8.8,baixo,sim,nao,sim,professor,23.9,alto
65,53,178,baixo,7.4,alto,nao,sim,nao,professor,16.7,alto
47,56,161,medio,6.3,baixo,nao,sim,nao,trabalhador_de_escritorio,21.6,baixo
40,98,171,baixo,6.4,medio,nao,sim,sim,motorista,33.5,alto
59,98,173,baixo,5.8,alto,sim,nao,nao,trabalhador_de_escritorio,32.7,alto
61,72,181,baixo,8.2,medio,sim,nao,sim,trabalhador_de_escritorio,22.0,alto
31,100,187,alto,5.6,alto,nao,nao,nao,estudante,28.6,alto
31,102,166,alto,10.0,medio,nao,nao,nao,engenheiro,37.0,baixo
19,86,195,baixo,5.6,alto,nao,sim,sim,artista,22.6,alto
72,82,168,alto,8.8,medio,sim,sim,nao,estudante,29.1,alto
54,97,151,baixo,8.8,baixo,nao,sim,nao,motorista,42.5,alto
22,77,178,nenhum,7.9,medio,nao,sim,nao,artista,24.3,baixo
55,100,192,medio,9.4,medio,nao,nao,nao,artista,27.1,alto
62,95,156,medio,6.7,medio,sim,nao,sim,agricultor,39.0,alto
58,87,167,baixo,7.2,baixo,nao,nao,nao,engenheiro,31.2,alto
79,59,159,baixo,7.3,baixo,nao,sim,nao,trabalhador_de_escritorio,23.3,alto
71,82,177,alto,7.9,medio,nao,nao,sim,artista,26.2,alto
77,59,157,alto,4.3,medio,nao,nao,sim,trabalhador_de_escritorio,23.9,alto
78,49,167,alto,6.8,baixo,nao,nao,nao,motorista,17.6,baixo
64,98,182,nenhum,8.3,medio,nao,nao,nao,motorista,29.6,alto
31,95,176,medio,6.4,baixo,nao,nao,sim,artista,30.7,baixo
73,54,189,baixo,9.9,medio,nao,nao,sim,professor,15.1,alto
56,56,194,alto,7.2,alto,nao,nao,nao,engenheiro,14.9,alto
42,48,179,nenhum,7.8,medio,nao,nao,sim,artista,15.0,baixo
37,62,145,baixo,9.3,baixo,nao,sim,sim,engenheiro,29.5,alto
19,80,191,medio,7.2,baixo,nao,sim,nao,motorista,21.9,baixo
56,69,189,alto,9.3,medio,nao,nao,sim,agricultor,19.3,baixo
23,80,149,medio,7.9,medio,sim,nao,nao,engenheiro,36.0,alto
34,53,157,baixo,7.9,medio,nao,nao,nao,estudante,21.5,baixo
76,105,198,medio,5.7,alto,nao,nao,nao,motorista,26.8,alto
42,97,149,alto,8.7,alto,nao,nao,sim,estudante,43.7,alto
74,62,176,nenhum,6.1,baixo,nao,sim,nao,estudante,20.0,alto
45,87,195,alto,6.7,baixo,nao,sim,sim,agricultor,22.9,baixo
19,79,165,alto,8.9,medio,sim,nao,sim,medico,29.0,alto
52,107,168,nenhum,6.4,medio,nao,nao,sim,motorista,37.9,alto
54,48,162,nenhum,7.5,medio,nao,nao,sim,agricultor,18.3,alto
22,85,165,baixo,6.9,medio,nao,nao,sim,trabalhador_de_escritorio,31.2,alto
18,89,198,nenhum,7.0,baixo,nao,nao,nao,medico,22.7,baixo
57,94,154,medio,6.8,alto,sim,nao,nao,artista,39.6,alto
29,72,168,medio,5.4,medio,nao,sim,nao,professor,25.5,alto
73,86,184,medio,7.8,alto,nao,sim,nao,professor,25.4,alto
53,45,191,baixo,8.0,medio,nao,nao,sim,professor,12.3,alto
62,83,165,medio,6.1,medio,nao,nao,sim,trabalhador_de_escritorio,30.5,alto
40,61,169,medio,6.3,baixo,nao,nao,sim,estudante,21.4,baixo
64,79,196,alto,8.4,medio,nao,sim,sim,artista,20.6,alto
48,90,167,nenhum,6.6,baixo,nao,nao,sim,motorista,32.3,alto
28,86,166,medio,7.1,medio,nao,nao,nao,professor,31.2,baixo
27,83,148,alto,5.7,baixo,nao,nao,sim,agricultor,37.9,alto
20,93,178,medio,6.9,baixo,nao,nao,nao,motorista,29.4,baixo
71,106,150,baixo,5.7,baixo,sim,nao,sim,trabalhador_de_escritorio,47.1,alto
31,82,172,baixo,6.1,baixo,nao,nao,sim,engenheiro,27.7,alto
33,67,175,alto,5.9,medio,nao,nao,sim,trabalhador_de_escritorio,21.9,baixo
27,66,179,baixo,8.3,alto,sim,nao,nao,artista,20.6,alto
46,48,183,alto,5.0,medio,nao,nao,sim,trabalhador_de_escritorio,14.3,baixo
27,93,186,alto,7.4,medio,nao,nao,sim,estudante,26.9,baixo
29,103,167,baixo,6.7,baixo,sim,sim,sim,engenheiro,36.9,alto
47,46,150,medio,9.1,medio,nao,nao,nao,artista,20.4,baixo
58,93,160,nenhum,8.2,baixo,sim,nao,nao,agricultor,36.3,alto
18,75,146,baixo,5.1,baixo,nao,sim,sim,medico,35.2,alto
22,84,168,medio,6.2,baixo,nao,nao,sim,engenheiro,29.8,baixo
37,92,161,medio,7.0,medio,nao,nao,sim,trabalhador_de_escritorio,35.5,baixo
25,95,189,baixo,6.2,baixo,nao,nao,sim,professor,26.6,alto
60,87,145,alto,8.4,alto,sim,sim,nao,engenheiro,41.4,alto
29,99,150,baixo,7.3,medio,nao,sim,sim,engenheiro,44.0,alto
18,93,149,medio,6.7,alto,sim,sim,sim,medico,41.9,alto
74,101,189,medio,8.5,alto,nao,sim,sim,estudante,28.3,alto
71,59,199,baixo,5.2,medio,nao,nao,nao,artista,14.9,alto
37,71,194,alto,6.6,alto,nao,sim,nao,trabalhador_de_escritorio,18.9,baixo
45,108,173,medio,7.4,baixo,nao,nao,sim,professor,36.1,baixo
74,74,156,medio,6.8,alto,sim,sim,nao,professor,30.4,alto
60,80,183,medio,3.0,baixo,nao,nao,sim,medico,23.9,alto
54,93,191,baixo,7.5,medio,sim,nao,nao,motorista,25.5,alto
64,99,147,baixo,7.8,medio,nao,nao,sim,professor,45.8,alto
54,100,192,medio,5.5,alto,sim,sim,sim,estudante,27.1,alto
29,88,145,alto,3.7,alto,nao,nao,nao,estudante,41.9,alto
54,75,171,alto,6.0,baixo,nao,sim,nao,agricultor,25.6,alto
66,102,192,baixo,6.7,medio,nao,nao,nao,estudante,27.7,alto
66,97,168,medio,6.8,medio,nao,nao,sim,engenheiro,34.4,alto
73,67,188,nenhum,4.0,medio,nao,nao,sim,engenheiro,19.0,alto
61,72,163,nenhum,7.3,baixo,sim,sim,sim,estudante,27.1,alto
73,60,152,medio,8.5,medio,nao,nao,nao,professor,26.0,alto
45,81,199,medio,8.4,alto,sim,sim,sim,professor,20.5,alto
64,65,188,baixo,8.8,medio,nao,nao,nao,professor,18.4,alto
32,61,191,medio,5.2,medio,nao,sim,sim,engenheiro,16.7,baixo
23,81,146,medio,8.3,medio,nao,sim,sim,professor,38.0,alto
61,63,174,baixo,5.6,medio,nao,nao,nao,agricultor,20.8,alto
76,74,174,medio,8.2,alto,sim,sim,sim,agricultor,24.4,alto
78,89,193,baixo,5.9,medio,nao,nao,sim,engenheiro,23.9,alto
37,62,183,medio,7.5,medio,nao,sim,nao,motorista,18.5,baixo
67,106,189,alto,9.3,alto,nao,nao,sim,trabalhador_de_escritorio,29.7,alto
31,80,176,medio,8.4,baixo,nao,nao,nao,artista,25.8,baixo
19,96,145,alto,5.6,alto,nao,sim,sim,estudante,45.7,alto
26,63,182,nenhum,5.3,medio,nao,nao,nao,trabalhador_de_escritorio,19.0,baixo
54,88,157,medio,8.2,alto,sim,nao,sim,trabalhador_de_escritorio,35.7,alto
37,51,155,medio,9.0,baixo,nao,nao,sim,agricultor,21.2,baixo
43,88,154,medio,7.6,medio,nao,nao,nao,artista,37.1,baixo
46,78,192,alto,6.2,alto,nao,nao,sim,medico,21.2,baixo
18,99,170,medio,7.1,medio,sim,nao,sim,artista,34.3,alto
72,54,199,medio,7.6,baixo,nao,nao,sim,trabalhador_de_escritorio,13.6,baixo
52,86,164,baixo,6.9,baixo,nao,nao,nao,medico,32.0,alto
23,85,161,baixo,5.6,medio,nao,nao,sim,engenheiro,32.8,alto
54,54,161,medio,8.6,medio,nao,nao,sim,artista,20.8,baixo
70,54,148,medio,9.8,medio,nao,nao,sim,estudante,24.7,baixo
76,104,149,alto,9.1,medio,nao,nao,nao,agricultor,46.8,alto
22,95,167,baixo,3.7,alto,nao,nao,sim,motorista,34.1,alto
50,65,190,baixo,8.7,medio,nao,sim,sim,estudante,18.0,baixo
66,52,196,medio,7.9,baixo,nao,sim,sim,estudante,13.5,alto
68,109,154,alto,6.0,baixo,nao,sim,nao,estudante,46.0,alto
31,74,190,alto,4.1,medio,nao,nao,sim,trabalhador_de_escritorio,20.5,baixo
29,93,172,baixo,6.8,medio,nao,nao,sim,estudante,31.4,alto
59,53,177,nenhum,7.5,medio,sim,nao,sim,agricultor,16.9,alto
37,61,187,medio,5.3,medio,sim,sim,sim,engenheiro,17.4,alto
70,102,170,baixo,8.8,medio,nao,sim,nao,agricultor,35.3,alto
67,101,199,alto,8.8,alto,nao,sim,nao,professor,25.5,alto
41,106,194,medio,7.7,alto,sim,nao,sim,trabalhador_de_escritorio,28.2,alto
76,96,192,baixo,4.9,baixo,nao,nao,sim,agricultor,26.0,alto
60,105,173,baixo,6.6,alto,sim,nao,nao,motorista,35.1,alto
79,84,171,baixo,8.1,medio,nao,nao,sim,agricultor,28.7,alto
51,82,162,alto,8.0,medio,nao,nao,sim,agricultor,31.2,alto
42,87,184,nenhum,6.0,medio,nao,nao,sim,engenheiro,25.7,alto
67,107,154,baixo,6.2,alto,sim,nao,sim,trabalhador_de_escritorio,45.1,alto
46,63,186,alto,5.9,alto,nao,nao,sim,estudante,18.2,baixo
74,94,149,baixo,6.6,medio,nao,nao,sim,motorista,42.3,alto
56,77,154,medio,6.3,baixo,nao,nao,nao,trabalhador_de_escritorio,32.5,alto
48,57,194,baixo,6.0,medio,nao,sim,nao,professor,15.1,alto
73,106,165,medio,6.8,baixo,nao,nao,sim,professor,38.9,alto
64,87,168,nenhum,7.1,medio,sim,sim,nao,artista,30.8,alto
60,93,182,baixo,8.6,alto,nao,sim,nao,agricultor,28.1,alto
67,80,147,medio,4.3,medio,nao,sim,sim,trabalhador_de_escritorio,37.0,alto
40,54,184,baixo,8.8,baixo,nao,nao,sim,estudante,15.9,baixo
61,50,175,medio,5.9,medio,nao,nao,sim,estudante,16.3,alto
55,101,185,baixo,9.8,medio,nao,nao,sim,artista,29.5,alto
37,45,181,medio,8.0,baixo,nao,nao,sim,artista,13.7,baixo
40,102,146,alto,7.8,medio,nao,sim,sim,trabalhador_de_escritorio,47.9,alto
79,65,146,nenhum,6.8,alto,sim,nao,sim,agricultor,30.5,alto
62,100,183,baixo,10.0,medio,nao,nao,sim,medico,29.9,alto
69,64,193,alto,7.0,medio,sim,sim,sim,trabalhador_de_escritorio,17.2,alto
33,98,186,medio,9.3,medio,sim,nao,nao,agricultor,28.3,alto
67,69,188,nenhum,6.1,baixo,sim,nao,sim,agricultor,19.5,alto
59,72,178,medio,8.1,alto,nao,nao,sim,artista,22.7,alto
77,49,186,baixo,9.8,medio,nao,nao,nao,medico,14.2,alto
72,65,164,baixo,5.7,alto,nao,nao,nao,professor,24.2,alto
25,62,177,alto,7.7,alto,nao,sim,nao,estudante,19.8,baixo
67,91,148,medio,5.9,medio,nao,nao,sim,motorista,41.5,alto
38,101,189,medio,7.6,alto,sim,nao,nao,agricultor,28.3,alto
18,63,188,baixo,9.8,alto,nao,sim,nao,trabalhador_de_escritorio,17.8,alto
72,109,155,nenhum,5.6,medio,nao,nao,sim,professor,45.4,alto
25,47,186,alto,7.2,medio,nao,nao,nao,professor,13.6,baixo
46,86,191,nenhum,5.7,medio,nao,sim,sim,professor,23.6,alto
49,65,149,baixo,6.8,baixo,nao,nao,sim,agricultor,29.3,alto
55,84,169,baixo,7.9,medio,nao,nao,sim,trabalhador_de_escritorio,29.4,alto
22,69,193,medio,6.6,baixo,sim,sim,nao,motorista,18.5,alto
64,99,181,baixo,9.4,medio,nao,nao,nao,medico,30.2,alto
39,96,178,baixo,7.7,alto,sim,nao,sim,engenheiro,30.3,alto
64,88,153,alto,5.0,baixo,nao,sim,nao,engenheiro,37.6,alto
51,100,150,medio,7.5,medio,nao,nao,nao,professor,44.4,alto
18,99,162,nenhum,9.2,baixo,nao,nao,nao,artista,37.7,alto
72,63,158,medio,7.8,medio,nao,nao,nao,engenheiro,25.2,alto
72,51,163,baixo,7.4,medio,sim,nao,sim,artista,19.2,alto
43,107,158,medio,6.6,baixo,nao,nao,sim,estudante,42.9,baixo
60,86,184,medio,6.9,medio,nao,nao,sim,engenheiro,25.4,alto
27,86,161,baixo,7.0,alto,sim,nao,nao,agricultor,33.2,alto
47,103,179,baixo,3.3,medio,nao,nao,nao,medico,32.1,alto
67,64,173,medio,7.7,medio,nao,nao,nao,engenheiro,21.4,baixo
35,61,186,alto,8.5,medio,nao,sim,sim,artista,17.6,baixo
34,71,161,medio,5.9,baixo,nao,nao,nao,motorista,27.4,alto
43,91,187,nenhum,7.3,alto,nao,nao,nao,motorista,26.0,alto
25,46,152,baixo,7.5,medio,nao,nao,sim,medico,19.9,baixo
64,107,145,baixo,8.2,medio,nao,nao,nao,engenheiro,50.9,alto
57,106,189,baixo,7.0,baixo,nao,nao,sim,motorista,29.7,alto
66,63,197,medio,7.8,medio,nao,nao,sim,professor,16.2,baixo
29,61,180,medio,5.3,medio,nao,sim,sim,estudante,18.8,baixo
44,83,151,nenhum,5.5,medio,nao,sim,sim,professor,36.4,alto
25,83,190,baixo,7.6,medio,nao,nao,sim,motorista,23.0,baixo
42,80,149,medio,6.7,medio,nao,nao,sim,estudante,36.0,baixo
63,84,168,baixo,4.6,medio,nao,nao,sim,medico,29.8,alto
21,89,172,alto,7.5,medio,nao,nao,nao,artista,30.1,baixo
50,48,187,medio,5.1,alto,nao,nao,sim,estudante,13.7,baixo
18,69,161,alto,10.0,alto,nao,sim,sim,estudante,26.6,alto
36,74,181,alto,3.7,medio,nao,nao,sim,medico,22.6,baixo
48,73,164,alto,7.1,medio,nao,sim,sim,estudante,27.1,alto
33,95,147,nenhum,5.3,baixo,nao,sim,sim,medico,44.0,alto
31,68,181,alto,8.4,baixo,sim,nao,sim,medico,20.8,baixo
70,58,170,nenhum,6.4,medio,nao,nao,nao,trabalhador_de_escritorio,20.1,alto
65,62,159,nenhum,8.5,medio,nao,sim,sim,professor,24.5,alto
22,86,195,medio,8.2,baixo,nao,nao,sim,engenheiro,22.6,baixo
58,101,192,baixo,5.4,medio,nao,sim,sim,trabalhador_de_escritorio,27.4,alto
43,56,152,baixo,5.9,alto,sim,sim,sim,medico,24.2,alto
79,61,157,baixo,6.5,alto,nao,nao,nao,engenheiro,24.7,alto
45,74,192,baixo,6.9,medio,nao,nao,sim,professor,20.1,baixo
19,67,147,medio,6.7,medio,nao,nao,nao,medico,31.0,baixo
67,45,145,baixo,8.1,baixo,nao,sim,sim,agricultor,21.4,alto
23,76,153,medio,7.4,medio,nao,nao,nao,medico,32.5,baixo
26,53,175,alto,6.1,alto,nao,nao,nao,engenheiro,17.3,baixo
50,59,185,medio,5.6,alto,nao,nao,sim,professor,17.2,baixo
58,72,198,medio,5.8,medio,nao,nao,sim,artista,18.4,alto
42,68,170,alto,7.5,baixo,sim,sim,sim,estudante,23.5,alto
65,104,161,nenhum,6.7,medio,nao,nao,sim,estudante,40.1,alto
30,79,178,medio,10.0,medio,nao,nao,sim,medico,24.9,baixo
26,71,153,alto,7.0,alto,sim,sim,nao,professor,30.3,alto
70,64,195,alto,7.3,baixo,nao,sim,nao,estudante,16.8,alto
30,109,157,medio,4.3,medio,nao,nao,sim,trabalhador_de_escritorio,44.2,alto
48,93,149,nenhum,5.0,baixo,nao,nao,nao,agricultor,41.9,alto
58,45,185,alto,5.3,medio,nao,sim,nao,motorista,13.1,alto
28,54,157,baixo,6.2,medio,nao,nao,sim,motorista,21.9,baixo
21,91,145,baixo,4.8,medio,nao,nao,nao,trabalhador_de_escritorio,43.3,alto
51,103,169,baixo,5.3,medio,nao,sim,sim,motorista,36.1,alto
78,106,191,medio,8.0,medio,nao,nao,nao,agricultor,29.1,alto
55,62,148,medio,5.7,baixo,nao,nao,sim,artista,28.3,alto
63,90,180,alto,6.9,medio,nao,nao,sim,trabalhador_de_escritorio,27.8,alto
21,76,196,medio,7.9,alto,nao,nao,nao,professor,19.8,baixo
55,71,154,nenhum,8.4,baixo,nao,nao,sim,artista,29.9,alto
36,62,172,medio,7.4,baixo,nao,nao,nao,professor,21.0,baixo
23,83,150,medio,7.5,medio,nao,nao,sim,trabalhador_de_escritorio,36.9,baixo
51,93,171,medio,8.5,medio,sim,sim,sim,artista,31.8,alto
35,88,156,alto,7.6,medio,nao,nao,sim,engenheiro,36.2,baixo
30,98,196,alto,8.6,medio,nao,nao,sim,trabalhador_de_escritorio,25.5,baixo
58,78,192,medio,3.8,alto,nao,nao,sim,medico,21.2,alto
40,80,147,nenhum,6.9,medio,nao,nao,nao,engenheiro,37.0,alto
36,62,190,medio,7.1,baixo,nao,nao,sim,professor,17.2,baixo
62,82,177,alto,6.8,medio,nao,nao,sim,trabalhador_de_escritorio,26.2,alto
28,103,154,baixo,7.2,alto,nao,nao,nao,artista,43.4,alto
18,53,175,alto,6.4,alto,nao,nao,sim,engenheiro,17.3,baixo
41,95,159,baixo,8.2,medio,sim,sim,sim,artista,37.6,alto
79,79,151,medio,6.2,medio,nao,nao,sim,medico,34.6,alto
71,49,180,medio,6.7,alto,sim,sim,sim,agricultor,15.1,alto
24,58,158,medio,9.2,medio,nao,nao,sim,professor,23.2,baixo
42,74,192,alto,9.0,medio,nao,nao,nao,engenheiro,20.1,baixo
38,48,158,baixo,7.2,baixo,nao,sim,sim,motorista,19.2,baixo
32,83,147,baixo,6.0,medio,nao,nao,nao,engenheiro,38.4,alto
18,108,193,medio,4.5,baixo,nao,nao,sim,artista,29.0,alto
29,69,197,baixo,6.8,baixo,nao,nao,nao,estudante,17.8,baixo
75,72,190,medio,7.8,medio,nao,nao,nao,estudante,19.9,baixo
24,66,194,nenhum,5.9,medio,nao,nao,sim,motorista,17.5,baixo
32,75,147,nenhum,7.0,medio,nao,sim,sim,engenheiro,34.7,alto
38,67,166,medio,6.5,medio,nao,nao,nao,trabalhador_de_escritorio,24.3,baixo
36,92,163,medio,4.4,baixo,nao,nao,nao,professor,34.6,alto
77,64,179,nenhum,7.2,baixo,nao,nao,sim,professor,20.0,alto
46,82,156,baixo,7.7,baixo,nao,sim,sim,trabalhador_de_escritorio,33.7,alto
42,99,198,nenhum,7.2,medio,nao,nao,nao,trabalhador_de_escritorio,25.3,alto
50,45,149,medio,9.4,baixo,nao,nao,sim,motorista,20.3,baixo
66,51,154,nenhum,6.5,baixo,nao,nao,sim,motorista,21.5,alto
49,101,185,medio,6.4,medio,nao,nao,nao,motorista,29.5,baixo
66,56,177,medio,10.0,baixo,nao,nao,sim,artista,17.9,baixo
52,49,157,medio,5.1,baixo,nao,nao,sim,estudante,19.9,alto
61,94,179,baixo,6.1,alto,nao,nao,nao,trabalhador_de_escritorio,29.3,alto
55,86,195,medio,7.5,medio,nao,nao,nao,artista,22.6,baixo
43,56,176,alto,8.7,alto,nao,nao,sim,artista,18.1,baixo
28,62,155,baixo,8.4,medio,nao,nao,nao,medico,25.8,alto
52,61,192,baixo,5.4,alto,nao,nao,nao,engenheiro,16.5,alto
25,106,182,medio,9.4,baixo,sim,nao,sim,medico,32.0,alto
63,85,168,baixo,7.7,medio,nao,nao,sim,professor,30.1,alto
31,78,179,medio,5.8,medio,nao,nao,nao,trabalhador_de_escritorio,24.3,baixo
27,89,163,alto,5.9,alto,nao,nao,sim,engenheiro,33.5,alto
19,102,150,medio,7.1,medio,nao,sim,sim,estudante,45.3,alto
63,95,184,medio,10.0,alto,nao,nao,nao,motorista,28.1,alto
26,78,198,medio,7.3,medio,nao,nao,nao,agricultor,19.9,baixo
20,88,189,nenhum,10.0,medio,nao,nao,nao,artista,24.6,baixo
38,59,188,baixo,8.3,alto,nao,nao,nao,engenheiro,16.7,baixo
43,94,186,alto,5.1,alto,nao,nao,sim,agricultor,27.2,alto
25,76,179,alto,9.1,medio,sim,nao,nao,engenheiro,23.7,baixo
65,47,148,medio,5.6,medio,nao,sim,sim,trabalhador_de_escritorio,21.5,alto
19,95,177,alto,6.1,baixo,nao,nao,sim,agricultor,30.3,baixo
23,92,157,baixo,7.4,medio,nao,sim,sim,agricultor,37.3,alto
45,61,180,baixo,7.0,baixo,nao,nao,sim,professor,18.8,baixo
70,51,198,baixo,8.3,baixo,nao,nao,sim,engenheiro,13.0,alto
46,57,187,nenhum,7.8,medio,nao,nao,sim,medico,16.3,baixo
43,48,163,alto,6.8,alto,sim,nao,nao,motorista,18.1,alto
42,54,187,alto,9.5,baixo,nao,nao,sim,medico,15.4,baixo
29,61,156,alto,6.3,medio,nao,sim,sim,professor,25.1,alto
22,96,155,medio,5.5,medio,nao,sim,sim,professor,40.0,alto
51,50,150,baixo,7.7,alto,nao,nao,nao,professor,22.2,alto
65,53,156,baixo,7.0,baixo,sim,nao,nao,trabalhador_de_escritorio,21.8,alto
54,65,171,baixo,7.4,medio,nao,nao,sim,estudante,22.2,alto
32,68,185,medio,8.1,alto,nao,sim,nao,trabalhador_de_escritorio,19.9,baixo
61,48,169,medio,6.7,medio,nao,nao,sim,trabalhador_de_escritorio,16.8,baixo
53,68,186,alto,9.8,medio,sim,nao,nao,trabalhador_de_escritorio,19.7,alto
32,103,147,alto,7.4,alto,nao,nao,sim,professor,47.7,alto
60,47,147,nenhum,6.3,baixo,nao,nao,sim,professor,21.8,alto
65,84,164,nenhum,7.9,alto,nao,nao,sim,artista,31.2,alto
40,92,172,medio,6.9,alto,nao,nao,nao,estudante,31.1,alto
23,98,167,baixo,7.2,baixo,nao,nao,sim,trabalhador_de_escritorio,35.1,alto
63,79,192,medio,5.3,medio,sim,nao,sim,trabalhador_de_escritorio,21.4,alto
67,100,147,medio,5.5,medio,nao,nao,nao,agricultor,46.3,alto
61,84,186,baixo,8.6,alto,nao,nao,sim,estudante,24.3,alto
76,90,168,medio,5.1,baixo,sim,nao,nao,engenheiro,31.9,alto
60,57,187,medio,6.8,medio,nao,nao,sim,estudante,16.3,baixo
62,71,184,alto,7.5,baixo,sim,nao,sim,agricultor,21.0,alto
38,50,150,nenhum,9.1,alto,sim,nao,nao,engenheiro,22.2,alto
40,61,164,alto,6.3,medio,sim,sim,nao,trabalhador_de_escritorio,22.7,alto
60,80,155,medio,8.1,medio,nao,sim,nao,trabalhador_de_escritorio,33.3,alto
72,46,176,medio,6.8,medio,nao,nao,sim,estudante,14.9,baixo
33,96,171,nenhum,3.7,alto,sim,sim,nao,motorista,32.8,alto
64,96,165,medio,7.1,medio,nao,nao,sim,trabalhador_de_escritorio,35.3,alto
70,87,188,medio,6.9,medio,nao,sim,sim,agricultor,24.6,alto
77,66,192,medio,7.6,baixo,nao,nao,nao,professor,17.9,baixo
32,99,194,medio,6.0,medio,sim,nao,sim,engenheiro,26.3,alto
42,104,157,medio,6.2,medio,sim,nao,sim,artista,42.2,alto
53,102,166,alto,8.8,medio,nao,nao,nao,motorista,37.0,alto
28,56,179,baixo,6.5,medio,nao,nao,sim,estudante,17.5,baixo
68,83,191,alto,4.1,medio,nao,nao,sim,agricultor,22.8,alto
32,57,166,baixo,7.7,alto,nao,nao,sim,motorista,20.7,baixo
21,85,172,alto,8.3,baixo,sim,sim,nao,trabalhador_de_escritorio,28.7,alto
38,101,165,alto,8.3,baixo,nao,nao,sim,professor,37.1,baixo
30,97,190,baixo,6.1,alto,nao,sim,sim,artista,26.9,alto
39,56,162,medio,7.0,alto,nao,nao,sim,agricultor,21.3,baixo
36,57,175,medio,7.8,medio,nao,nao,sim,engenheiro,18.6,baixo
51,101,190,nenhum,8.4,alto,nao,nao,nao,motorista,28.0,alto
31,84,181,medio,7.8,medio,nao,nao,sim,motorista,25.6,baixo
78,89,165,baixo,8.2,alto,nao,nao,sim,motorista,32.7,alto
21,79,158,alto,5.9,medio,sim,nao,nao,trabalhador_de_escritorio,31.6,alto
65,47,169,alto,3.6,baixo,nao,nao,sim,engenheiro,16.5,alto
70,49,171,medio,8.6,medio,nao,nao,nao,motorista,16.8,baixo
69,55,184,medio,5.6,alto,sim,nao,sim,trabalhador_de_escritorio,16.2,alto
63,100,167,medio,6.7,medio,nao,nao,nao,trabalhador_de_escritorio,35.9,alto
44,54,175,baixo,8.2,alto,nao,nao,sim,medico,17.6,baixo
46,78,191,medio,7.0,medio,nao,nao,nao,engenheiro,21.4,baixo
64,75,173,medio,8.1,medio,nao,nao,nao,artista,25.1,alto
45,85,191,alto,10.0,medio,nao,nao,nao,professor,23.3,baixo
52,107,174,medio,7.8,medio,nao,sim,nao,trabalhador_de_escritorio,35.3,alto
25,76,195,medio,5.9,medio,nao,nao,nao,professor,20.0,baixo
33,64,170,medio,4.8,baixo,nao,nao,sim,agricultor,22.1,baixo
59,101,164,baixo,8.0,alto,sim,nao,sim,trabalhador_de_escritorio,37.6,alto
53,94,182,medio,7.1,medio,nao,nao,nao,estudante,28.4,alto
47,69,163,medio,4.9,alto,nao,nao,nao,motorista,26.0,alto
35,56,171,baixo,8.8,medio,sim,sim,sim,estudante,19.2,alto
19,83,169,medio,8.1,medio,nao,nao,sim,trabalhador_de_escritorio,29.1,baixo
66,61,184,medio,7.0,medio,nao,nao,sim,motorista,18.0,baixo
30,89,182,medio,10.0,alto,nao,nao,sim,trabalhador_de_escritorio,26.9,alto
21,55,196,medio,8.5,medio,sim,nao,nao,motorista,14.3,baixo
43,67,167,medio,5.5,alto,nao,nao,nao,professor,24.0,baixo
42,82,173,medio,8.8,medio,sim,nao,sim,medico,27.4,alto
47,46,159,alto,7.4,alto,nao,nao,sim,artista,18.2,baixo
28,81,147,baixo,9.8,alto,nao,nao,sim,engenheiro,37.5,alto
24,93,154,alto,8.4,medio,nao,nao,sim,trabalhador_de_escritorio,39.2,baixo
48,96,159,medio,7.7,medio,nao,nao,sim,engenheiro,38.0,baixo
61,77,160,medio,7.6,medio,nao,nao,nao,motorista,30.1,alto
27,66,161,medio,5.2,alto,nao,sim,sim,engenheiro,25.5,alto
56,49,163,baixo,6.2,medio,nao,nao,sim,motorista,18.4,alto
30,62,155,nenhum,7.3,medio,nao,nao,sim,estudante,25.8,alto
48,82,192,medio,4.9,medio,nao,nao,nao,engenheiro,22.2,baixo
24,81,149,medio,7.7,medio,nao,nao,nao,motorista,36.5,baixo
73,108,149,medio,5.9,medio,nao,nao,sim,professor,48.6,alto
66,54,158,medio,6.4,baixo,nao,sim,sim,estudante,21.6,alto
59,86,194,baixo,8.1,baixo,nao,sim,nao,motorista,22.9,alto
78,92,170,baixo,6.2,alto,nao,nao,sim,engenheiro,31.8,alto
59,88,152,medio,7.7,alto,nao,nao,nao,agricultor,38.1,alto
73,60,149,baixo,7.2,baixo,nao,nao,sim,artista,27.0,alto
53,98,151,medio,5.4,alto,sim,sim,nao,motorista,43.0,alto
37,79,160,baixo,8.3,baixo,sim,nao,sim,professor,30.9,alto
21,72,199,medio,8.4,medio,nao,nao,nao,estudante,18.2,baixo
71,46,158,nenhum,8.5,baixo,nao,nao,nao,professor,18.4,alto
24,57,181,baixo,9.9,alto,nao,sim,sim,agricultor,17.4,alto
71,85,185,medio,6.4,alto,nao,nao,sim,medico,24.8,alto
18,103,148,medio,4.1,medio,sim,nao,sim,medico,47.0,alto
61,97,180,baixo,6.0,medio,nao,nao,nao,motorista,29.9,alto
73,89,192,alto,8.4,medio,nao,nao,sim,trabalhador_de_escritorio,24.1,baixo
62,64,161,baixo,6.9,medio,nao,nao,sim,medico,24.7,alto
59,68,191,medio,4.9,baixo,nao,nao,sim,artista,18.6,alto
64,105,180,baixo,4.5,medio,sim,nao,nao,trabalhador_de_escritorio,32.4,alto
76,102,150,baixo,9.1,medio,nao,sim,sim,artista,45.3,alto
30,71,160,medio,7.9,medio,nao,sim,sim,engenheiro,27.7,alto
72,70,173,baixo,6.3,baixo,nao,nao,nao,trabalhador_de_escritorio,23.4,alto
39,51,180,medio,9.8,medio,nao,sim,nao,medico,15.7,baixo
71,86,182,baixo,10.0,medio,nao,sim,sim,trabalhador_de_escritorio,26.0,alto
38,91,181,medio,8.6,alto,nao,nao,sim,professor,27.8,alto
39,97,192,baixo,8.1,baixo,nao,sim,sim,artista,26.3,alto
45,103,192,baixo,7.8,medio,nao,nao,sim,medico,27.9,alto
26,82,154,nenhum,8.3,medio,nao,nao,sim,estudante,34.6,alto
43,97,185,medio,9.9,baixo,nao,nao,sim,estudante,28.3,baixo
26,59,180,medio,5.5,medio,nao,nao,sim,artista,18.2,baixo
32,70,173,alto,6.5,baixo,nao,nao,sim,trabalhador_de_escritorio,23.4,baixo
27,92,158,medio,6.9,baixo,sim,nao,nao,medico,36.9,alto
41,63,148,medio,7.9,medio,nao,nao,sim,estudante,28.8,baixo
75,53,188,medio,9.3,medio,nao,sim,nao,estudante,15.0,alto
74,108,186,nenhum,7.6,alto,nao,nao,sim,artista,31.2,alto
78,98,180,baixo,7.9,medio,nao,nao,sim,agricultor,30.2,alto
59,95,194,medio,8.0,medio,sim,sim,sim,medico,25.2,alto
25,83,189,medio,7.0,medio,nao,nao,nao,artista,23.2,baixo
41,48,157,nenhum,6.4,baixo,nao,sim,sim,agricultor,19.5,baixo
33,47,190,medio,7.1,alto,nao,nao,sim,trabalhador_de_escritorio,13.0,baixo
66,108,162,medio,6.0,medio,nao,nao,sim,agricultor,41.2,alto
43,73,177,medio,6.0,medio,nao,nao,sim,medico,23.3,baixo
44,55,165,baixo,7.6,medio,sim,nao,nao,professor,20.2,alto
54,102,160,medio,6.3,alto,nao,nao,sim,agricultor,39.8,alto
21,71,159,nenhum,9.8,baixo,nao,nao,nao,medico,28.1,alto
67,65,198,nenhum,7.2,baixo,nao,sim,nao,professor,16.6,alto
41,83,149,medio,9.0,baixo,nao,nao,sim,engenheiro,37.4,baixo
36,90,150,baixo,5.1,alto,nao,nao,nao,motorista,40.0,alto
53,80,182,baixo,5.2,baixo,nao,sim,sim,agricultor,24.2,alto
77,109,147,baixo,6.8,medio,nao,nao,sim,agricultor,50.4,alto
56,107,192,medio,8.4,medio,sim,sim,sim,trabalhador_de_escritorio,29.0,alto
27,79,156,nenhum,6.3,medio,sim,nao,nao,engenheiro,32.5,alto
42,75,180,baixo,6.8,alto,nao,nao,nao,trabalhador_de_escritorio,23.1,baixo
35,72,177,medio,8.5,medio,nao,nao,sim,trabalhador_de_escritorio,23.0,baixo
36,45,180,medio,6.4,medio,nao,sim,nao,medico,13.9,baixo
53,69,177,alto,5.9,alto,nao,nao,nao,artista,22.0,alto
27,87,175,baixo,8.1,baixo,sim,nao,sim,estudante,28.4,alto
50,107,165,baixo,5.0,baixo,nao,sim,sim,trabalhador_de_escritorio,39.3,alto
72,95,171,medio,6.4,medio,nao,nao,sim,artista,32.5,alto
67,46,171,baixo,7.2,medio,nao,nao,nao,agricultor,15.7,alto
22,108,152,alto,7.8,medio,nao,nao,sim,trabalhador_de_escritorio,46.7,baixo
64,53,181,medio,8.2,baixo,nao,nao,nao,professor,16.2,baixo
66,46,176,baixo,8.5,medio,sim,nao,nao,agricultor,14.9,alto
52,78,170,medio,6.5,medio,nao,nao,nao,motorista,27.0,alto
61,104,146,nenhum,8.4,alto,nao,sim,nao,medico,48.8,alto
51,105,156,alto,7.8,alto,nao,nao,nao,trabalhador_de_escritorio,43.1,alto
50,75,166,alto,8.1,baixo,nao,nao,nao,professor,27.2,baixo
72,54,161,medio,6.0,alto,nao,sim,sim,motorista,20.8,alto
38,80,151,nenhum,8.0,baixo,nao,nao,sim,artista,35.1,alto
34,93,187,baixo,6.8,alto,nao,sim,sim,professor,26.6,alto
39,93,148,baixo,7.1,medio,nao,nao,sim,agricultor,42.5,alto
65,47,181,baixo,7.2,medio,nao,sim,sim,trabalhador_de_escritorio,14.3,alto
54,49,182,medio,10.0,medio,nao,nao,sim,professor,14.8,baixo
32,105,176,alto,5.6,baixo,nao,sim,nao,trabalhador_de_escritorio,33.9,alto
52,70,155,medio,8.8,baixo,sim,nao,sim,agricultor,29.1,alto
45,49,145,medio,9.1,medio,nao,nao,nao,engenheiro,23.3,baixo
24,59,169,medio,8.2,alto,nao,nao,nao,professor,20.7,baixo
49,60,186,alto,6.2,medio,sim,nao,nao,medico,17.3,baixo
28,45,196,nenhum,9.5,baixo,nao,sim,sim,artista,11.7,baixo
27,60,168,medio,6.5,alto,sim,nao,sim,trabalhador_de_escritorio,21.3,alto
26,81,197,medio,8.0,baixo,nao,nao,nao,motorista,20.9,baixo
31,47,187,alto,7.2,alto,nao,sim,sim,agricultor,13.4,baixo
30,96,161,alto,6.4,medio,nao,sim,nao,agricultor,37.0,alto
78,91,152,medio,7.8,medio,nao,sim,nao,motorista,39.4,alto
74,57,189,baixo,9.8,baixo,nao,nao,sim,medico,16.0,alto
79,99,171,medio,7.4,alto,nao,nao,sim,estudante,33.9,alto
42,65,196,nenhum,10.0,baixo,nao,nao,sim,engenheiro,16.9,baixo
19,98,162,medio,6.7,baixo,nao,nao,nao,trabalhador_de_escritorio,37.3,baixo
52,71,171,medio,7.1,medio,nao,nao,sim,engenheiro,24.3,baixo
24,82,166,medio,5.2,alto,nao,nao,sim,artista,29.8,alto
38,102,160,alto,6.2,baixo,nao,nao,sim,agricultor,39.8,baixo
35,106,146,medio,6.7,medio,nao,sim,nao,professor,49.7,alto
20,90,149,baixo,6.5,medio,nao,nao,nao,engenheiro,40.5,alto
59,55,162,baixo,5.6,medio,nao,sim,sim,professor,21.0,alto
71,52,147,alto,5.9,medio,nao,sim,sim,medico,24.1,alto
78,108,171,baixo,6.6,medio,nao,sim,sim,agricultor,36.9,alto
56,65,198,baixo,8.8,medio,nao,sim,nao,professor,16.6,alto
58,107,161,baixo,4.8,medio,nao,sim,sim,trabalhador_de_escritorio,41.3,alto
66,108,160,medio,3.9,baixo,sim,nao,sim,estudante,42.2,alto
28,64,150,nenhum,4.4,medio,nao,sim,nao,agricultor,28.4,alto
56,52,195,alto,5.7,baixo,sim,nao,nao,medico,13.7,alto
41,102,151,alto,8.0,medio,sim,nao,sim,trabalhador_de_escritorio,44.7,alto
77,90,194,alto,6.5,medio,nao,nao,sim,agricultor,23.9,baixo
63,75,158,nenhum,6.4,alto,sim,nao,sim,engenheiro,30.0,alto
36,53,182,alto,6.4,medio,nao,nao,sim,artista,16.0,baixo
21,59,184,alto,4.2,baixo,nao,sim,nao,motorista,17.4,baixo
43,70,159,alto,8.3,baixo,nao,nao,sim,agricultor,27.7,baixo
55,54,191,medio,9.0,medio,sim,nao,nao,trabalhador_de_escritorio,14.8,alto
59,73,191,medio,6.5,medio,nao,nao,sim,professor,20.0,baixo
49,80,192,nenhum,7.1,medio,nao,nao,sim,artista,21.7,baixo
56,81,177,alto,7.2,medio,nao,nao,nao,professor,25.9,alto
62,67,187,nenhum,5.4,alto,nao,nao,sim,agricultor,19.2,alto
63,85,171,baixo,6.3,alto,nao,nao,sim,agricultor,29.1,alto
53,72,173,alto,9.7,baixo,nao,nao,nao,medico,24.1,baixo
57,92,181,medio,7.0,medio,sim,nao,nao,engenheiro,28.1,alto
54,82,149,nenhum,7.3,baixo,nao,nao,nao,medico,36.9,alto
50,75,173,alto,6.0,medio,nao,sim,sim,motorista,25.1,alto
53,58,176,alto,6.4,medio,nao,nao,sim,medico,18.7,baixo
20,73,197,baixo,8.0,medio,nao,nao,nao,professor,18.8,baixo
26,95,150,alto,5.7,medio,nao,nao,sim,estudante,42.2,alto
25,93,146,baixo,9.4,alto,nao,nao,nao,estudante,43.6,alto
50,87,150,baixo,4.6,medio,nao,nao,nao,professor,38.7,alto
76,49,190,baixo,6.1,medio,nao,nao,nao,trabalhador_de_escritorio,13.6,alto
23,86,187,nenhum,4.8,baixo,nao,nao,sim,motorista,24.6,baixo
58,51,148,baixo,9.0,medio,sim,nao,nao,motorista,23.3,alto
56,86,173,nenhum,6.9,baixo,nao,nao,nao,medico,28.7,alto
21,80,169,alto,6.6,medio,nao,sim,nao,estudante,28.0,alto
30,71,153,medio,7.6,baixo,sim,sim,nao,artista,30.3,alto
66,102,147,alto,9.1,baixo,sim,nao,sim,trabalhador_de_escritorio,47.2,alto
77,90,170,medio,7.3,baixo,nao,nao,sim,agricultor,31.1,alto
19,69,192,nenhum,8.7,baixo,nao,nao,sim,trabalhador_de_escritorio,18.7,baixo
77,71,187,alto,6.6,medio,sim,sim,sim,professor,20.3,alto
22,45,171,alto,5.6,medio,nao,sim,nao,medico,15.4,baixo
61,86,180,baixo,7.3,baixo,nao,nao,sim,professor,26.5,alto
44,96,176,nenhum,6.0,medio,sim,nao,sim,agricultor,31.0,alto
49,69,145,medio,8.0,medio,nao,nao,sim,engenheiro,32.8,baixo
38,98,197,medio,6.4,medio,nao,nao,sim,artista,25.3,baixo
25,50,198,alto,6.9,medio,nao,sim,nao,motorista,12.8,baixo
55,102,160,nenhum,3.6,medio,nao,sim,nao,medico,39.8,alto
25,97,195,nenhum,6.8,alto,sim,nao,sim,professor,25.5,alto
67,102,192,medio,6.6,medio,nao,sim,nao,estudante,27.7,alto
20,46,155,medio,8.7,alto,nao,sim,sim,engenheiro,19.1,baixo
71,66,170,nenhum,8.3,medio,nao,nao,nao,agricultor,22.8,alto
61,81,184,baixo,7.0,alto,sim,nao,sim,engenheiro,23.9,alto
78,64,199,medio,4.6,alto,nao,sim,sim,professor,16.2,alto
75,68,145,medio,6.3,baixo,nao,nao,sim,professor,32.3,alto
20,109,170,baixo,8.7,baixo,nao,nao,sim,agricultor,37.7,alto
39,109,172,medio,6.7,medio,nao,sim,nao,agricultor,36.8,alto
23,45,197,alto,5.4,medio,nao,nao,nao,engenheiro,11.6,baixo
19,47,153,alto,8.7,alto,sim,sim,nao,engenheiro,20.1,alto
40,90,188,baixo,4.6,baixo,nao,sim,sim,motorista,25.5,alto
61,99,166,baixo,6.8,alto,nao,nao,sim,motorista,35.9,alto
19,108,152,alto,7.8,baixo,sim,nao,nao,professor,46.7,alto
55,89,193,baixo,7.2,baixo,nao,nao,sim,agricultor,23.9,alto
34,70,186,medio,5.1,alto,nao,sim,nao,trabalhador_de_escritorio,20.2,alto
52,109,171,medio,5.6,baixo,nao,sim,sim,agricultor,37.3,alto
51,68,183,baixo,6.0,medio,sim,nao,sim,medico,20.3,alto
40,79,163,medio,8.2,baixo,nao,sim,nao,medico,29.7,alto
47,68,169,medio,7.3,alto,nao,nao,nao,agricultor,23.8,baixo
69,72,182,medio,6.4,medio,nao,sim,nao,engenheiro,21.7,alto
25,60,165,nenhum,7.6,alto,sim,nao,sim,medico,22.0,alto
39,103,168,alto,5.9,medio,nao,nao,nao,estudante,36.5,alto
61,98,168,medio,8.1,medio,nao,nao,sim,artista,34.7,alto
75,60,163,medio,7.7,baixo,sim,nao,sim,motorista,22.6,alto
53,59,194,alto,6.7,baixo,nao,sim,sim,professor,15.7,alto
22,55,191,medio,6.8,medio,nao,nao,nao,professor,15.1,baixo
30,109,146,medio,6.5,medio,nao,nao,sim,estudante,51.1,baixo
46,87,158,alto,8.5,baixo,nao,sim,sim,artista,34.9,alto
48,57,197,baixo,7.3,baixo,nao,sim,nao,artista,14.7,baixo
64,54,176,medio,6.7,baixo,nao,sim,sim,estudante,17.4,alto
74,85,186,alto,5.5,medio,nao,sim,sim,professor,24.6,alto
72,94,176,baixo,7.9,baixo,nao,nao,sim,estudante,30.3,alto
33,103,172,nenhum,7.8,baixo,nao,nao,nao,motorista,34.8,alto
59,83,192,alto,6.2,baixo,nao,nao,sim,agricultor,22.5,baixo
79,47,183,alto,6.4,alto,nao,nao,nao,medico,14.0,alto
47,51,184,alto,6.8,baixo,sim,nao,sim,engenheiro,15.1,baixo
74,93,186,nenhum,5.3,alto,nao,nao,sim,estudante,26.9,alto
72,70,191,baixo,7.1,medio,nao,nao,sim,motorista,19.2,alto
33,77,184,nenhum,4.5,medio,nao,nao,sim,estudante,22.7,baixo
29,92,157,medio,5.1,baixo,nao,sim,sim,motorista,37.3,alto
34,46,156,medio,6.2,medio,nao,nao,sim,professor,18.9,baixo
33,76,152,baixo,6.1,baixo,nao,nao,nao,artista,32.9,alto
29,48,159,nenhum,7.7,baixo,nao,nao,nao,motorista,19.0,baixo
25,64,170,medio,7.4,alto,nao,nao,nao,motorista,22.1,baixo
37,80,156,medio,9.1,medio,nao,nao,nao,engenheiro,32.9,baixo
20,76,187,nenhum,7.1,baixo,nao,nao,nao,estudante,21.7,baixo
33,72,195,alto,7.3,medio,nao,nao,sim,motorista,18.9,baixo
47,45,190,baixo,5.3,medio,sim,nao,sim,professor,12.5,alto
62,104,171,medio,5.3,medio,nao,nao,sim,motorista,35.6,alto
40,100,162,alto,7.1,medio,nao,nao,nao,agricultor,38.1,baixo
45,79,189,medio,7.1,baixo,nao,sim,sim,professor,22.1,baixo
68,74,180,baixo,7.4,baixo,sim,nao,sim,agricultor,22.8,alto
57,98,193,baixo,8.9,medio,nao,nao,sim,estudante,26.3,alto
71,80,195,alto,5.3,medio,nao,nao,nao,artista,21.0,alto
22,99,171,baixo,9.5,medio,sim,nao,nao,medico,33.9,alto
37,102,153,medio,4.8,medio,nao,nao,sim,artista,43.6,alto
57,109,199,alto,7.6,medio,sim,nao,sim,artista,27.5,alto
73,95,183,alto,5.1,medio,sim,nao,sim,estudante,28.4,alto
61,66,145,medio,8.1,alto,nao,nao,sim,medico,31.4,alto
18,97,151,alto,4.8,baixo,nao,nao,sim,engenheiro,42.5,alto
74,80,170,alto,3.0,medio,nao,nao,sim,estudante,27.7,alto
47,80,151,baixo,7.2,alto,nao,nao,nao,motorista,35.1,alto
38,96,196,baixo,6.8,medio,nao,nao,sim,professor,25.0,baixo
37,97,151,nenhum,8.7,medio,nao,nao,nao,medico,42.5,alto
23,94,152,nenhum,7.1,baixo,nao,sim,sim,motorista,40.7,alto
39,85,160,alto,5.9,alto,nao,nao,nao,trabalhador_de_escritorio,33.2,alto
35,62,147,medio,6.2,medio,nao,nao,nao,trabalhador_de_escritorio,28.7,baixo
25,66,189,alto,10.0,medio,nao,sim,nao,engenheiro,18.5,baixo
56,65,154,medio,5.7,baixo,nao,nao,nao,motorista,27.4,alto
49,88,194,medio,7.8,baixo,sim,sim,sim,artista,23.4,alto
50,91,151,medio,7.6,medio,sim,sim,sim,medico,39.9,alto
70,83,165,nenhum,7.8,baixo,nao,nao,sim,agricultor,30.5,alto
33,73,197,alto,7.7,alto,sim,nao,sim,motorista,18.8,alto
29,98,181,medio,6.6,alto,nao,sim,sim,trabalhador_de_escritorio,29.9,alto
55,61,175,medio,4.4,medio,nao,nao,sim,motorista,19.9,alto
69,104,167,nenhum,7.2,baixo,sim,sim,sim,medico,37.3,alto
51,75,171,alto,7.0,baixo,nao,nao,sim,agricultor,25.6,alto
78,93,166,alto,7.2,medio,nao,sim,nao,professor,33.7,alto
31,46,183,medio,7.8,baixo,sim,sim,nao,artista,13.7,alto
53,92,171,medio,6.4,medio,sim,sim,nao,motorista,31.5,alto
50,58,198,medio,6.1,baixo,sim,nao,sim,medico,14.8,baixo
40,103,193,baixo,8.4,medio,nao,nao,sim,estudante,27.7,alto
67,102,148,baixo,6.5,alto,nao,nao,sim,estudante,46.6,alto
62,102,168,medio,6.3,medio,nao,nao,sim,professor,36.1,alto
19,95,167,nenhum,6.1,alto,nao,nao,nao,trabalhador_de_escritorio,34.1,alto
58,46,192,medio,7.9,medio,nao,nao,sim,professor,12.5,baixo
38,85,163,medio,6.7,medio,nao,nao,sim,estudante,32.0,baixo
19,60,186,baixo,10.0,medio,sim,nao,nao,trabalhador_de_escritorio,17.3,alto
44,48,147,baixo,7.1,baixo,nao,nao,sim,engenheiro,22.2,baixo
74,56,171,baixo,5.2,alto,nao,sim,nao,engenheiro,19.2,alto
26,73,147,baixo,6.3,medio,nao,nao,sim,trabalhador_de_escritorio,33.8,alto
18,51,172,medio,8.0,medio,nao,nao,nao,agricultor,17.2,baixo
28,58,161,medio,6.1,medio,sim,nao,sim,engenheiro,22.4,baixo
20,56,175,alto,7.0,baixo,nao,nao,sim,artista,18.3,baixo
69,49,154,nenhum,8.5,alto,sim,nao,sim,agricultor,20.7,alto
79,76,193,alto,8.7,baixo,sim,sim,sim,estudante,20.4,alto
40,87,166,baixo,6.2,alto,nao,nao,sim,agricultor,31.6,alto
43,89,174,medio,6.6,baixo,nao,nao,nao,agricultor,29.4,baixo
21,53,193,medio,7.1,medio,nao,nao,nao,estudante,14.2,baixo
35,93,165,medio,9.0,medio,nao,nao,nao,medico,34.2,baixo
72,77,180,medio,5.4,alto,nao,nao,sim,motorista,23.8,alto
23,62,197,baixo,7.5,alto,nao,sim,sim,estudante,16.0,alto
52,53,167,baixo,7.1,alto,nao,nao,sim,artista,19.0,alto
39,106,182,alto,5.7,medio,sim,sim,sim,estudante,32.0,alto
60,101,156,baixo,8.9,baixo,nao,nao,sim,medico,41.5,alto
32,73,169,baixo,8.5,medio,nao,nao,sim,motorista,25.6,alto
39,69,198,nenhum,9.3,medio,nao,nao,sim,motorista,17.6,baixo
77,59,164,baixo,8.8,medio,nao,nao,sim,agricultor,21.9,alto
54,50,193,medio,7.0,medio,sim,nao,nao,trabalhador_de_escritorio,13.4,alto
69,86,193,medio,7.9,medio,nao,nao,sim,motorista,23.1,baixo
59,73,186,baixo,7.5,medio,nao,sim,sim,engenheiro,21.1,alto
29,48,151,nenhum,5.6,alto,nao,sim,nao,professor,21.1,alto
64,101,173,medio,5.0,alto,nao,nao,nao,medico,33.7,alto
66,93,192,medio,7.6,medio,nao,nao,nao,medico,25.2,alto
59,88,173,alto,7.1,medio,nao,nao,sim,artista,29.4,alto
55,58,157,alto,6.5,medio,nao,sim,sim,professor,23.5,alto
35,47,147,alto,6.9,baixo,nao,nao,nao,agricultor,21.8,baixo
62,106,146,medio,9.7,baixo,nao,nao,nao,artista,49.7,alto
52,108,160,medio,3.7,baixo,nao,nao,nao,artista,42.2,alto
47,89,174,nenhum,8.0,baixo,nao,nao,nao,motorista,29.4,alto
41,102,182,medio,8.3,baixo,nao,nao,sim,artista,30.8,baixo
59,64,150,nenhum,8.5,alto,nao,sim,nao,professor,28.4,alto
47,102,189,alto,4.9,medio,sim,nao,nao,agricultor,28.6,alto
31,101,151,medio,6.6,medio,nao,nao,sim,artista,44.3,baixo
23,96,149,medio,6.5,medio,nao,nao,nao,medico,43.2,baixo
20,81,151,nenhum,7.4,medio,nao,nao,nao,artista,35.5,alto
33,52,178,medio,5.3,baixo,nao,nao,sim,professor,16.4,baixo
24,88,176,baixo,7.6,baixo,nao,nao,sim,motorista,28.4,alto
69,49,193,baixo,5.7,alto,nao,nao,nao,estudante,13.2,alto
31,75,157,baixo,6.6,medio,nao,nao,sim,trabalhador_de_escritorio,30.4,alto
26,89,174,nenhum,9.0,medio,nao,nao,sim,engenheiro,29.4,alto
32,53,169,medio,8.3,medio,nao,nao,sim,engenheiro,18.6,baixo
38,76,165,medio,7.2,baixo,nao,sim,sim,engenheiro,27.9,alto
52,77,165,alto,4.9,medio,nao,sim,nao,professor,28.3,alto
19,74,172,medio,7.5,medio,nao,nao,sim,artista,25.0,baixo
44,73,192,baixo,7.6,medio,nao,nao,sim,artista,19.8,baixo
19,47,164,alto,3.9,baixo,nao,sim,nao,motorista,17.5,baixo
52,101,178,medio,7.5,alto,nao,nao,nao,estudante,31.9,alto
35,74,149,medio,5.4,medio,nao,nao,sim,agricultor,33.3,alto
31,53,162,medio,4.8,medio,nao,nao,nao,motorista,20.2,baixo
37,70,183,alto,5.3,medio,nao,nao,sim,estudante,20.9,baixo
35,46,187,baixo,3.8,medio,nao,nao,sim,motorista,13.2,baixo
27,106,155,baixo,6.4,medio,nao,nao,sim,artista,44.1,alto
42,47,198,medio,5.5,baixo,nao,nao,sim,artista,12.0,baixo
19,90,161,nenhum,8.7,medio,sim,nao,sim,medico,34.7,alto
42,69,192,alto,6.5,baixo,nao,nao,sim,engenheiro,18.7,baixo
78,95,189,medio,5.9,baixo,nao,nao,sim,professor,26.6,alto
71,57,166,medio,4.6,baixo,nao,sim,nao,engenheiro,20.7,alto
50,88,181,medio,6.4,medio,nao,nao,sim,motorista,26.9,baixo
53,79,164,baixo,9.0,baixo,nao,sim,sim,agricultor,29.4,alto
48,99,192,alto,9.3,baixo,sim,nao,sim,artista,26.9,alto
31,53,198,alto,6.5,medio,nao,sim,sim,trabalhador_de_escritorio,13.5,baixo
18,46,198,medio,6.9,alto,nao,nao,sim,artista,11.7,baixo
63,105,192,alto,8.1,medio,sim,nao,sim,trabalhador_de_escritorio,28.5,alto
33,85,192,nenhum,5.5,alto,nao,nao,nao,estudante,23.1,alto
71,88,190,alto,7.6,medio,nao,nao,nao,artista,24.4,baixo
63,108,150,baixo,10.0,medio,sim,nao,nao,estudante,48.0,alto
78,75,178,baixo,8.1,medio,sim,nao,sim,estudante,23.7,alto
69,91,158,baixo,8.1,baixo,nao,nao,nao,motorista,36.5,alto
20,46,192,baixo,9.0,baixo,nao,nao,sim,medico,12.5,baixo
52,102,167,baixo,8.4,medio,nao,nao,sim,trabalhador_de_escritorio,36.6,alto
58,88,164,alto,6.6,baixo,nao,sim,nao,trabalhador_de_escritorio,32.7,alto
23,100,157,alto,5.2,medio,sim,nao,sim,artista,40.6,alto
42,87,191,nenhum,6.8,medio,sim,nao,nao,professor,23.8,alto
30,78,188,nenhum,5.5,baixo,nao,nao,sim,artista,22.1,baixo
70,74,185,alto,6.6,alto,nao,nao,sim,estudante,21.6,alto
51,99,176,baixo,5.7,medio,nao,nao,nao,professor,32.0,alto
25,57,170,baixo,6.4,medio,nao,sim,sim,estudante,19.7,baixo
38,47,194,medio,4.8,alto,nao,sim,sim,medico,12.5,alto
51,70,197,medio,6.0,baixo,sim,nao,sim,motorista,18.0,alto
21,101,158,baixo,7.6,medio,nao,sim,nao,artista,40.5,alto
42,68,196,medio,8.0,medio,nao,nao,sim,medico,17.7,baixo
32,97,180,medio,7.7,medio,nao,nao,nao,motorista,29.9,baixo
21,87,152,nenhum,6.4,alto,nao,nao,nao,professor,37.7,alto
62,104,184,alto,7.2,medio,nao,nao,sim,artista,30.7,alto
77,102,166,medio,9.9,baixo,nao,sim,nao,trabalhador_de_escritorio,37.0,alto
29,93,166,baixo,5.9,baixo,nao,nao,nao,motorista,33.7,alto
49,86,160,baixo,9.4,medio,sim,sim,nao,agricultor,33.6,alto
49,55,171,nenhum,4.8,medio,nao,nao,sim,trabalhador_de_escritorio,18.8,baixo
45,62,154,medio,4.4,baixo,nao,sim,nao,trabalhador_de_escritorio,26.1,alto
30,96,169,nenhum,6.8,medio,nao,nao,nao,agricultor,33.6,alto
48,90,175,medio,6.9,medio,nao,nao,nao,estudante,29.4,baixo
31,88,165,nenhum,5.3,baixo,sim,nao,sim,medico,32.3,alto
37,66,171,medio,6.5,alto,sim,nao,sim,professor,22.6,alto
35,97,161,medio,7.6,baixo,nao,nao,sim,medico,37.4,baixo
46,103,177,medio,5.5,baixo,nao,nao,sim,medico,32.9,alto
77,74,175,medio,8.5,baixo,sim,sim,sim,artista,24.2,alto
23,52,194,alto,8.7,alto,sim,nao,nao,artista,13.8,alto
49,101,186,medio,8.9,medio,nao,sim,sim,medico,29.2,alto
46,64,170,baixo,5.6,baixo,nao,nao,nao,professor,22.1,baixo
60,69,165,medio,5.8,medio,nao,nao,sim,medico,25.3,alto
79,63,180,alto,6.7,medio,nao,nao,sim,artista,19.4,baixo
19,49,145,nenhum,6.6,medio,nao,nao,sim,medico,23.3,baixo
77,71,148,baixo,6.5,medio,nao,nao,nao,engenheiro,32.4,alto
40,84,148,medio,8.1,baixo,nao,nao,sim,trabalhador_de_escritorio,38.3,baixo
36,70,170,medio,7.9,baixo,nao,sim,sim,estudante,24.2,baixo
48,71,148,medio,5.7,medio,nao,nao,sim,artista,32.4,alto
68,106,193,baixo,5.3,baixo,nao,nao,sim,engenheiro,28.5,alto
22,94,153,nenhum,5.1,alto,nao,sim,sim,professor,40.2,alto
36,86,174,alto,5.7,baixo,nao,nao,sim,motorista,28.4,alto
51,73,195,nenhum,8.3,medio,nao,sim,sim,motorista,19.2,alto
27,83,189,nenhum,7.2,baixo,nao,nao,sim,agricultor,23.2,baixo
42,104,148,medio,8.4,alto,nao,nao,nao,motorista,47.5,alto
19,85,149,alto,4.4,baixo,nao,nao,sim,agricultor,38.3,alto
79,77,189,medio,7.4,alto,nao,nao,sim,motorista,21.6,alto
28,60,167,alto,7.4,baixo,sim,nao,sim,engenheiro,21.5,baixo
67,67,160,nenhum,8.8,medio,nao,sim,sim,engenheiro,26.2,alto
78,51,166,baixo,6.4,medio,nao,nao,sim,estudante,18.5,alto
48,70,181,baixo,6.3,medio,nao,sim,nao,engenheiro,21.4,baixo
73,56,152,alto,9.3,baixo,nao,sim,nao,trabalhador_de_escritorio,24.2,alto
32,49,192,medio,6.7,alto,sim,sim,sim,professor,13.3,alto
26,93,177,nenhum,7.3,baixo,sim,sim,nao,artista,29.7,alto
40,70,199,medio,7.7,medio,sim,nao,nao,estudante,17.7,baixo
36,49,182,baixo,4.5,medio,nao,nao,sim,motorista,14.8,baixo
26,66,187,medio,7.1,alto,nao,nao,sim,motorista,18.9,baixo
52,57,160,alto,5.1,medio,nao,sim,sim,motorista,22.3,alto
38,72,149,baixo,6.9,baixo,nao,nao,sim,medico,32.4,alto
26,77,160,baixo,6.6,medio,nao,nao,sim,engenheiro,30.1,alto
45,67,151,baixo,6.2,baixo,nao,nao,sim,trabalhador_de_escritorio,29.4,alto
79,62,195,baixo,7.9,baixo,sim,nao,nao,agricultor,16.3,alto
63,74,145,nenhum,7.1,medio,nao,sim,nao,artista,35.2,alto
68,70,153,medio,5.4,alto,sim,nao,sim,artista,29.9,alto
24,60,162,baixo,5.4,alto,nao,sim,sim,agricultor,22.9,alto
33,83,189,alto,8.3,baixo,nao,nao,nao,agricultor,23.2,baixo
33,77,191,baixo,6.9,medio,nao,nao,nao,engenheiro,21.1,baixo
77,70,147,baixo,4.9,baixo,sim,nao,nao,agricultor,32.4,alto
50,92,168,baixo,6.4,medio,nao,sim,sim,agricultor,32.6,alto
21,109,172,medio,6.8,baixo,nao,nao,sim,agricultor,36.8,baixo
21,82,154,medio,5.1,medio,nao,sim,nao,medico,34.6,alto
56,46,153,alto,6.0,alto,nao,nao,nao,agricultor,19.7,alto
57,50,157,medio,8.4,baixo,sim,sim,sim,trabalhador_de_escritorio,20.3,alto
34,90,192,alto,10.0,medio,nao,nao,nao,engenheiro,24.4,baixo
54,94,179,medio,7.5,baixo,nao,sim,sim,motorista,29.3,alto
56,82,198,nenhum,5.0,alto,nao,nao,sim,medico,20.9,alto
77,62,167,alto,6.7,baixo,nao,sim,sim,medico,22.2,alto
69,71,191,alto,7.2,medio,sim,nao,nao,engenheiro,19.5,alto
46,85,161,alto,8.2,alto,nao,nao,sim,agricultor,32.8,alto
69,61,190,nenhum,8.2,baixo,nao,nao,sim,motorista,16.9,alto
53,106,151,medio,9.0,medio,nao,sim,nao,estudante,46.5,alto
77,73,196,baixo,7.0,baixo,nao,nao,nao,motorista,19.0,alto
55,102,160,baixo,7.0,alto,nao,nao,sim,agricultor,39.8,alto
56,66,197,medio,4.2,baixo,nao,nao,sim,professor,17.0,alto
67,50,184,alto,5.5,alto,nao,sim,sim,estudante,14.8,alto
54,70,180,medio,5.0,alto,nao,nao,sim,agricultor,21.6,alto
69,83,164,alto,5.7,medio,nao,nao,sim,artista,30.9,alto
79,56,168,nenhum,5.3,medio,nao,sim,sim,motorista,19.8,alto
78,58,191,nenhum,5.4,medio,nao,sim,sim,trabalhador_de_escritorio,15.9,alto
52,66,149,medio,8.6,baixo,nao,nao,nao,agricultor,29.7,alto
24,95,189,baixo,4.1,medio,nao,sim,nao,engenheiro,26.6,alto
44,67,150,alto,6.7,baixo,sim,sim,sim,agricultor,29.8,alto
45,92,172,baixo,8.3,medio,sim,nao,sim,engenheiro,31.1,alto
39,94,149,medio,6.5,alto,sim,sim,sim,medico,42.3,alto
31,57,193,medio,9.0,alto,nao,nao,sim,professor,15.3,baixo
24,54,183,baixo,6.1,medio,nao,nao,nao,medico,16.1,baixo
54,99,182,alto,9.6,medio,nao,nao,nao,engenheiro,29.9,alto
78,53,146,medio,4.6,alto,nao,nao,nao,artista,24.9,alto
39,96,187,medio,9.0,alto,nao,sim,nao,professor,27.5,alto
22,46,183,alto,5.7,medio,nao,nao,nao,medico,13.7,baixo
79,69,198,baixo,9.2,baixo,nao,nao,sim,agricultor,17.6,alto
72,57,165,alto,6.3,medio,sim,nao,nao,motorista,20.9,alto
19,95,184,nenhum,8.7,medio,nao,nao,sim,artista,28.1,alto
79,102,181,baixo,8.9,medio,nao,nao,nao,motorista,31.1,alto
44,78,162,alto,6.1,alto,nao,nao,sim,artista,29.7,alto
38,79,198,alto,8.5,alto,nao,nao,sim,agricultor,20.2,baixo
71,47,192,baixo,7.0,medio,sim,sim,sim,estudante,12.7,alto
55,103,190,medio,4.8,baixo,nao,nao,sim,artista,28.5,alto
32,92,156,alto,7.8,baixo,nao,nao,nao,professor,37.8,baixo
38,108,161,baixo,5.5,baixo,nao,nao,nao,medico,41.7,alto
27,63,181,nenhum,6.0,medio,nao,sim,sim,estudante,19.2,baixo
40,49,190,medio,5.7,alto,nao,nao,sim,trabalhador_de_escritorio,13.6,baixo
75,55,182,nenhum,7.6,medio,nao,nao,sim,trabalhador_de_escritorio,16.6,alto
73,45,159,baixo,5.5,medio,nao,nao,sim,estudante,17.8,alto
56,107,151,alto,5.2,baixo,nao,nao,sim,trabalhador_de_escritorio,46.9,alto
22,73,158,nenhum,5.4,medio,sim,nao,sim,medico,29.2,alto
18,56,194,alto,5.9,alto,nao,nao,sim,motorista,14.9,baixo
30,85,145,medio,7.7,medio,nao,sim,nao,medico,40.4,alto
38,46,182,medio,8.4,baixo,nao,sim,nao,estudante,13.9,baixo
43,81,147,medio,8.3,alto,nao,nao,sim,artista,37.5,alto
67,89,181,medio,6.9,baixo,nao,sim,nao,medico,27.2,alto
62,92,188,nenhum,6.9,medio,nao,sim,sim,engenheiro,26.0,alto
38,68,175,nenhum,6.7,baixo,nao,nao,nao,motorista,22.2,baixo
70,66,187,medio,7.7,medio,nao,nao,nao,trabalhador_de_escritorio,18.9,baixo
35,55,157,baixo,8.7,baixo,nao,sim,sim,estudante,22.3,baixo
54,102,192,nenhum,6.8,medio,nao,nao,sim,trabalhador_de_escritorio,27.7,alto
62,90,162,alto,7.8,medio,sim,nao,nao,trabalhador_de_escritorio,34.3,alto
49,73,161,alto,5.1,baixo,nao,nao,sim,estudante,28.2,alto
53,79,161,baixo,8.3,alto,sim,nao,sim,motorista,30.5,alto
34,59,155,nenhum,7.3,baixo,nao,nao,nao,engenheiro,24.6,baixo
52,104,164,medio,5.5,alto,sim,nao,sim,engenheiro,38.7,alto
66,86,154,alto,8.6,medio,nao,nao,sim,artista,36.3,alto
77,87,173,nenhum,5.1,medio,sim,nao,nao,artista,29.1,alto
28,93,192,nenhum,3.6,medio,nao,nao,nao,estudante,25.2,alto
38,108,178,alto,8.3,baixo,nao,sim,nao,medico,34.1,alto
69,76,161,alto,7.6,medio,sim,nao,sim,motorista,29.3,alto
72,108,198,medio,5.2,medio,nao,nao,sim,artista,27.5,alto
70,46,196,baixo,7.5,alto,nao,nao,nao,motorista,12.0,alto
43,68,186,medio,8.8,alto,nao,nao,nao,trabalhador_de_escritorio,19.7,baixo
79,82,157,medio,7.4,baixo,nao,nao,sim,trabalhador_de_escritorio,33.3,alto
21,75,188,baixo,10.0,medio,nao,nao,nao,motorista,21.2,baixo
51,70,191,baixo,5.7,medio,nao,nao,nao,agricultor,19.2,alto
69,73,183,baixo,3.6,medio,nao,nao,nao,motorista,21.8,alto
65,69,171,medio,4.9,alto,nao,sim,sim,estudante,23.6,alto
77,92,198,medio,3.6,baixo,nao,nao,sim,artista,23.5,alto
35,109,197,alto,10.0,medio,nao,nao,sim,agricultor,28.1,baixo
57,97,170,medio,7.0,medio,sim,nao,sim,agricultor,33.6,alto
52,62,172,alto,9.9,baixo,nao,sim,sim,engenheiro,21.0,alto
58,53,157,alto,6.5,medio,nao,sim,nao,artista,21.5,alto
46,82,156,baixo,5.6,baixo,nao,nao,nao,medico,33.7,alto
69,65,188,baixo,4.4,medio,nao,sim,nao,professor,18.4,alto
46,109,172,medio,6.4,medio,nao,nao,sim,trabalhador_de_escritorio,36.8,baixo
55,65,146,nenhum,8.3,baixo,nao,nao,sim,artista,30.5,alto
59,71,181,alto,6.7,baixo,sim,sim,sim,agricultor,21.7,alto
38,88,178,nenhum,4.6,alto,nao,nao,nao,trabalhador_de_escritorio,27.8,alto
59,72,167,baixo,8.0,alto,sim,sim,sim,trabalhador_de_escritorio,25.8,alto
30,89,196,medio,8.3,alto,nao,nao,sim,trabalhador_de_escritorio,23.2,baixo
66,61,189,medio,6.2,alto,nao,nao,sim,motorista,17.1,alto
58,84,173,medio,6.0,baixo,nao,nao,sim,medico,28.1,alto
34,47,179,medio,4.4,baixo,sim,nao,nao,trabalhador_de_escritorio,14.7,alto
73,90,155,baixo,7.9,baixo,nao,sim,sim,artista,37.5,alto
26,74,192,baixo,6.3,alto,nao,nao,nao,estudante,20.1,baixo
58,53,177,alto,3.0,medio,nao,nao,sim,estudante,16.9,alto
18,55,195,baixo,4.8,medio,nao,nao,sim,medico,14.5,baixo
19,75,155,baixo,7.8,alto,nao,nao,sim,professor,31.2,alto
77,77,153,medio,6.5,medio,nao,nao,nao,professor,32.9,alto
65,83,158,nenhum,5.3,baixo,nao,nao,sim,engenheiro,33.2,alto
46,90,153,medio,7.1,baixo,nao,sim,nao,trabalhador_de_escritorio,38.4,alto
50,81,183,medio,5.7,baixo,nao,nao,nao,estudante,24.2,baixo
27,104,192,medio,6.0,medio,nao,nao,nao,agricultor,28.2,baixo
67,75,147,medio,6.6,medio,nao,nao,sim,engenheiro,34.7,alto
75,55,173,nenhum,9.5,medio,nao,sim,nao,estudante,18.4,alto
77,46,163,medio,9.5,baixo,sim,nao,sim,motorista,17.3,alto
57,71,180,nenhum,4.0,medio,sim,nao,sim,artista,21.9,alto
38,46,176,nenhum,6.9,medio,nao,nao,sim,artista,14.9,baixo
45,65,151,medio,4.8,alto,sim,nao,sim,engenheiro,28.5,alto
28,102,199,baixo,5.4,medio,sim,nao,sim,professor,25.8,alto
72,49,172,medio,4.2,alto,nao,nao,nao,agricultor,16.6,alto
51,96,188,medio,5.7,medio,nao,nao,nao,estudante,27.2,alto
25,89,162,alto,5.2,baixo,nao,nao,sim,trabalhador_de_escritorio,33.9,alto
76,64,149,medio,8.5,medio,nao,nao,sim,trabalhador_de_escritorio,28.8,alto
39,105,167,nenhum,5.7,baixo,nao,nao,nao,professor,37.6,alto
25,82,199,baixo,4.1,medio,nao,nao,sim,motorista,20.7,baixo
66,64,166,baixo,7.0,baixo,nao,sim,sim,medico,23.2,alto
32,69,170,baixo,6.7,medio,nao,nao,sim,professor,23.9,baixo
34,46,186,baixo,6.6,alto,nao,nao,sim,estudante,13.3,baixo
77,76,156,nenhum,7.9,baixo,nao,sim,sim,estudante,31.2,alto
40,70,184,medio,8.8,alto,nao,nao,nao,agricultor,20.7,baixo
41,85,163,medio,6.6,baixo,nao,nao,nao,medico,32.0,baixo
62,45,191,medio,7.4,baixo,nao,nao,sim,agricultor,12.3,baixo
36,95,145,medio,6.6,medio,nao,sim,sim,trabalhador_de_escritorio,45.2,alto
22,49,147,medio,7.8,alto,nao,nao,nao,medico,22.7,baixo
49,57,171,medio,4.8,medio,nao,nao,nao,agricultor,19.5,baixo
61,63,162,medio,7.9,medio,nao,nao,sim,artista,24.0,baixo
18,56,194,nenhum,7.4,baixo,nao,nao,sim,trabalhador_de_escritorio,14.9,baixo
40,92,174,medio,5.6,baixo,sim,nao,sim,agricultor,30.4,alto
54,69,146,medio,10.0,baixo,nao,nao,nao,medico,32.4,alto
25,101,149,baixo,5.0,medio,nao,sim,nao,estudante,45.5,alto
30,79,173,nenhum,7.5,alto,sim,nao,sim,trabalhador_de_escritorio,26.4,alto
25,49,177,nenhum,5.6,alto,nao,nao,nao,agricultor,15.6,alto
74,66,186,medio,7.9,baixo,sim,nao,nao,engenheiro,19.1,alto
40,101,164,medio,10.0,medio,nao,nao,sim,medico,37.6,baixo
60,91,174,baixo,8.2,medio,nao,nao,nao,medico,30.1,alto
18,98,186,baixo,6.8,baixo,sim,sim,nao,estudante,28.3,alto
62,47,149,alto,8.4,medio,nao,nao,nao,medico,21.2,baixo
68,97,194,baixo,6.1,medio,nao,nao,nao,motorista,25.8,alto
41,75,165,nenhum,7.7,medio,nao,nao,sim,trabalhador_de_escritorio,27.5,alto
52,77,159,baixo,7.1,baixo,nao,nao,nao,medico,30.5,alto
41,94,164,medio,5.2,alto,nao,nao,sim,estudante,34.9,alto
34,60,152,medio,9.6,medio,sim,sim,sim,agricultor,26.0,alto
22,83,193,medio,8.9,baixo,nao,sim,sim,estudante,22.3,baixo
37,90,175,alto,5.7,medio,nao,nao,sim,artista,29.4,alto
38,91,156,medio,8.5,medio,sim,nao,sim,estudante,37.4,alto
57,88,165,nenhum,5.2,medio,nao,nao,sim,engenheiro,32.3,alto
75,53,174,medio,7.7,medio,nao,nao,nao,agricultor,17.5,baixo
48,94,171,nenhum,7.1,baixo,sim,nao,nao,agricultor,32.1,alto
63,104,188,medio,9.5,medio,nao,nao,nao,medico,29.4,alto
53,59,170,baixo,7.5,medio,nao,nao,nao,engenheiro,20.4,alto
28,80,177,medio,4.7,baixo,nao,nao,sim,engenheiro,25.5,alto
69,107,170,baixo,8.5,medio,nao,nao,sim,artista,37.0,alto
32,85,170,alto,6.3,medio,nao,nao,sim,engenheiro,29.4,baixo
36,68,180,baixo,6.3,medio,nao,nao,sim,engenheiro,21.0,baixo
24,93,184,medio,7.0,baixo,sim,sim,nao,estudante,27.5,alto
68,62,145,baixo,6.1,medio,sim,nao,nao,estudante,29.5,alto
45,51,159,alto,9.7,medio,nao,sim,sim,professor,20.2,baixo
68,48,194,medio,8.2,alto,nao,nao,sim,artista,12.8,alto
60,104,145,baixo,5.3,alto,sim,nao,sim,artista,49.5,alto
75,99,155,alto,5.9,medio,nao,nao,sim,engenheiro,41.2,alto
22,60,199,baixo,5.0,baixo,sim,nao,sim,medico,15.2,alto
22,73,146,medio,8.5,medio,nao,nao,nao,motorista,34.2,baixo
47,67,145,medio,6.9,baixo,nao,nao,nao,engenheiro,31.9,baixo
71,58,175,nenhum,5.5,medio,sim,nao,nao,agricultor,18.9,alto
49,93,188,alto,9.4,medio,nao,sim,sim,professor,26.3,alto
25,77,160,baixo,7.8,medio,nao,nao,sim,agricultor,30.1,alto
27,69,198,baixo,7.3,baixo,nao,nao,nao,medico,17.6,baixo
55,65,166,alto,7.2,alto,nao,nao,nao,medico,23.6,alto
64,61,186,medio,5.0,medio,nao,nao,sim,artista,17.6,alto
49,67,162,nenhum,7.8,medio,nao,nao,nao,estudante,25.5,alto
65,101,191,nenhum,6.4,baixo,nao,sim,sim,motorista,27.7,alto
45,102,161,medio,8.3,medio,sim,sim,sim,motorista,39.4,alto
34,58,174,nenhum,8.0,baixo,nao,nao,nao,engenheiro,19.2,baixo
48,64,154,alto,6.9,medio,nao,nao,sim,estudante,27.0,baixo
25,74,179,medio,6.8,medio,nao,nao,nao,artista,23.1,baixo
57,63,165,baixo,9.5,alto,nao,nao,sim,motorista,23.1,alto
42,97,160,baixo,5.0,baixo,sim,nao,sim,medico,37.9,alto
26,100,150,medio,6.1,medio,nao,nao,sim,professor,44.4,baixo
19,67,147,baixo,8.7,baixo,nao,sim,sim,estudante,31.0,alto
32,106,185,medio,9.2,medio,nao,sim,sim,artista,31.0,alto
67,77,187,alto,6.8,alto,nao,sim,sim,motorista,22.0,alto
20,62,165,medio,6.0,medio,nao,nao,sim,estudante,22.8,baixo
66,77,157,medio,6.0,medio,sim,nao,nao,agricultor,31.2,alto
53,76,162,baixo,4.8,baixo,nao,nao,nao,medico,29.0,alto
79,105,198,medio,10.0,medio,nao,nao,sim,motorista,26.8,alto
21,98,168,medio,6.8,baixo,sim,sim,nao,motorista,34.7,alto
31,61,171,medio,7.7,medio,nao,nao,sim,medico,20.9,baixo
58,63,198,nenhum,7.7,baixo,sim,sim,nao,professor,16.1,alto
58,78,148,alto,9.2,medio,nao,sim,sim,trabalhador_de_escritorio,35.6,alto
42,69,166,baixo,6.4,baixo,nao,sim,sim,trabalhador_de_escritorio,25.0,alto
75,55,168,medio,6.5,baixo,nao,nao,nao,professor,19.5,baixo
72,60,184,medio,8.2,medio,nao,nao,sim,medico,17.7,baixo
79,105,189,medio,4.3,alto,nao,nao,sim,professor,29.4,alto
67,51,154,baixo,9.2,alto,nao,nao,sim,professor,21.5,alto
27,60,146,medio,9.6,alto,nao,sim,sim,trabalhador_de_escritorio,28.1,alto
38,60,184,nenhum,7.4,baixo,nao,nao,nao,estudante,17.7,baixo
53,84,150,medio,5.6,baixo,nao,nao,nao,engenheiro,37.3,alto
29,56,192,nenhum,8.3,alto,sim,nao,nao,motorista,15.2,alto
44,79,162,baixo,6.7,alto,nao,nao,nao,medico,30.1,alto
57,65,161,nenhum,7.2,medio,sim,nao,nao,agricultor,25.1,alto
19,94,182,alto,7.3,medio,nao,nao,sim,estudante,28.4,baixo
71,87,189,medio,6.0,baixo,nao,nao,sim,professor,24.4,baixo
30,61,167,medio,7.5,alto,nao,nao,sim,artista,21.9,baixo
70,76,190,medio,4.8,baixo,nao,nao,sim,trabalhador_de_escritorio,21.1,alto
49,85,174,alto,3.7,medio,nao,nao,nao,estudante,28.1,alto
48,50,165,nenhum,7.5,alto,sim,nao,sim,estudante,18.4,alto
33,71,154,medio,8.6,medio,nao,nao,sim,engenheiro,29.9,baixo
49,64,187,medio,6.2,baixo,nao,nao,sim,artista,18.3,baixo
49,69,157,nenhum,6.1,baixo,sim,sim,sim,medico,28.0,alto
77,53,156,baixo,8.0,baixo,nao,nao,nao,artista,21.8,alto
51,97,153,baixo,7.0,medio,sim,nao,nao,professor,41.4,alto
28,105,148,nenhum,6.2,medio,sim,sim,sim,trabalhador_de_escritorio,47.9,alto
27,82,183,baixo,7.5,baixo,nao,nao,nao,professor,24.5,baixo
32,47,168,nenhum,7.0,baixo,nao,nao,sim,agricultor,16.7,baixo
34,99,198,medio,5.1,baixo,nao,sim,sim,artista,25.3,alto
57,45,178,baixo,6.8,alto,nao,nao,sim,estudante,14.2,alto
35,89,183,baixo,7.3,alto,sim,nao,sim,medico,26.6,alto
72,91,185,alto,6.2,medio,nao,sim,sim,motorista,26.6,alto
26,70,149,medio,8.4,alto,nao,nao,sim,medico,31.5,alto
42,58,159,baixo,7.7,medio,nao,nao,sim,medico,22.9,baixo
57,98,194,medio,6.6,medio,sim,nao,sim,medico,26.0,alto
76,90,148,baixo,7.2,medio,nao,nao,nao,estudante,41.1,alto
31,75,195,nenhum,6.4,medio,sim,nao,nao,trabalhador_de_escritorio,19.7,alto
77,103,196,nenhum,6.7,baixo,nao,nao,nao,agricultor,26.8,alto
75,73,183,alto,6.7,medio,nao,nao,sim,professor,21.8,baixo
42,61,152,medio,4.3,alto,sim,nao,nao,trabalhador_de_escritorio,26.4,alto
67,58,193,medio,7.0,baixo,sim,nao,sim,artista,15.6,alto
39,80,189,alto,7.5,baixo,nao,nao,sim,engenheiro,22.4,baixo
69,102,168,alto,10.0,baixo,nao,sim,nao,medico,36.1,alto
47,68,197,medio,7.7,baixo,nao,nao,nao,medico,17.5,baixo
37,107,172,medio,6.0,baixo,sim,nao,nao,professor,36.2,alto
38,69,199,baixo,4.5,medio,nao,sim,nao,medico,17.4,alto
61,103,187,nenhum,5.4,baixo,nao,sim,nao,medico,29.5,alto
49,76,171,medio,6.3,baixo,nao,nao,nao,professor,26.0,baixo
68,62,145,medio,6.3,alto,nao,nao,nao,agricultor,29.5,alto
63,81,178,alto,6.6,medio,nao,nao,sim,trabalhador_de_escritorio,25.6,alto
66,70,161,medio,6.4,baixo,nao,nao,sim,agricultor,27.0,alto
73,53,181,medio,6.7,medio,sim,nao,nao,professor,16.2,alto
38,108,182,medio,6.4,medio,nao,nao,sim,motorista,32.6,baixo
52,64,170,baixo,7.0,medio,nao,sim,sim,estudante,22.1,alto
75,98,168,medio,5.6,baixo,nao,sim,sim,estudante,34.7,alto
49,74,183,medio,5.1,alto,nao,nao,sim,artista,22.1,baixo
47,97,165,medio,6.6,medio,sim,nao,sim,artista,35.6,alto
72,107,174,medio,7.7,alto,nao,nao,nao,motorista,35.3,alto
56,55,191,baixo,5.3,baixo,nao,nao,nao,motorista,15.1,alto
66,75,195,medio,6.1,baixo,nao,nao,sim,estudante,19.7,baixo
29,93,192,medio,6.8,medio,nao,nao,sim,medico,25.2,baixo
58,63,157,medio,6.7,baixo,nao,nao,sim,artista,25.6,alto
64,56,181,medio,8.1,baixo,nao,nao,nao,medico,17.1,baixo
35,59,147,nenhum,8.4,baixo,nao,sim,sim,agricultor,27.3,alto
38,75,176,baixo,7.3,medio,nao,nao,sim,engenheiro,24.2,baixo
30,87,179,baixo,8.8,baixo,nao,sim,sim,trabalhador_de_escritorio,27.2,alto
79,81,163,medio,6.4,baixo,nao,nao,sim,medico,30.5,alto
38,73,158,medio,8.3,alto,nao,nao,sim,professor,29.2,alto
79,70,192,alto,6.1,baixo,nao,nao,sim,estudante,19.0,baixo
25,46,166,baixo,7.4,medio,nao,nao,sim,agricultor,16.7,baixo
63,59,161,nenhum,8.0,medio,nao,sim,sim,artista,22.8,alto
57,48,148,medio,7.1,alto,nao,nao,nao,trabalhador_de_escritorio,21.9,alto
63,94,189,medio,5.6,alto,nao,nao,sim,motorista,26.3,alto
24,82,184,medio,4.5,medio,sim,sim,sim,engenheiro,24.2,alto
40,67,163,alto,7.8,alto,nao,nao,sim,motorista,25.2,alto
61,103,181,alto,6.6,medio,nao,sim,sim,motorista,31.4,alto
49,72,146,nenhum,6.7,medio,nao,nao,sim,estudante,33.8,alto
28,52,159,alto,9.3,baixo,nao,nao,nao,artista,20.6,baixo
39,73,146,nenhum,5.6,medio,nao,nao,nao,medico,34.2,alto
39,55,155,medio,8.1,medio,nao,nao,nao,agricultor,22.9,baixo
60,62,189,medio,5.9,medio,sim,nao,nao,medico,17.4,alto
42,99,167,medio,6.7,medio,nao,nao,nao,artista,35.5,baixo
39,94,154,baixo,5.4,baixo,nao,sim,sim,artista,39.6,alto
45,58,147,baixo,5.9,medio,nao,nao,nao,agricultor,26.8,alto
46,53,149,medio,7.6,medio,nao,nao,sim,engenheiro,23.9,baixo
30,55,147,baixo,8.9,baixo,nao,nao,sim,artista,25.5,alto
35,107,182,nenhum,7.6,medio,nao,nao,nao,professor,32.3,alto
19,97,157,medio,7.5,medio,nao,nao,sim,artista,39.4,baixo
46,83,186,medio,10.0,alto,nao,nao,sim,artista,24.0,baixo
38,100,163,medio,7.8,baixo,sim,sim,sim,estudante,37.6,alto
32,72,184,nenhum,5.6,medio,nao,sim,nao,professor,21.3,alto
69,83,194,alto,4.5,baixo,nao,sim,sim,trabalhador_de_escritorio,22.1,alto
44,69,179,nenhum,7.6,medio,sim,nao,sim,artista,21.5,alto
67,65,168,alto,4.9,baixo,nao,sim,sim,medico,23.0,alto
48,54,168,medio,5.5,medio,nao,nao,sim,medico,19.1,baixo
32,87,161,medio,7.5,medio,sim,nao,sim,medico,33.6,alto
68,59,184,alto,8.6,baixo,nao,nao,sim,professor,17.4,baixo
40,92,154,baixo,6.6,medio,nao,nao,nao,estudante,38.8,alto
41,65,146,baixo,5.2,medio,sim,sim,sim,estudante,30.5,alto
61,104,188,medio,6.8,baixo,sim,sim,nao,artista,29.4,alto
30,94,167,baixo,6.6,medio,sim,nao,sim,trabalhador_de_escritorio,33.7,alto
39,67,150,medio,7.2,medio,nao,nao,sim,professor,29.8,baixo
60,57,146,baixo,5.2,baixo,nao,nao,nao,motorista,26.7,alto
54,48,165,alto,5.7,medio,nao,nao,nao,agricultor,17.6,alto
78,53,199,medio,8.5,medio,nao,sim,sim,medico,13.4,alto
50,79,179,nenhum,8.1,alto,nao,nao,nao,artista,24.7,baixo
73,65,193,alto,8.7,medio,nao,nao,sim,artista,17.5,baixo
20,102,173,baixo,4.2,baixo,nao,sim,sim,agricultor,34.1,alto
71,62,151,baixo,5.7,alto,nao,nao,nao,motorista,27.2,alto
36,87,173,baixo,8.5,medio,nao,sim,sim,engenheiro,29.1,alto
40,50,197,medio,7.9,medio,nao,nao,nao,artista,12.9,baixo
46,56,181,medio,7.6,alto,nao,nao,sim,agricultor,17.1,baixo
47,56,167,medio,6.5,medio,nao,nao,nao,agricultor,20.1,baixo
56,46,177,nenhum,6.1,medio,nao,nao,nao,artista,14.7,alto
61,59,152,alto,7.0,alto,nao,nao,nao,agricultor,25.5,alto
64,67,156,medio,6.3,medio,sim,nao,sim,artista,27.5,alto
42,73,190,baixo,7.8,medio,nao,nao,sim,artista,20.2,baixo
54,51,192,medio,7.1,medio,nao,nao,nao,artista,13.8,baixo
64,72,154,medio,5.5,baixo,nao,sim,nao,professor,30.4,alto
25,58,159,nenhum,8.0,medio,nao,nao,sim,agricultor,22.9,baixo
59,88,197,baixo,8.9,alto,sim,sim,sim,estudante,22.7,alto
75,74,168,nenhum,9.0,baixo,sim,sim,nao,motorista,26.2,alto
33,76,170,alto,8.0,medio,nao,nao,sim,medico,26.3,baixo
25,50,191,medio,8.0,medio,sim,nao,sim,trabalhador_de_escritorio,13.7,baixo
18,71,186,baixo,5.3,medio,nao,nao,nao,engenheiro,20.5,baixo
61,68,197,nenhum,6.0,medio,nao,nao,sim,medico,17.5,alto
22,78,183,medio,6.7,alto,nao,nao,nao,trabalhador_de_escritorio,23.3,baixo
20,84,147,medio,7.9,baixo,nao,nao,sim,medico,38.9,baixo
18,91,146,medio,6.1,medio,nao,nao,sim,estudante,42.7,baixo
21,68,150,alto,6.5,medio,nao,nao,nao,agricultor,30.2,baixo
57,109,165,medio,7.8,medio,nao,nao,sim,engenheiro,40.0,alto
52,62,153,medio,7.2,baixo,nao,nao,sim,artista,26.5,alto
49,88,154,baixo,7.5,medio,nao,sim,nao,medico,37.1,alto
59,101,180,alto,5.8,alto,nao,nao,sim,engenheiro,31.2,alto
51,72,147,baixo,6.5,medio,sim,nao,sim,professor,33.3,alto
60,67,185,baixo,6.3,medio,nao,nao,sim,professor,19.6,alto
42,78,168,medio,7.0,alto,nao,sim,sim,agricultor,27.6,alto
27,55,166,nenhum,6.4,medio,nao,nao,sim,agricultor,20.0,baixo
38,79,193,baixo,6.1,medio,nao,nao,nao,professor,21.2,baixo
63,86,158,medio,7.2,alto,nao,nao,sim,estudante,34.4,alto
56,72,186,baixo,10.0,baixo,nao,nao,nao,medico,20.8,alto
44,68,189,baixo,7.9,medio,sim,nao,nao,artista,19.0,alto
44,52,188,medio,4.3,medio,nao,nao,nao,trabalhador_de_escritorio,14.7,baixo
19,97,171,medio,7.5,medio,nao,sim,nao,trabalhador_de_escritorio,33.2,alto
58,48,177,nenhum,6.2,medio,nao,nao,sim,artista,15.3,alto
65,49,166,alto,5.6,baixo,nao,sim,nao,professor,17.8,alto
30,93,173,nenhum,8.1,medio,sim,nao,sim,trabalhador_de_escritorio,31.1,alto
26,74,163,medio,7.1,baixo,sim,nao,sim,medico,27.9,alto
69,107,163,nenhum,10.0,baixo,nao,nao,sim,trabalhador_de_escritorio,40.3,alto
53,91,150,medio,6.8,medio,nao,nao,nao,motorista,40.4,alto
39,70,189,baixo,6.7,alto,sim,nao,nao,estudante,19.6,alto
59,101,163,nenhum,8.8,baixo,nao,nao,nao,trabalhador_de_escritorio,38.0,alto
43,81,157,nenhum,7.0,medio,nao,nao,sim,artista,32.9,alto
75,51,170,medio,5.4,medio,sim,nao,sim,motorista,17.6,alto
71,84,166,medio,5.7,baixo,nao,nao,nao,artista,30.5,alto
29,83,165,nenhum,6.5,alto,nao,sim,nao,professor,30.5,alto
34,106,180,alto,8.0,alto,nao,nao,sim,engenheiro,32.7,alto
31,97,146,baixo,8.9,baixo,nao,nao,nao,engenheiro,45.5,alto
31,48,191,medio,8.2,alto,nao,nao,sim,medico,13.2,baixo
74,69,188,baixo,7.9,medio,nao,nao,nao,engenheiro,19.5,alto
51,51,174,medio,8.6,baixo,sim,nao,sim,agricultor,16.8,alto
70,72,171,medio,7.9,medio,nao,nao,nao,professor,24.6,baixo
74,64,151,medio,5.6,medio,nao,sim,nao,motorista,28.1,alto
37,55,164,baixo,6.7,medio,nao,nao,sim,motorista,20.4,baixo
28,51,194,baixo,6.2,medio,nao,nao,sim,estudante,13.6,baixo
33,67,175,medio,8.9,baixo,nao,sim,nao,engenheiro,21.9,baixo
68,105,167,nenhum,5.6,alto,nao,nao,sim,trabalhador_de_escritorio,37.6,alto
48,78,157,baixo,5.6,alto,nao,nao,sim,engenheiro,31.6,alto
72,63,161,baixo,7.3,medio,nao,nao,sim,professor,24.3,alto
23,102,148,baixo,9.9,baixo,nao,nao,nao,trabalhador_de_escritorio,46.6,alto
73,53,158,baixo,8.1,medio,nao,nao,sim,trabalhador_de_escritorio,21.2,alto
36,92,164,alto,8.6,medio,nao,nao,sim,motorista,34.2,baixo
54,85,157,medio,5.3,alto,nao,nao,sim,artista,34.5,alto
75,92,147,medio,8.0,alto,nao,nao,sim,estudante,42.6,alto
21,89,170,baixo,5.3,alto,nao,nao,nao,estudante,30.8,alto
64,69,170,medio,8.1,medio,nao,sim,sim,professor,23.9,alto
78,69,162,medio,4.6,alto,sim,sim,nao,medico,26.3,alto
21,63,176,medio,6.5,baixo,nao,nao,sim,estudante,20.3,baixo
37,83,158,nenhum,3.9,medio,nao,nao,sim,medico,33.2,alto
27,71,191,alto,5.7,baixo,nao,nao,nao,professor,19.5,baixo
41,107,147,medio,4.9,alto,nao,nao,sim,motorista,49.5,alto
71,63,145,alto,8.0,alto,nao,nao,nao,artista,30.0,alto
52,72,170,nenhum,7.1,baixo,sim,sim,nao,professor,24.9,alto
43,77,168,baixo,6.3,medio,nao,nao,sim,professor,27.3,alto
54,54,193,nenhum,7.2,alto,nao,nao,sim,trabalhador_de_escritorio,14.5,alto
55,74,179,medio,5.8,medio,nao,sim,nao,artista,23.1,alto
38,66,158,baixo,7.5,medio,nao,nao,nao,estudante,26.4,alto
71,47,147,alto,6.9,medio,nao,nao,nao,estudante,21.8,baixo
57,92,157,alto,10.0,medio,nao,nao,nao,trabalhador_de_escritorio,37.3,alto
56,46,191,medio,9.5,alto,nao,sim,sim,professor,12.6,alto
38,98,194,medio,8.4,medio,nao,nao,sim,motorista,26.0,baixo
27,50,158,medio,7.4,baixo,sim,nao,sim,trabalhador_de_escritorio,20.0,baixo
55,84,165,medio,7.6,baixo,sim,nao,sim,agricultor,30.9,alto
63,46,170,baixo,8.9,baixo,nao,nao,nao,professor,15.9,alto
21,46,147,medio,7.4,medio,nao,nao,sim,artista,21.3,baixo
77,99,195,alto,7.5,alto,nao,nao,sim,trabalhador_de_escritorio,26.0,alto
74,104,184,baixo,6.1,medio,nao,nao,nao,medico,30.7,alto
62,50,148,alto,6.0,alto,nao,nao,sim,estudante,22.8,alto
37,63,180,nenhum,6.8,alto,nao,nao,sim,professor,19.4,baixo
34,71,195,baixo,3.1,medio,nao,nao,sim,artista,18.7,baixo
72,45,187,nenhum,7.0,medio,sim,sim,sim,artista,12.9,alto
24,77,145,nenhum,6.6,medio,nao,nao,sim,professor,36.6,alto
21,84,184,alto,8.3,baixo,nao,nao,nao,professor,24.8,baixo
46,76,191,alto,8.8,medio,nao,nao,nao,engenheiro,20.8,baixo
31,61,177,medio,10.0,medio,nao,nao,sim,professor,19.5,baixo
20,52,151,alto,7.9,medio,sim,nao,sim,medico,22.8,baixo
41,101,197,baixo,7.2,medio,nao,nao,nao,trabalhador_de_escritorio,26.0,alto
54,86,196,nenhum,6.2,medio,nao,nao,sim,professor,22.4,alto
33,53,196,medio,5.4,medio,nao,nao,sim,motorista,13.8,baixo
75,79,155,alto,8.4,medio,nao,nao,nao,agricultor,32.9,alto
72,97,171,nenhum,7.0,baixo,nao,nao,nao,motorista,33.2,alto
69,98,158,alto,7.6,medio,sim,nao,sim,motorista,39.3,alto
21,69,166,medio,7.0,medio,nao,nao,sim,trabalhador_de_escritorio,25.0,baixo
73,106,160,alto,7.1,alto,nao,nao,nao,medico,41.4,alto
79,99,190,baixo,7.3,baixo,sim,nao,sim,estudante,27.4,alto
41,90,156,medio,7.6,medio,nao,nao,sim,estudante,37.0,baixo
51,68,193,medio,8.4,medio,sim,sim,sim,engenheiro,18.3,alto
47,90,190,medio,5.2,baixo,nao,sim,sim,artista,24.9,baixo
35,66,154,baixo,7.9,medio,nao,nao,nao,estudante,27.8,alto
36,55,168,alto,5.1,medio,nao,sim,sim,medico,19.5,baixo
48,92,190,alto,8.1,medio,nao,nao,nao,motorista,25.5,baixo
77,52,162,nenhum,7.5,baixo,nao,sim,nao,engenheiro,19.8,alto
77,83,166,nenhum,6.9,medio,nao,nao,sim,trabalhador_de_escritorio,30.1,alto
36,79,153,medio,6.9,baixo,sim,sim,sim,artista,33.7,alto
66,93,161,medio,7.2,medio,nao,nao,nao,engenheiro,35.9,alto
63,90,182,medio,8.6,alto,nao,nao,nao,trabalhador_de_escritorio,27.2,alto
36,82,184,nenhum,8.5,baixo,nao,nao,nao,estudante,24.2,baixo
39,52,157,medio,8.3,medio,nao,nao,nao,artista,21.1,baixo
41,98,194,medio,5.0,medio,nao,nao,sim,medico,26.0,alto
62,81,181,baixo,7.9,medio,nao,nao,nao,motorista,24.7,alto
29,84,150,medio,3.4,medio,nao,nao,nao,medico,37.3,alto
47,78,165,baixo,3.8,medio,sim,nao,sim,engenheiro,28.7,alto
75,61,195,nenhum,8.7,baixo,nao,nao,sim,artista,16.0,alto
55,77,180,medio,4.8,baixo,nao,nao,sim,agricultor,23.8,alto
70,91,151,alto,6.7,medio,nao,nao,sim,motorista,39.9,alto
48,96,180,baixo,9.1,baixo,nao,nao,nao,motorista,29.6,alto
53,53,169,baixo,7.9,baixo,nao,sim,nao,medico,18.6,alto
36,77,155,baixo,7.6,medio,nao,nao,sim,engenheiro,32.0,alto
65,104,188,baixo,6.9,baixo,nao,nao,nao,professor,29.4,alto
62,65,158,medio,7.2,baixo,nao,nao,sim,estudante,26.0,alto
53,102,189,medio,6.1,baixo,nao,sim,nao,estudante,28.6,alto
47,54,173,nenhum,6.3,baixo,nao,sim,nao,trabalhador_de_escritorio,18.0,baixo
72,50,154,alto,7.1,medio,nao,nao,nao,professor,21.1,baixo
66,57,194,nenhum,7.3,baixo,nao,nao,sim,artista,15.1,alto
72,109,192,alto,6.8,medio,nao,sim,sim,estudante,29.6,alto
50,64,149,alto,3.6,medio,sim,nao,sim,professor,28.8,alto
35,101,152,medio,9.3,medio,nao,nao,sim,professor,43.7,baixo
69,90,190,nenhum,8.4,baixo,nao,nao,nao,engenheiro,24.9,alto
66,52,149,medio,6.7,alto,sim,sim,sim,medico,23.4,alto
76,54,168,medio,8.5,medio,sim,nao,sim,motorista,19.1,alto
45,55,184,alto,6.5,baixo,nao,nao,nao,professor,16.2,baixo
76,56,170,medio,7.5,baixo,nao,nao,sim,artista,19.4,baixo
64,54,150,medio,4.1,medio,nao,nao,sim,estudante,24.0,alto
28,69,160,alto,7.4,alto,nao,sim,nao,engenheiro,27.0,alto
74,93,180,alto,6.6,medio,nao,nao,sim,estudante,28.7,alto
77,93,156,medio,7.3,medio,nao,sim,sim,estudante,38.2,alto
71,55,155,alto,9.6,baixo,nao,nao,nao,medico,22.9,baixo
62,106,147,medio,7.0,medio,nao,sim,nao,trabalhador_de_escritorio,49.1,alto
50,80,188,medio,6.3,baixo,sim,sim,nao,medico,22.6,alto
34,83,181,medio,6.3,medio,nao,nao,nao,medico,25.3,baixo
23,97,150,medio,4.9,baixo,nao,nao,nao,estudante,43.1,alto
21,100,163,baixo,7.6,baixo,nao,nao,sim,professor,37.6,alto
37,45,162,medio,7.8,medio,nao,nao,sim,artista,17.1,baixo
65,100,160,medio,7.1,medio,nao,nao,nao,engenheiro,39.1,alto
64,48,167,baixo,8.4,medio,sim,sim,nao,motorista,17.2,alto
44,74,187,baixo,8.4,alto,nao,nao,sim,artista,21.2,baixo
32,56,181,medio,7.1,baixo,nao,sim,sim,agricultor,17.1,baixo
23,79,153,medio,7.9,medio,nao,sim,nao,trabalhador_de_escritorio,33.7,alto
64,96,147,nenhum,10.0,medio,nao,sim,sim,engenheiro,44.4,alto
31,75,152,alto,5.8,medio,nao,sim,nao,motorista,32.5,alto
77,96,182,alto,8.2,alto,nao,nao,sim,professor,29.0,alto
28,51,148,medio,7.1,baixo,sim,nao,nao,estudante,23.3,baixo
56,66,156,baixo,8.6,baixo,sim,nao,nao,engenheiro,27.1,alto
26,100,188,alto,5.8,medio,nao,nao,nao,motorista,28.3,alto
43,102,175,alto,7.3,medio,nao,nao,sim,agricultor,33.3,baixo
33,108,169,baixo,6.0,baixo,sim,nao,sim,trabalhador_de_escritorio,37.8,alto
22,56,197,nenhum,4.3,medio,nao,nao,nao,artista,14.4,baixo
74,51,160,medio,9.1,medio,nao,nao,sim,medico,19.9,baixo
69,99,186,medio,6.3,medio,nao,nao,sim,motorista,28.6,alto
78,106,198,baixo,5.7,baixo,nao,nao,sim,trabalhador_de_escritorio,27.0,alto
27,99,158,medio,6.1,baixo,nao,nao,sim,artista,39.7,baixo
67,80,157,medio,9.7,baixo,nao,nao,sim,agricultor,32.5,alto
20,68,185,alto,9.0,medio,nao,nao,sim,trabalhador_de_escritorio,19.9,baixo
30,88,151,medio,6.7,baixo,nao,nao,sim,motorista,38.6,baixo
60,61,156,medio,8.3,alto,nao,nao,nao,trabalhador_de_escritorio,25.1,alto
66,46,181,alto,5.4,baixo,nao,nao,nao,professor,14.0,alto
47,57,194,baixo,7.8,alto,nao,nao,sim,medico,15.1,baixo
79,75,148,baixo,6.4,medio,nao,nao,sim,estudante,34.2,alto
71,72,146,medio,7.7,baixo,sim,nao,sim,agricultor,33.8,alto
62,104,179,baixo,4.9,medio,nao,nao,nao,estudante,32.5,alto
23,71,188,alto,6.1,medio,nao,sim,sim,estudante,20.1,baixo
34,59,147,nenhum,7.3,medio,nao,nao,sim,professor,27.3,alto
76,77,148,nenhum,7.3,medio,nao,nao,sim,trabalhador_de_escritorio,35.2,alto
62,64,182,alto,4.8,medio,sim,sim,sim,trabalhador_de_escritorio,19.3,alto
68,86,156,medio,5.5,medio,nao,nao,sim,artista,35.3,alto
70,56,163,medio,7.6,medio,sim,nao,nao,estudante,21.1,alto
36,67,154,baixo,7.5,medio,nao,nao,sim,engenheiro,28.3,alto
59,58,145,baixo,8.0,baixo,sim,sim,nao,professor,27.6,alto
52,69,161,alto,7.3,alto,sim,nao,nao,agricultor,26.6,alto
63,75,160,baixo,5.4,medio,nao,nao,sim,agricultor,29.3,alto
43,98,153,medio,6.5,alto,nao,nao,nao,estudante,41.9,alto
68,49,197,nenhum,7.8,baixo,nao,nao,sim,artista,12.6,alto
22,57,153,baixo,5.5,alto,nao,nao,sim,estudante,24.3,alto
46,72,199,medio,5.3,alto,nao,sim,sim,agricultor,18.2,alto
54,87,153,alto,6.5,medio,nao,nao,sim,motorista,37.2,alto
37,91,156,medio,7.4,medio,nao,nao,sim,motorista,37.4,baixo
66,82,199,medio,4.2,alto,nao,nao,sim,motorista,20.7,alto
38,106,185,medio,6.6,alto,sim,nao,sim,agricultor,31.0,alto
27,83,159,medio,7.8,medio,nao,sim,sim,trabalhador_de_escritorio,32.8,alto
22,81,146,medio,8.1,medio,sim,nao,sim,motorista,38.0,alto
53,52,155,baixo,5.5,alto,nao,nao,sim,trabalhador_de_escritorio,21.6,alto
23,96,155,baixo,7.6,baixo,nao,nao,nao,artista,40.0,alto
43,77,152,alto,8.5,baixo,nao,nao,nao,professor,33.3,baixo
21,86,199,nenhum,7.9,alto,nao,sim,nao,medico,21.7,alto
79,71,176,nenhum,6.4,alto,sim,nao,nao,artista,22.9,alto
56,52,150,medio,3.4,alto,nao,nao,sim,agricultor,23.1,alto
56,67,197,medio,7.3,medio,nao,nao,nao,trabalhador_de_escritorio,17.3,baixo
67,108,164,medio,9.4,medio,nao,nao,sim,professor,40.2,alto
52,64,183,baixo,8.2,alto,nao,sim,sim,agricultor,19.1,alto
18,60,179,alto,8.1,medio,nao,sim,sim,medico,18.7,baixo
41,61,152,medio,7.3,medio,nao,nao,sim,agricultor,26.4,baixo
74,63,194,alto,8.3,medio,nao,nao,nao,motorista,16.7,baixo
53,52,193,nenhum,7.5,baixo,nao,nao,nao,engenheiro,14.0,alto
23,82,187,baixo,4.4,baixo,nao,sim,nao,estudante,23.4,alto
58,82,178,baixo,8.3,medio,nao,nao,sim,agricultor,25.9,alto
71,97,197,baixo,5.7,medio,nao,nao,sim,engenheiro,25.0,alto
63,75,163,nenhum,7.1,baixo,nao,nao,sim,medico,28.2,alto
77,88,151,baixo,8.1,medio,nao,nao,sim,estudante,38.6,alto
61,104,175,medio,5.9,medio,nao,sim,sim,engenheiro,34.0,alto
77,61,162,medio,5.5,medio,sim,nao,nao,medico,23.2,alto
74,83,184,medio,7.7,baixo,nao,nao,nao,professor,24.5,baixo
48,86,158,nenhum,5.3,medio,nao,nao,nao,engenheiro,34.4,alto
37,92,183,medio,6.7,baixo,nao,nao,sim,estudante,27.5,baixo
41,56,197,nenhum,8.7,baixo,nao,nao,sim,estudante,14.4,baixo
42,62,180,medio,9.4,baixo,sim,sim,sim,motorista,19.1,alto
53,50,161,medio,4.3,medio,nao,nao,sim,agricultor,19.3,alto
38,87,181,medio,6.7,baixo,nao,nao,sim,agricultor,26.6,baixo
47,79,188,alto,8.9,baixo,nao,nao,sim,professor,22.4,baixo
41,98,153,alto,6.4,baixo,nao,sim,nao,artista,41.9,alto
61,106,164,medio,8.2,alto,sim,nao,nao,trabalhador_de_escritorio,39.4,alto
59,60,189,alto,8.3,alto,sim,sim,sim,motorista,16.8,alto
47,52,172,medio,6.1,baixo,nao,nao,nao,motorista,17.6,baixo
39,75,194,alto,7.6,medio,nao,nao,nao,medico,19.9,baixo
45,54,164,medio,7.7,alto,nao,nao,sim,motorista,20.1,baixo
24,100,185,medio,8.4,baixo,nao,nao,nao,trabalhador_de_escritorio,29.2,baixo
52,64,180,medio,4.6,baixo,nao,nao,sim,trabalhador_de_escritorio,19.8,alto
72,49,197,nenhum,8.9,baixo,nao,sim,sim,professor,12.6,alto
45,67,171,medio,8.0,alto,nao,nao,sim,professor,22.9,baixo
31,53,152,alto,5.3,medio,nao,sim,sim,artista,22.9,baixo
73,102,176,medio,6.8,baixo,nao,nao,nao,artista,32.9,alto
27,103,145,nenhum,8.3,baixo,nao,sim,nao,engenheiro,49.0,alto
33,98,161,baixo,5.4,alto,sim,nao,sim,motorista,37.8,alto
33,90,153,alto,5.6,medio,nao,nao,sim,engenheiro,38.4,alto
71,66,164,alto,7.0,medio,sim,sim,sim,engenheiro,24.5,alto
48,108,189,baixo,6.3,baixo,nao,nao,sim,engenheiro,30.2,alto
59,52,176,alto,7.4,medio,nao,nao,sim,engenheiro,16.8,baixo
42,64,146,alto,8.2,baixo,nao,nao,nao,agricultor,30.0,baixo
30,95,176,nenhum,7.4,medio,nao,nao,sim,artista,30.7,alto
23,83,189,alto,7.0,baixo,nao,nao,sim,professor,23.2,baixo
61,81,153,baixo,8.2,baixo,nao,nao,nao,medico,34.6,alto
26,94,174,medio,6.8,medio,nao,nao,nao,artista,31.0,baixo
62,78,164,medio,5.9,alto,nao,nao,nao,medico,29.0,alto
53,77,182,medio,8.7,medio,nao,nao,nao,medico,23.2,baixo
73,75,145,medio,3.4,baixo,nao,nao,sim,medico,35.7,alto
60,98,149,medio,7.1,medio,nao,sim,sim,medico,44.1,alto
37,88,179,alto,6.5,medio,nao,nao,nao,agricultor,27.5,baixo
35,78,180,alto,5.6,medio,nao,nao,sim,artista,24.1,baixo
75,106,145,medio,7.4,medio,nao,sim,nao,professor,50.4,alto
60,67,158,medio,7.7,baixo,nao,nao,sim,motorista,26.8,alto
74,90,153,nenhum,5.8,medio,nao,nao,nao,engenheiro,38.4,alto
38,100,174,medio,4.9,medio,nao,nao,sim,engenheiro,33.0,alto
21,51,168,alto,5.0,alto,nao,sim,nao,artista,18.1,alto
67,105,148,baixo,9.7,medio,nao,nao,sim,estudante,47.9,alto
50,47,194,alto,9.9,medio,nao,nao,sim,engenheiro,12.5,baixo
44,82,158,alto,7.0,medio,nao,nao,nao,artista,32.8,baixo
24,78,169,medio,4.9,medio,nao,nao,sim,estudante,27.3,alto
23,88,148,medio,6.8,medio,nao,nao,nao,professor,40.2,baixo
32,74,169,medio,3.7,medio,nao,nao,sim,artista,25.9,alto
35,61,154,medio,7.5,alto,sim,nao,nao,professor,25.7,alto
49,103,179,medio,5.5,medio,nao,sim,sim,motorista,32.1,alto
73,54,199,alto,5.2,baixo,nao,sim,nao,agricultor,13.6,alto
28,62,151,medio,8.5,baixo,nao,nao,nao,agricultor,27.2,baixo
37,89,186,medio,6.8,medio,nao,nao,sim,estudante,25.7,baixo
41,103,157,medio,8.3,baixo,sim,nao,nao,motorista,41.8,alto
32,106,148,nenhum,8.8,medio,sim,sim,nao,engenheiro,48.4,alto
65,103,194,nenhum,6.9,medio,nao,nao,sim,artista,27.4,alto
24,93,187,alto,7.0,medio,sim,sim,sim,motorista,26.6,alto
38,107,180,baixo,8.6,medio,nao,nao,nao,estudante,33.0,alto
59,76,158,medio,6.2,medio,sim,nao,nao,professor,30.4,alto
43,54,162,medio,8.7,alto,nao,nao,sim,engenheiro,20.6,baixo
61,55,152,nenhum,4.0,medio,nao,sim,sim,artista,23.8,alto
73,106,176,nenhum,6.5,medio,nao,sim,sim,agricultor,34.2,alto
31,91,171,alto,7.3,baixo,nao,nao,sim,motorista,31.1,baixo
74,78,186,medio,5.2,medio,nao,sim,sim,engenheiro,22.5,alto
54,61,181,medio,7.6,baixo,sim,nao,sim,agricultor,18.6,alto
75,98,167,alto,7.3,medio,nao,nao,nao,artista,35.1,alto
38,84,151,baixo,5.9,medio,nao,sim,sim,trabalhador_de_escritorio,36.8,alto
35,63,156,baixo,5.8,medio,nao,nao,nao,artista,25.9,alto
22,97,169,medio,5.7,baixo,sim,sim,sim,estudante,34.0,alto
20,108,147,medio,4.7,medio,sim,nao,nao,medico,50.0,alto
40,91,170,medio,9.4,medio,nao,nao,sim,trabalhador_de_escritorio,31.5,baixo
43,50,148,alto,6.7,medio,nao,sim,sim,estudante,22.8,baixo
54,60,186,alto,5.0,alto,nao,nao,nao,estudante,17.3,alto
41,62,180,nenhum,6.8,medio,nao,nao,sim,motorista,19.1,baixo
66,96,159,baixo,7.4,baixo,sim,nao,sim,engenheiro,38.0,alto
36,92,176,alto,5.8,medio,nao,nao,nao,engenheiro,29.7,alto
68,87,173,baixo,6.5,medio,sim,nao,sim,estudante,29.1,alto
42,83,154,nenhum,9.0,medio,nao,nao,nao,professor,35.0,alto
38,93,165,medio,5.2,alto,nao,nao,nao,medico,34.2,alto
29,56,198,medio,6.1,baixo,nao,nao,sim,agricultor,14.3,baixo
74,54,160,medio,4.0,alto,nao,nao,sim,engenheiro,21.1,alto
78,99,191,baixo,9.7,baixo,sim,nao,nao,agricultor,27.1,alto
58,45,163,medio,8.0,medio,sim,nao,sim,agricultor,16.9,alto
50,93,173,medio,6.9,baixo,nao,nao,nao,estudante,31.1,baixo
67,80,196,baixo,5.9,baixo,nao,nao,sim,agricultor,20.8,alto
70,65,195,baixo,5.8,alto,nao,sim,nao,artista,17.1,alto
21,81,162,medio,6.6,medio,nao,nao,nao,trabalhador_de_escritorio,30.9,baixo
59,68,188,alto,7.7,alto,nao,nao,sim,agricultor,19.2,alto
74,99,160,alto,5.4,baixo,nao,sim,nao,professor,38.7,alto
24,69,145,baixo,6.3,medio,sim,nao,sim,artista,32.8,alto
39,51,192,medio,8.3,medio,nao,sim,sim,trabalhador_de_escritorio,13.8,baixo
72,68,146,medio,9.4,baixo,sim,nao,sim,estudante,31.9,alto
50,55,159,alto,7.8,baixo,nao,nao,sim,trabalhador_de_escritorio,21.8,baixo
34,56,183,medio,6.0,baixo,nao,nao,sim,engenheiro,16.7,baixo
41,79,172,nenhum,6.8,alto,nao,nao,sim,medico,26.7,alto
78,107,145,medio,7.6,medio,nao,sim,sim,medico,50.9,alto
78,101,149,nenhum,6.6,medio,nao,sim,sim,motorista,45.5,alto
51,57,186,nenhum,8.1,baixo,nao,nao,sim,engenheiro,16.5,alto
45,67,166,medio,5.9,baixo,nao,sim,sim,estudante,24.3,baixo
75,83,197,alto,9.4,medio,nao,nao,nao,medico,21.4,baixo
60,56,180,baixo,6.9,alto,nao,nao,nao,estudante,17.3,alto
58,78,190,medio,6.1,medio,nao,nao,nao,estudante,21.6,baixo
56,75,157,baixo,7.9,medio,nao,nao,sim,agricultor,30.4,alto
39,106,145,alto,5.5,medio,nao,nao,sim,professor,50.4,alto
66,57,160,medio,7.2,alto,sim,nao,sim,agricultor,22.3,alto
34,75,199,baixo,9.1,medio,nao,sim,sim,medico,18.9,baixo
51,46,185,baixo,5.2,alto,nao,nao,nao,estudante,13.4,alto
23,59,166,medio,8.8,baixo,sim,nao,nao,estudante,21.4,baixo
63,101,176,nenhum,5.1,medio,nao,nao,sim,medico,32.6,alto
23,78,160,nenhum,8.2,medio,nao,nao,sim,estudante,30.5,alto
51,73,195,medio,5.6,medio,sim,nao,nao,artista,19.2,alto
18,60,159,medio,8.8,medio,nao,sim,nao,professor,23.7,baixo
27,83,190,medio,6.1,baixo,nao,sim,sim,estudante,23.0,baixo
38,81,196,nenhum,6.5,baixo,nao,nao,sim,trabalhador_de_escritorio,21.1,baixo
22,65,186,medio,5.6,alto,nao,nao,sim,trabalhador_de_escritorio,18.8,baixo
19,88,197,medio,3.4,baixo,sim,nao,sim,professor,22.7,alto
39,63,156,nenhum,5.3,alto,nao,nao,nao,artista,25.9,alto
65,52,145,medio,4.5,medio,nao,nao,sim,estudante,24.7,alto
74,85,197,nenhum,3.9,medio,nao,nao,sim,estudante,21.9,alto
19,105,161,alto,7.4,alto,nao,sim,sim,trabalhador_de_escritorio,40.5,alto
27,70,185,medio,9.3,medio,nao,sim,sim,artista,20.5,baixo
51,73,199,medio,9.7,medio,nao,nao,nao,medico,18.4,baixo
33,63,195,nenhum,5.3,baixo,nao,nao,sim,estudante,16.6,baixo
65,102,194,baixo,6.8,alto,nao,nao,sim,estudante,27.1,alto
68,101,172,medio,8.7,medio,nao,nao,nao,trabalhador_de_escritorio,34.1,alto
78,81,151,medio,5.0,medio,nao,nao,sim,medico,35.5,alto
56,105,153,baixo,8.8,medio,nao,nao,sim,engenheiro,44.9,alto
39,74,166,nenhum,8.8,baixo,nao,sim,sim,estudante,26.9,alto
29,69,170,baixo,4.1,alto,nao,nao,sim,agricultor,23.9,alto
41,109,197,medio,3.5,baixo,sim,nao,sim,trabalhador_de_escritorio,28.1,alto
64,50,156,baixo,6.4,baixo,nao,nao,sim,engenheiro,20.5,alto
57,62,151,medio,8.4,baixo,nao,sim,nao,motorista,27.2,alto
55,54,190,baixo,4.7,baixo,nao,nao,sim,trabalhador_de_escritorio,15.0,alto
77,55,191,medio,3.9,medio,sim,nao,nao,engenheiro,15.1,alto
76,109,159,baixo,7.1,baixo,nao,nao,nao,professor,43.1,alto
27,109,182,medio,7.9,baixo,nao,sim,sim,engenheiro,32.9,alto
52,96,165,nenhum,6.0,baixo,sim,nao,nao,medico,35.3,alto
68,75,158,baixo,6.1,medio,nao,nao,nao,professor,30.0,alto
66,61,146,medio,7.9,medio,nao,nao,nao,artista,28.6,alto
49,99,152,baixo,5.7,medio,nao,nao,nao,estudante,42.8,alto
24,80,189,baixo,5.8,medio,nao,nao,sim,professor,22.4,baixo
38,70,199,alto,7.4,medio,nao,nao,sim,medico,17.7,baixo
37,97,150,alto,7.6,medio,nao,sim,sim,trabalhador_de_escritorio,43.1,alto
43,61,181,baixo,6.7,alto,nao,sim,nao,professor,18.6,alto
21,69,181,alto,9.2,baixo,nao,nao,sim,trabalhador_de_escritorio,21.1,baixo
63,46,177,medio,8.1,medio,nao,nao,sim,agricultor,14.7,baixo
69,49,185,baixo,6.5,medio,sim,nao,nao,artista,14.3,alto
39,48,150,alto,5.1,medio,nao,nao,sim,engenheiro,21.3,baixo
32,80,196,alto,8.5,alto,nao,sim,sim,artista,20.8,baixo
73,50,170,alto,8.5,baixo,nao,sim,nao,engenheiro,17.3,alto
57,65,183,baixo,6.9,medio,sim,sim,nao,medico,19.4,alto
38,70,185,nenhum,7.4,medio,nao,nao,sim,medico,20.5,baixo
32,99,181,medio,8.1,baixo,nao,nao,sim,motorista,30.2,baixo
39,83,158,medio,9.4,baixo,nao,sim,sim,engenheiro,33.2,alto
69,77,181,baixo,8.3,medio,nao,sim,sim,agricultor,23.5,alto
45,58,152,alto,7.7,baixo,nao,sim,sim,estudante,25.1,alto
31,100,183,medio,8.4,baixo,sim,nao,sim,estudante,29.9,alto
44,65,157,medio,8.7,baixo,nao,nao,sim,medico,26.4,baixo
78,90,157,medio,7.4,baixo,nao,nao,sim,agricultor,36.5,alto
58,60,184,medio,8.4,baixo,sim,sim,sim,motorista,17.7,alto
57,60,187,nenhum,6.0,medio,nao,nao,nao,medico,17.2,alto
75,73,172,alto,8.6,baixo,nao,sim,nao,professor,24.7,alto
45,52,162,baixo,6.0,alto,nao,nao,sim,motorista,19.8,alto
43,47,163,nenhum,5.5,baixo,nao,nao,sim,estudante,17.7,baixo
66,63,182,alto,6.8,medio,sim,nao,nao,trabalhador_de_escritorio,19.0,alto
19,66,176,alto,5.0,alto,nao,sim,nao,engenheiro,21.3,alto
42,90,166,alto,6.1,alto,nao,nao,sim,trabalhador_de_escritorio,32.7,alto
73,57,146,alto,7.6,medio,nao,nao,nao,motorista,26.7,alto
79,77,157,medio,7.4,medio,nao,sim,sim,engenheiro,31.2,alto
20,49,167,alto,8.0,medio,nao,sim,nao,motorista,17.6,baixo
25,71,169,nenhum,8.0,alto,nao,nao,nao,medico,24.9,baixo
61,68,172,medio,7.6,baixo,sim,nao,nao,trabalhador_de_escritorio,23.0,alto
50,107,155,medio,5.7,medio,sim,sim,nao,motorista,44.5,alto
59,92,177,nenhum,8.4,alto,nao,sim,sim,motorista,29.4,alto
69,107,168,medio,6.8,medio,nao,sim,sim,agricultor,37.9,alto
52,56,146,medio,7.4,medio,nao,nao,sim,motorista,26.3,alto
23,72,174,medio,7.2,medio,nao,sim,sim,medico,23.8,baixo
56,88,161,nenhum,9.4,baixo,sim,nao,nao,motorista,33.9,alto
69,87,184,alto,5.2,medio,nao,nao,nao,professor,25.7,alto
40,61,178,nenhum,6.5,medio,nao,nao,nao,trabalhador_de_escritorio,19.3,baixo
42,84,182,medio,7.8,medio,nao,nao,sim,trabalhador_de_escritorio,25.4,baixo
76,93,166,alto,7.0,alto,nao,nao,nao,artista,33.7,alto
67,101,149,medio,6.3,medio,sim,nao,sim,professor,45.5,alto
60,108,192,baixo,4.1,baixo,nao,nao,sim,engenheiro,29.3,alto
36,101,184,nenhum,6.6,medio,nao,nao,sim,medico,29.8,alto
22,87,195,medio,7.5,medio,nao,nao,sim,estudante,22.9,baixo
68,67,160,alto,7.8,medio,nao,nao,nao,professor,26.2,alto
28,71,157,alto,6.7,medio,nao,nao,sim,motorista,28.8,baixo
73,102,170,medio,7.3,medio,nao,nao,sim,agricultor,35.3,alto
29,81,175,nenhum,5.3,medio,sim,nao,nao,medico,26.4,alto
27,50,196,baixo,7.6,medio,sim,sim,sim,estudante,13.0,alto
25,109,183,baixo,7.0,alto,nao,sim,sim,professor,32.5,alto
41,50,192,baixo,7.2,baixo,sim,sim,sim,professor,13.6,alto
77,94,167,baixo,6.7,medio,nao,nao,sim,trabalhador_de_escritorio,33.7,alto
45,66,192,baixo,7.3,medio,nao,sim,sim,trabalhador_de_escritorio,17.9,baixo
58,69,156,medio,8.0,alto,nao,nao,nao,trabalhador_de_escritorio,28.4,alto
53,95,158,baixo,7.4,baixo,nao,nao,nao,artista,38.1,alto
54,92,162,medio,4.3,medio,nao,nao,sim,medico,35.1,alto
38,109,171,alto,7.4,alto,nao,nao,sim,motorista,37.3,alto
25,104,172,medio,6.4,alto,nao,nao,nao,engenheiro,35.2,alto
72,90,162,medio,5.9,alto,nao,nao,nao,medico,34.3,alto
26,80,160,medio,9.0,medio,nao,sim,nao,trabalhador_de_escritorio,31.2,alto
64,102,196,baixo,5.6,alto,nao,nao,nao,trabalhador_de_escritorio,26.6,alto
32,82,160,nenhum,5.8,medio,sim,sim,nao,medico,32.0,alto
65,55,157,nenhum,3.6,medio,sim,nao,nao,motorista,22.3,alto
63,56,173,baixo,9.2,baixo,nao,sim,nao,motorista,18.7,alto
57,86,153,medio,8.3,medio,nao,nao,sim,professor,36.7,alto
35,83,170,alto,6.5,medio,nao,nao,sim,professor,28.7,baixo
59,55,172,alto,7.9,medio,sim,nao,nao,trabalhador_de_escritorio,18.6,alto
77,80,185,nenhum,3.7,medio,nao,nao,sim,artista,23.4,alto
37,96,157,alto,7.7,baixo,nao,nao,sim,trabalhador_de_escritorio,38.9,baixo
23,75,180,baixo,5.7,baixo,nao,nao,nao,engenheiro,23.1,baixo
29,77,153,alto,9.5,medio,nao,nao,sim,motorista,32.9,baixo
19,57,191,baixo,7.6,medio,sim,nao,sim,professor,15.6,alto
24,62,158,nenhum,7.2,baixo,nao,sim,sim,engenheiro,24.8,baixo
33,85,195,baixo,5.8,medio,nao,nao,sim,estudante,22.4,baixo
20,102,156,alto,5.8,medio,nao,sim,nao,trabalhador_de_escritorio,41.9,alto
62,100,197,baixo,7.9,medio,sim,nao,nao,estudante,25.8,alto
20,68,176,baixo,5.8,medio,nao,nao,nao,motorista,22.0,baixo
44,75,182,alto,5.7,medio,sim,nao,sim,estudante,22.6,alto
67,99,147,alto,9.1,baixo,nao,nao,sim,trabalhador_de_escritorio,45.8,alto
60,54,198,nenhum,7.4,medio,nao,nao,sim,engenheiro,13.8,alto
57,104,196,medio,5.4,medio,nao,nao,sim,engenheiro,27.1,alto
55,46,160,baixo,7.8,alto,nao,nao,nao,trabalhador_de_escritorio,18.0,alto
50,59,164,baixo,6.6,baixo,nao,nao,sim,agricultor,21.9,baixo
45,47,176,medio,4.4,medio,nao,nao,sim,trabalhador_de_escritorio,15.2,baixo
18,87,167,medio,6.3,alto,nao,nao,sim,professor,31.2,alto
72,75,161,medio,5.4,alto,sim,sim,sim,motorista,28.9,alto
25,100,160,medio,7.4,baixo,sim,sim,nao,estudante,39.1,alto
54,107,182,medio,6.0,medio,nao,nao,sim,motorista,32.3,alto
49,59,152,medio,7.1,baixo,nao,nao,sim,artista,25.5,baixo
77,54,163,medio,8.0,medio,nao,nao,sim,trabalhador_de_escritorio,20.3,baixo
65,82,174,medio,10.0,medio,nao,nao,sim,medico,27.1,alto
60,91,178,nenhum,10.0,medio,sim,nao,sim,trabalhador_de_escritorio,28.7,alto
54,101,158,medio,7.3,alto,nao,nao,nao,estudante,40.5,alto
21,94,166,medio,6.9,alto,sim,nao,nao,agricultor,34.1,alto
47,59,188,medio,6.1,alto,nao,nao,sim,professor,16.7,baixo
23,62,161,medio,4.5,baixo,nao,nao,sim,estudante,23.9,baixo
63,46,159,baixo,3.6,baixo,nao,nao,nao,trabalhador_de_escritorio,18.2,alto
71,87,194,medio,5.7,medio,sim,nao,nao,estudante,23.1,alto
36,70,192,baixo,9.5,medio,nao,nao,sim,estudante,19.0,baixo
49,82,176,alto,9.4,baixo,nao,nao,sim,engenheiro,26.5,baixo
26,86,157,medio,7.1,medio,nao,nao,sim,artista,34.9,baixo
29,49,165,baixo,7.7,alto,nao,nao,nao,professor,18.0,baixo
28,55,193,medio,6.1,alto,sim,nao,nao,estudante,14.8,alto
63,109,184,alto,7.0,baixo,nao,sim,nao,professor,32.2,alto
72,78,177,baixo,5.8,medio,nao,nao,sim,agricultor,24.9,alto
33,45,171,medio,5.8,medio,nao,nao,nao,estudante,15.4,baixo
18,46,179,medio,7.9,alto,sim,sim,nao,motorista,14.4,alto
62,64,160,medio,6.1,medio,nao,nao,sim,engenheiro,25.0,baixo
72,105,172,baixo,7.7,alto,nao,nao,nao,medico,35.5,alto
70,65,178,medio,6.8,medio,sim,sim,nao,trabalhador_de_escritorio,20.5,alto
38,56,191,alto,9.1,alto,nao,nao,sim,medico,15.4,baixo
47,66,145,alto,7.8,medio,sim,nao,sim,estudante,31.4,alto
30,64,185,medio,7.4,alto,nao,sim,sim,motorista,18.7,baixo
51,45,192,alto,4.9,alto,nao,nao,nao,estudante,12.2,alto
21,74,175,medio,6.3,baixo,nao,nao,sim,estudante,24.2,baixo
45,68,180,medio,6.9,baixo,sim,nao,sim,engenheiro,21.0,baixo
55,58,188,medio,7.1,alto,nao,nao,sim,artista,16.4,alto
75,80,177,nenhum,8.0,baixo,nao,nao,nao,artista,25.5,alto
48,68,177,medio,7.3,medio,nao,sim,sim,professor,21.7,baixo
76,104,183,medio,5.5,alto,nao,sim,sim,agricultor,31.1,alto
72,99,162,alto,7.9,alto,nao,nao,sim,agricultor,37.7,alto
44,68,167,medio,6.3,baixo,nao,nao,sim,professor,24.4,baixo
22,68,167,medio,6.0,medio,nao,nao,nao,estudante,24.4,baixo
42,98,159,baixo,5.3,medio,nao,nao,sim,agricultor,38.8,alto
20,70,170,baixo,6.5,medio,sim,nao,sim,medico,24.2,alto
50,82,174,baixo,6.2,alto,nao,nao,sim,motorista,27.1,alto
21,109,169,medio,8.7,medio,nao,nao,sim,professor,38.2,baixo
42,95,189,baixo,6.6,alto,nao,sim,sim,estudante,26.6,alto
37,79,160,medio,7.8,baixo,sim,nao,sim,trabalhador_de_escritorio,30.9,alto
51,87,183,baixo,4.3,medio,nao,nao,sim,trabalhador_de_escritorio,26.0,alto
43,73,192,medio,8.1,alto,nao,sim,nao,engenheiro,19.8,baixo
79,81,189,alto,8.0,medio,sim,sim,nao,motorista,22.7,alto
79,102,158,medio,4.8,baixo,nao,nao,nao,motorista,40.9,alto
22,98,161,baixo,5.7,alto,nao,nao,sim,professor,37.8,alto
52,83,156,medio,6.0,alto,sim,nao,sim,motorista,34.1,alto
78,86,173,nenhum,6.7,medio,sim,nao,nao,medico,28.7,alto
45,72,176,baixo,5.9,medio,nao,sim,sim,artista,23.2,alto
46,73,168,baixo,6.6,baixo,nao,nao,nao,motorista,25.9,alto
26,87,196,nenhum,8.0,alto,nao,nao,sim,professor,22.6,baixo
69,47,157,baixo,6.2,alto,nao,nao,sim,professor,19.1,alto
55,54,164,baixo,7.4,baixo,nao,nao,nao,medico,20.1,alto
67,103,159,nenhum,7.3,baixo,sim,sim,sim,estudante,40.7,alto
23,58,197,medio,3.0,alto,nao,nao,nao,agricultor,14.9,baixo
36,91,148,alto,5.8,baixo,nao,nao,nao,medico,41.5,alto
77,86,198,alto,8.5,alto,nao,nao,sim,professor,21.9,alto
61,76,178,nenhum,5.7,alto,sim,nao,sim,professor,24.0,alto
74,76,172,medio,5.4,alto,nao,nao,nao,professor,25.7,alto
28,86,194,alto,8.6,medio,nao,sim,sim,professor,22.9,baixo
19,76,146,nenhum,7.2,medio,nao,nao,sim,engenheiro,35.7,alto
64,70,191,alto,9.2,baixo,nao,nao,sim,artista,19.2,baixo
61,45,174,medio,6.3,medio,nao,sim,nao,agricultor,14.9,alto
61,100,170,alto,8.8,medio,sim,nao,nao,professor,34.6,alto
26,46,195,alto,5.7,medio,nao,sim,nao,engenheiro,12.1,baixo
38,74,191,medio,3.1,baixo,nao,sim,nao,estudante,20.3,baixo
41,96,170,medio,8.0,baixo,sim,sim,nao,motorista,33.2,alto
51,53,164,baixo,7.9,medio,nao,nao,sim,professor,19.7,alto
39,66,186,nenhum,8.0,alto,nao,sim,sim,agricultor,19.1,alto
20,78,172,medio,6.7,medio,nao,nao,sim,artista,26.4,baixo
29,93,164,baixo,9.2,medio,nao,nao,nao,agricultor,34.6,alto
45,45,155,nenhum,8.3,medio,nao,nao,sim,medico,18.7,baixo
47,97,154,baixo,8.2,baixo,nao,sim,nao,estudante,40.9,alto
43,84,167,alto,7.2,alto,sim,nao,nao,engenheiro,30.1,alto
65,89,181,nenhum,5.0,medio,nao,nao,sim,motorista,27.2,alto
38,53,185,baixo,7.1,baixo,nao,nao,sim,agricultor,15.5,baixo
45,66,196,medio,7.5,baixo,nao,sim,sim,trabalhador_de_escritorio,17.2,baixo
73,62,163,medio,10.0,alto,nao,sim,nao,professor,23.3,alto
43,87,189,baixo,7.4,medio,nao,nao,sim,agricultor,24.4,baixo
79,83,162,alto,5.4,baixo,sim,nao,nao,estudante,31.6,alto
50,50,193,medio,7.7,medio,nao,sim,nao,estudante,13.4,baixo
38,92,171,medio,8.9,baixo,nao,nao,sim,motorista,31.5,baixo
52,51,150,nenhum,9.6,baixo,sim,nao,nao,motorista,22.7,alto
69,60,154,medio,6.8,alto,nao,nao,sim,artista,25.3,alto
51,45,146,alto,6.7,baixo,sim,nao,sim,engenheiro,21.1,alto
58,81,168,baixo,4.9,alto,nao,nao,sim,estudante,28.7,alto
68,81,182,baixo,6.1,medio,nao,nao,nao,estudante,24.5,alto
64,108,172,nenhum,7.6,baixo,nao,nao,sim,engenheiro,36.5,alto
35,106,172,alto,4.7,alto,nao,nao,sim,engenheiro,35.8,alto
75,105,197,nenhum,10.0,medio,nao,nao,nao,medico,27.1,alto
28,77,189,alto,6.5,medio,nao,nao,sim,motorista,21.6,baixo
74,74,194,baixo,7.2,alto,nao,nao,sim,professor,19.7,alto
40,64,183,medio,7.5,alto,sim,nao,nao,trabalhador_de_escritorio,19.1,alto
65,104,146,medio,8.7,baixo,nao,nao,sim,engenheiro,48.8,alto
39,68,190,nenhum,7.4,baixo,nao,sim,sim,estudante,18.8,baixo
34,48,149,medio,5.4,medio,nao,sim,sim,professor,21.6,baixo
22,81,194,baixo,7.6,baixo,sim,nao,nao,engenheiro,21.5,alto
61,48,155,nenhum,8.7,medio,nao,nao,sim,engenheiro,20.0,alto
28,62,154,alto,5.7,baixo,sim,nao,sim,estudante,26.1,alto
47,92,187,nenhum,8.2,medio,nao,nao,nao,motorista,26.3,alto
32,77,146,medio,7.4,baixo,nao,nao,sim,trabalhador_de_escritorio,36.1,baixo
44,102,159,baixo,7.1,alto,sim,sim,nao,professor,40.3,alto
52,72,183,baixo,6.0,medio,nao,nao,nao,engenheiro,21.5,alto
50,79,185,medio,6.7,baixo,nao,nao,sim,motorista,23.1,baixo
37,54,181,medio,7.7,alto,nao,sim,sim,medico,16.5,baixo
78,109,151,baixo,6.4,medio,nao,sim,sim,engenheiro,47.8,alto
33,86,164,medio,5.5,medio,nao,sim,nao,motorista,32.0,alto
51,53,178,baixo,5.5,baixo,nao,nao,sim,professor,16.7,alto
19,104,179,alto,7.4,alto,nao,nao,nao,agricultor,32.5,alto
52,59,178,baixo,7.7,medio,nao,nao,sim,engenheiro,18.6,alto
57,101,197,baixo,6.9,baixo,nao,nao,sim,medico,26.0,alto
73,66,166,medio,9.7,alto,nao,nao,sim,medico,24.0,alto
45,108,175,nenhum,4.4,baixo,nao,nao,sim,engenheiro,35.3,alto
64,85,167,baixo,7.6,alto,sim,nao,sim,professor,30.5,alto
56,100,163,baixo,4.2,medio,sim,nao,sim,artista,37.6,alto
23,67,148,alto,6.8,alto,nao,nao,nao,engenheiro,30.6,alto
26,69,168,alto,7.4,medio,sim,nao,sim,medico,24.4,baixo
37,50,164,medio,6.7,alto,sim,nao,nao,engenheiro,18.6,alto
77,78,183,medio,4.1,alto,sim,nao,sim,medico,23.3,alto
18,107,172,medio,6.9,alto,nao,sim,sim,agricultor,36.2,alto
25,53,198,medio,7.0,medio,nao,sim,nao,engenheiro,13.5,baixo
72,104,183,baixo,8.3,alto,nao,sim,sim,trabalhador_de_escritorio,31.1,alto
40,93,161,alto,4.9,medio,nao,sim,sim,engenheiro,35.9,alto
20,95,163,nenhum,9.2,baixo,nao,nao,sim,medico,35.8,alto
21,104,198,baixo,3.2,alto,nao,nao,sim,artista,26.5,alto
75,81,192,alto,5.1,medio,nao,sim,nao,professor,22.0,alto
42,75,179,medio,7.3,baixo,nao,nao,sim,medico,23.4,baixo
64,85,176,nenhum,7.5,medio,nao,nao,sim,agricultor,27.4,alto
55,106,191,nenhum,9.3,medio,nao,sim,nao,professor,29.1,alto
32,102,190,medio,7.3,medio,nao,nao,sim,trabalhador_de_escritorio,28.3,baixo
38,58,191,medio,6.8,medio,nao,nao,nao,trabalhador_de_escritorio,15.9,baixo
52,80,190,medio,7.7,baixo,nao,nao,sim,agricultor,22.2,baixo
74,80,183,baixo,3.5,medio,nao,nao,sim,agricultor,23.9,alto
70,52,179,alto,5.5,alto,nao,nao,nao,agricultor,16.2,alto
70,70,174,baixo,5.2,medio,nao,nao,sim,estudante,23.1,alto
63,80,161,medio,8.4,medio,nao,nao,nao,estudante,30.9,alto
69,92,186,medio,9.0,baixo,nao,nao,nao,motorista,26.6,alto
31,72,191,baixo,9.8,baixo,nao,nao,sim,agricultor,19.7,baixo
53,106,173,baixo,7.9,medio,nao,nao,sim,engenheiro,35.4,alto
29,95,150,alto,8.3,baixo,nao,nao,sim,medico,42.2,baixo
34,86,161,alto,7.1,medio,nao,nao,nao,motorista,33.2,baixo
56,73,161,baixo,6.3,medio,sim,nao,nao,engenheiro,28.2,alto
26,54,158,alto,5.4,medio,nao,nao,sim,artista,21.6,baixo
52,83,168,baixo,5.2,medio,nao,nao,sim,professor,29.4,alto
77,45,194,medio,4.9,alto,sim,sim,sim,artista,12.0,alto
30,83,181,nenhum,8.1,baixo,nao,nao,sim,trabalhador_de_escritorio,25.3,alto
32,65,184,alto,6.4,medio,nao,nao,nao,artista,19.2,baixo
35,109,183,nenhum,5.9,alto,nao,nao,nao,trabalhador_de_escritorio,32.5,alto
68,59,199,medio,4.0,alto,nao,sim,sim,professor,14.9,alto
50,48,176,medio,5.6,medio,sim,sim,sim,trabalhador_de_escritorio,15.5,alto
23,104,180,nenhum,6.6,medio,nao,nao,sim,artista,32.1,alto
76,105,194,medio,4.7,baixo,sim,nao,sim,agricultor,27.9,alto
44,64,181,nenhum,10.0,baixo,nao,sim,nao,agricultor,19.5,baixo
40,54,192,medio,5.0,medio,sim,nao,sim,motorista,14.6,alto
76,78,158,baixo,8.7,baixo,sim,nao,sim,agricultor,31.2,alto
44,92,171,medio,6.8,alto,nao,sim,sim,estudante,31.5,alto
51,77,163,alto,6.2,medio,nao,sim,sim,professor,29.0,alto
73,105,175,baixo,6.6,baixo,nao,nao,sim,medico,34.3,alto
63,54,190,nenhum,7.0,baixo,nao,nao,nao,professor,15.0,alto
55,98,153,medio,7.3,medio,nao,sim,nao,artista,41.9,alto
31,109,182,medio,5.5,baixo,sim,nao,sim,medico,32.9,alto
53,45,161,alto,7.8,medio,nao,nao,sim,trabalhador_de_escritorio,17.4,baixo
70,49,163,baixo,6.6,alto,nao,sim,nao,motorista,18.4,alto
25,59,188,baixo,5.0,alto,nao,nao,nao,artista,16.7,alto
79,72,148,alto,6.4,medio,nao,nao,nao,estudante,32.9,alto
52,67,192,alto,9.1,alto,nao,nao,sim,trabalhador_de_escritorio,18.2,alto
36,61,155,medio,7.3,medio,nao,nao,sim,trabalhador_de_escritorio,25.4,baixo
47,57,166,baixo,7.0,medio,nao,nao,sim,medico,20.7,baixo
31,58,148,baixo,6.4,medio,nao,nao,sim,estudante,26.5,alto
76,55,161,nenhum,6.5,baixo,nao,nao,sim,trabalhador_de_escritorio,21.2,alto
37,72,152,alto,7.3,baixo,sim,nao,nao,professor,31.2,alto
66,86,190,baixo,6.6,medio,nao,sim,nao,artista,23.8,alto
42,105,178,medio,7.7,alto,nao,nao,sim,estudante,33.1,alto
57,108,155,medio,7.5,medio,sim,sim,sim,medico,45.0,alto
41,75,175,baixo,5.2,medio,nao,nao,sim,agricultor,24.5,baixo
31,54,155,baixo,7.8,medio,sim,nao,nao,estudante,22.5,alto
43,52,198,medio,5.6,medio,nao,nao,sim,artista,13.3,baixo
55,65,182,baixo,5.5,medio,nao,nao,sim,medico,19.6,alto
40,103,197,baixo,7.0,alto,sim,nao,sim,artista,26.5,alto
39,94,165,baixo,7.4,medio,nao,nao,nao,professor,34.5,alto
65,74,190,alto,7.9,baixo,nao,sim,sim,motorista,20.5,alto
74,61,174,alto,3.8,medio,sim,nao,sim,professor,20.1,alto
36,64,154,medio,8.2,medio,nao,nao,nao,professor,27.0,baixo
63,92,170,medio,7.6,medio,nao,nao,nao,trabalhador_de_escritorio,31.8,alto
68,46,171,medio,5.9,medio,nao,nao,sim,artista,15.7,alto
20,81,152,medio,6.6,medio,nao,nao,nao,motorista,35.1,baixo
59,45,183,alto,7.3,baixo,nao,nao,sim,agricultor,13.4,baixo
36,48,152,medio,3.0,baixo,nao,nao,sim,motorista,20.8,baixo
26,98,152,nenhum,5.1,medio,nao,sim,nao,agricultor,42.4,alto
45,69,199,alto,8.7,medio,nao,nao,nao,engenheiro,17.4,baixo
37,47,178,medio,6.1,baixo,sim,nao,sim,motorista,14.8,baixo
62,53,160,baixo,6.9,medio,nao,nao,nao,motorista,20.7,alto
24,78,185,alto,6.8,alto,nao,nao,sim,artista,22.8,baixo
31,87,157,baixo,8.1,baixo,nao,sim,nao,professor,35.3,alto
26,66,167,baixo,6.4,alto,sim,nao,sim,motorista,23.7,alto
76,46,156,medio,6.5,alto,sim,nao,sim,trabalhador_de_escritorio,18.9,alto
77,76,171,baixo,7.3,alto,nao,nao,sim,artista,26.0,alto
72,60,166,medio,8.3,alto,nao,nao,nao,medico,21.8,alto
74,45,176,baixo,8.7,medio,nao,nao,nao,estudante,14.5,alto
77,92,193,nenhum,6.5,medio,nao,nao,nao,trabalhador_de_escritorio,24.7,alto
36,94,171,medio,6.3,medio,nao,sim,sim,professor,32.1,alto
64,57,146,medio,6.8,medio,nao,nao,sim,trabalhador_de_escritorio,26.7,alto
69,59,189,nenhum,9.0,baixo,sim,nao,sim,motorista,16.5,alto
31,97,177,alto,8.2,medio,nao,nao,sim,estudante,31.0,baixo
73,88,170,medio,6.3,baixo,nao,nao,sim,professor,30.4,alto
55,52,172,baixo,4.6,medio,nao,nao,nao,artista,17.6,alto
70,90,163,baixo,8.7,alto,nao,nao,nao,estudante,33.9,alto
78,63,187,alto,8.8,alto,nao,nao,sim,motorista,18.0,alto
53,82,149,medio,5.3,baixo,nao,nao,nao,estudante,36.9,alto
57,55,177,baixo,6.3,baixo,sim,nao,nao,medico,17.6,alto
34,87,164,nenhum,8.3,medio,nao,nao,sim,medico,32.3,alto
47,64,174,medio,7.6,medio,sim,nao,nao,agricultor,21.1,baixo
26,64,189,baixo,4.0,alto,nao,nao,sim,motorista,17.9,alto
50,65,152,medio,5.3,medio,nao,sim,nao,engenheiro,28.1,alto
73,101,182,alto,7.9,medio,nao,sim,sim,trabalhador_de_escritorio,30.5,alto
69,94,161,baixo,7.4,baixo,nao,nao,sim,engenheiro,36.3,alto
42,70,188,alto,8.0,baixo,nao,nao,sim,trabalhador_de_escritorio,19.8,baixo
31,74,145,alto,8.2,baixo,nao,nao,nao,agricultor,35.2,baixo
28,75,147,alto,7.4,medio,sim,nao,sim,agricultor,34.7,alto
70,86,190,alto,7.6,alto,nao,nao,sim,medico,23.8,alto
52,105,170,alto,6.1,baixo,nao,nao,nao,artista,36.3,alto
58,105,175,medio,7.2,baixo,nao,sim,sim,artista,34.3,alto
76,61,152,medio,7.5,medio,nao,nao,sim,medico,26.4,alto
31,63,187,medio,9.6,medio,nao,sim,sim,estudante,18.0,baixo
47,95,190,alto,5.8,alto,nao,nao,sim,motorista,26.3,alto
58,107,152,baixo,8.1,baixo,nao,nao,nao,medico,46.3,alto
21,74,179,baixo,6.8,alto,nao,nao,nao,motorista,23.1,baixo
76,69,183,nenhum,8.1,alto,nao,nao,nao,trabalhador_de_escritorio,20.6,alto
21,70,172,alto,6.8,alto,sim,nao,sim,motorista,23.7,alto
45,100,195,medio,8.8,baixo,nao,nao,sim,artista,26.3,baixo
25,66,148,medio,5.9,medio,sim,nao,sim,engenheiro,30.1,alto
19,63,160,baixo,7.2,alto,nao,nao,sim,artista,24.6,baixo
58,75,157,medio,7.7,alto,nao,nao,nao,engenheiro,30.4,alto
78,70,164,nenhum,6.0,medio,nao,nao,sim,medico,26.0,alto
63,86,195,medio,7.5,medio,nao,sim,sim,agricultor,22.6,alto
39,85,149,baixo,8.5,medio,nao,nao,nao,engenheiro,38.3,alto
58,67,199,alto,6.9,alto,nao,nao,sim,agricultor,16.9,alto
73,91,181,medio,8.1,baixo,sim,nao,nao,medico,27.8,alto
72,57,164,medio,6.0,baixo,nao,nao,sim,trabalhador_de_escritorio,21.2,alto
33,60,168,medio,5.4,baixo,nao,nao,nao,motorista,21.3,baixo
46,72,180,medio,8.0,medio,sim,nao,nao,professor,22.2,baixo
79,79,178,baixo,6.2,baixo,nao,nao,sim,engenheiro,24.9,alto
66,85,189,medio,4.5,medio,nao,nao,sim,motorista,23.8,alto
65,75,192,alto,5.9,medio,sim,nao,nao,motorista,20.3,alto
47,76,198,medio,9.0,baixo,nao,sim,sim,medico,19.4,baixo
29,98,178,medio,8.6,medio,nao,nao,sim,medico,30.9,baixo
52,103,163,alto,5.3,baixo,nao,sim,nao,motorista,38.8,alto
28,85,161,alto,4.8,medio,nao,nao,sim,engenheiro,32.8,alto
63,98,149,medio,6.4,medio,sim,nao,sim,professor,44.1,alto
67,84,169,medio,8.6,medio,nao,nao,sim,artista,29.4,alto
38,72,162,alto,6.7,baixo,nao,sim,sim,trabalhador_de_escritorio,27.4,alto
38,81,199,alto,6.7,alto,nao,nao,nao,engenheiro,20.5,baixo
22,109,197,alto,6.1,alto,sim,nao,sim,estudante,28.1,alto
65,99,194,medio,6.6,medio,nao,nao,nao,motorista,26.3,alto
37,48,152,baixo,8.3,medio,nao,nao,nao,trabalhador_de_escritorio,20.8,baixo
54,54,171,nenhum,7.1,medio,nao,nao,nao,estudante,18.5,alto
20,91,159,baixo,6.7,alto,nao,nao,sim,estudante,36.0,alto
61,58,189,alto,8.0,medio,nao,sim,sim,medico,16.2,alto
50,82,157,alto,7.1,baixo,nao,sim,sim,motorista,33.3,alto
70,56,160,medio,8.4,alto,nao,sim,sim,motorista,21.9,alto
78,89,166,medio,6.0,medio,nao,nao,nao,engenheiro,32.3,alto
26,61,164,baixo,7.4,medio,nao,sim,nao,trabalhador_de_escritorio,22.7,baixo
78,79,157,medio,8.3,medio,nao,nao,sim,agricultor,32.0,alto
26,85,164,medio,9.3,baixo,nao,nao,sim,agricultor,31.6,baixo
21,73,146,medio,5.4,alto,nao,nao,sim,agricultor,34.2,alto
52,62,179,baixo,6.7,medio,nao,nao,sim,motorista,19.4,alto
34,64,191,medio,5.0,baixo,nao,sim,nao,artista,17.5,baixo
51,58,199,baixo,5.5,medio,sim,nao,sim,trabalhador_de_escritorio,14.6,alto
41,78,163,alto,7.0,medio,nao,sim,nao,agricultor,29.4,alto
49,93,189,baixo,4.0,baixo,nao,nao,nao,medico,26.0,alto
18,98,181,alto,7.6,medio,nao,nao,nao,motorista,29.9,baixo
25,75,198,baixo,7.8,medio,nao,nao,sim,artista,19.1,baixo
62,102,150,baixo,6.9,baixo,nao,nao,nao,artista,45.3,alto
40,86,158,medio,5.7,medio,nao,nao,nao,trabalhador_de_escritorio,34.4,alto
64,102,148,medio,6.6,baixo,nao,sim,sim,artista,46.6,alto
57,74,166,medio,10.0,medio,nao,nao,sim,medico,26.9,alto
29,69,195,baixo,6.2,medio,sim,nao,nao,professor,18.1,alto
71,107,199,nenhum,5.8,baixo,nao,nao,sim,trabalhador_de_escritorio,27.0,alto
29,63,183,medio,3.5,medio,nao,sim,sim,agricultor,18.8,baixo
63,52,180,nenhum,8.6,medio,nao,nao,sim,estudante,16.0,alto
64,47,178,baixo,5.1,medio,nao,nao,sim,agricultor,14.8,alto
32,61,171,medio,7.1,medio,nao,nao,sim,motorista,20.9,baixo
58,58,151,nenhum,10.0,medio,nao,nao,nao,professor,25.4,alto
36,53,147,nenhum,7.6,medio,nao,nao,sim,motorista,24.5,baixo
43,106,191,nenhum,7.5,medio,nao,nao,nao,estudante,29.1,alto
69,65,177,alto,6.5,medio,nao,sim,sim,engenheiro,20.7,alto
46,81,146,baixo,7.5,baixo,sim,nao,sim,professor,38.0,alto
39,55,186,alto,7.1,alto,nao,nao,sim,agricultor,15.9,baixo
57,64,160,baixo,7.8,alto,nao,nao,nao,estudante,25.0,alto
38,79,169,medio,3.4,medio,nao,nao,sim,agricultor,27.7,alto
68,97,159,baixo,7.6,alto,nao,nao,nao,engenheiro,38.4,alto
55,91,168,medio,7.7,medio,nao,nao,sim,artista,32.2,alto
37,96,159,alto,10.0,baixo,nao,nao,nao,professor,38.0,baixo
74,52,175,alto,7.0,medio,sim,nao,nao,medico,17.0,alto
46,48,158,medio,7.3,alto,nao,sim,sim,professor,19.2,baixo
68,71,198,alto,7.6,baixo,nao,nao,nao,medico,18.1,baixo
21,88,158,baixo,7.6,medio,nao,nao,sim,agricultor,35.3,alto
72,84,150,medio,5.1,alto,sim,nao,nao,agricultor,37.3,alto
24,91,158,medio,8.2,alto,nao,nao,nao,professor,36.5,alto
45,88,161,alto,5.6,baixo,nao,sim,sim,agricultor,33.9,alto
45,92,162,baixo,7.6,baixo,nao,sim,nao,motorista,35.1,alto
21,96,164,alto,5.7,baixo,nao,sim,sim,artista,35.7,alto
39,55,195,medio,6.7,medio,sim,nao,sim,motorista,14.5,baixo
29,48,161,medio,6.3,alto,nao,nao,sim,estudante,18.5,baixo
62,92,160,baixo,6.6,medio,nao,nao,sim,artista,35.9,alto
20,70,184,medio,6.9,alto,nao,nao,sim,artista,20.7,baixo
39,83,183,medio,7.6,medio,nao,sim,sim,motorista,24.8,baixo
61,102,196,medio,6.9,medio,sim,nao,sim,estudante,26.6,alto
19,63,176,alto,8.3,baixo,nao,nao,nao,engenheiro,20.3,baixo
41,102,188,medio,6.2,medio,sim,sim,nao,trabalhador_de_escritorio,28.9,alto
51,72,153,medio,7.6,baixo,nao,nao,nao,medico,30.8,alto
44,54,171,alto,5.8,medio,nao,nao,sim,agricultor,18.5,baixo
72,102,190,medio,9.7,baixo,nao,nao,sim,artista,28.3,alto
58,58,196,medio,7.7,baixo,nao,sim,nao,artista,15.1,alto
18,59,177,baixo,6.0,medio,nao,nao,sim,medico,18.8,baixo
25,77,154,baixo,9.6,medio,nao,sim,sim,artista,32.5,alto
40,61,161,medio,7.8,baixo,nao,nao,sim,professor,23.5,baixo
55,68,193,alto,6.0,medio,nao,nao,sim,engenheiro,18.3,alto
23,74,193,baixo,6.8,medio,nao,nao,nao,medico,19.9,baixo
39,106,180,baixo,5.3,medio,nao,nao,nao,agricultor,32.7,alto
42,57,161,medio,5.3,medio,nao,nao,sim,trabalhador_de_escritorio,22.0,baixo
35,106,162,nenhum,8.8,medio,nao,sim,nao,motorista,40.4,alto
34,91,196,medio,5.7,alto,nao,nao,sim,engenheiro,23.7,baixo
78,60,167,medio,5.0,baixo,sim,sim,nao,artista,21.5,alto
29,87,178,baixo,8.0,baixo,nao,sim,sim,professor,27.5,alto
23,52,152,alto,9.5,baixo,sim,nao,sim,agricultor,22.5,baixo
43,47,157,medio,8.7,medio,nao,sim,sim,engenheiro,19.1,baixo
44,56,167,medio,10.0,medio,nao,nao,nao,artista,20.1,baixo
25,60,198,baixo,10.0,medio,nao,nao,sim,estudante,15.3,baixo
36,103,164,medio,5.6,baixo,nao,nao,nao,agricultor,38.3,alto
77,93,166,alto,6.5,medio,nao,nao,sim,professor,33.7,alto
59,107,191,baixo,4.6,medio,nao,sim,sim,professor,29.3,alto
18,106,196,baixo,5.3,baixo,nao,nao,nao,trabalhador_de_escritorio,27.6,alto
74,93,167,baixo,8.6,medio,sim,sim,sim,artista,33.3,alto
46,95,185,baixo,7.4,alto,nao,nao,sim,artista,27.8,alto
62,77,179,baixo,9.2,medio,nao,sim,nao,engenheiro,24.0,alto
66,74,147,baixo,5.7,baixo,nao,nao,sim,trabalhador_de_escritorio,34.2,alto
52,103,178,alto,6.2,alto,nao,nao,sim,trabalhador_de_escritorio,32.5,alto
57,59,177,medio,7.9,baixo,nao,nao,sim,artista,18.8,baixo
31,67,190,baixo,8.6,medio,nao,sim,sim,trabalhador_de_escritorio,18.6,baixo
52,89,161,medio,4.5,baixo,sim,nao,sim,motorista,34.3,alto
65,106,189,nenhum,6.6,alto,nao,nao,nao,artista,29.7,alto
62,59,163,medio,7.6,baixo,nao,sim,sim,medico,22.2,alto
37,90,174,baixo,8.2,baixo,sim,sim,sim,professor,29.7,alto
73,108,167,nenhum,8.5,alto,sim,sim,sim,trabalhador_de_escritorio,38.7,alto
66,90,159,alto,6.9,medio,nao,nao,sim,medico,35.6,alto
30,100,158,baixo,5.1,medio,nao,nao,sim,medico,40.1,alto
78,88,146,alto,4.1,baixo,nao,nao,nao,medico,41.3,alto
55,73,183,medio,6.7,medio,sim,nao,sim,trabalhador_de_escritorio,21.8,alto
66,106,193,nenhum,6.6,alto,nao,sim,sim,medico,28.5,alto
63,96,162,medio,5.8,medio,nao,nao,nao,trabalhador_de_escritorio,36.6,alto
66,98,150,medio,8.3,alto,nao,sim,sim,engenheiro,43.6,alto
79,101,176,baixo,5.3,alto,nao,nao,sim,professor,32.6,alto
25,66,165,baixo,6.0,medio,nao,nao,sim,agricultor,24.2,baixo
60,64,184,nenhum,8.8,medio,nao,sim,sim,trabalhador_de_escritorio,18.9,alto
37,77,172,alto,5.8,medio,nao,nao,sim,professor,26.0,alto
77,69,171,medio,7.5,baixo,nao,nao,sim,trabalhador_de_escritorio,23.6,baixo
50,90,146,nenhum,7.0,medio,nao,nao,sim,motorista,42.2,alto
43,101,177,alto,7.4,alto,nao,nao,sim,engenheiro,32.2,alto
56,49,160,baixo,8.3,medio,nao,nao,sim,artista,19.1,alto
38,99,183,baixo,7.5,alto,nao,nao,sim,professor,29.6,alto
70,105,166,baixo,4.9,alto,nao,nao,nao,professor,38.1,alto
66,52,187,medio,5.2,alto,nao,nao,nao,medico,14.9,alto
79,60,191,nenhum,7.4,alto,nao,nao,sim,artista,16.4,alto
59,92,157,medio,5.6,medio,nao,nao,sim,trabalhador_de_escritorio,37.3,alto
60,105,146,alto,8.4,alto,nao,sim,nao,trabalhador_de_escritorio,49.3,alto
71,59,158,baixo,7.5,medio,nao,nao,sim,agricultor,23.6,alto
79,109,182,baixo,4.4,medio,nao,nao,nao,medico,32.9,alto
58,66,185,baixo,9.8,medio,nao,nao,sim,artista,19.3,alto
26,47,172,medio,6.5,medio,nao,nao,sim,medico,15.9,baixo
41,98,151,alto,6.7,medio,sim,nao,nao,agricultor,43.0,alto
54,58,162,baixo,7.6,medio,nao,sim,nao,medico,22.1,alto
66,80,185,nenhum,6.9,baixo,sim,nao,sim,medico,23.4,alto
58,54,199,baixo,8.4,baixo,nao,nao,nao,engenheiro,13.6,alto
34,93,180,baixo,5.5,medio,nao,nao,sim,motorista,28.7,alto
41,109,185,medio,8.7,alto,nao,nao,nao,professor,31.8,alto
38,101,180,nenhum,8.0,medio,sim,sim,sim,artista,31.2,alto
68,71,188,baixo,5.8,baixo,nao,nao,sim,agricultor,20.1,alto
76,49,148,medio,7.4,alto,nao,nao,nao,estudante,22.4,alto
56,101,174,baixo,8.8,alto,nao,nao,sim,engenheiro,33.4,alto
72,59,168,medio,7.8,alto,nao,nao,sim,motorista,20.9,alto
58,74,164,nenhum,7.2,medio,sim,nao,sim,engenheiro,27.5,alto
56,64,190,alto,7.9,baixo,nao,nao,sim,estudante,17.7,baixo
30,81,175,baixo,8.1,medio,nao,nao,sim,engenheiro,26.4,alto
28,47,168,alto,6.2,medio,sim,nao,sim,medico,16.7,baixo
63,85,151,baixo,7.2,baixo,nao,nao,sim,motorista,37.3,alto
36,83,170,medio,8.3,baixo,nao,nao,nao,motorista,28.7,baixo
28,70,157,baixo,7.2,alto,sim,nao,sim,agricultor,28.4,alto
30,46,198,medio,5.9,medio,sim,sim,sim,medico,11.7,alto
63,67,152,baixo,7.4,baixo,nao,nao,nao,estudante,29.0,alto
62,67,199,medio,6.4,medio,nao,sim,sim,medico,16.9,alto
18,60,149,medio,7.9,medio,nao,nao,sim,estudante,27.0,baixo
57,53,188,medio,9.1,baixo,nao,sim,sim,engenheiro,15.0,alto
61,57,157,medio,8.0,medio,nao,nao,nao,trabalhador_de_escritorio,23.1,baixo
36,72,173,nenhum,5.8,baixo,nao,nao,sim,agricultor,24.1,baixo
29,71,164,baixo,7.5,alto,nao,nao,nao,agricultor,26.4,alto
25,95,158,medio,3.1,alto,nao,nao,nao,engenheiro,38.1,alto
25,108,176,nenhum,6.9,medio,nao,sim,sim,engenheiro,34.9,alto
78,96,194,baixo,8.4,medio,nao,sim,nao,artista,25.5,alto
70,82,171,baixo,7.6,baixo,nao,nao,sim,professor,28.0,alto
62,109,169,baixo,7.2,medio,nao,sim,sim,engenheiro,38.2,alto
29,62,196,medio,10.0,medio,sim,nao,sim,medico,16.1,baixo
78,107,148,medio,4.4,medio,sim,nao,sim,artista,48.8,alto
65,95,165,alto,4.8,baixo,nao,nao,nao,engenheiro,34.9,alto
50,53,162,baixo,7.7,medio,nao,sim,nao,estudante,20.2,baixo
62,57,183,alto,8.3,medio,nao,nao,sim,agricultor,17.0,baixo
43,84,159,medio,8.4,medio,nao,nao,sim,trabalhador_de_escritorio,33.2,baixo
56,99,197,alto,6.1,medio,sim,nao,nao,trabalhador_de_escritorio,25.5,alto
45,87,182,alto,5.7,medio,nao,sim,sim,medico,26.3,alto
75,88,192,medio,5.5,medio,nao,nao,sim,trabalhador_de_escritorio,23.9,alto
22,77,196,baixo,7.5,baixo,nao,nao,sim,engenheiro,20.0,baixo
25,68,168,baixo,5.5,alto,nao,nao,nao,trabalhador_de_escritorio,24.1,alto
42,80,152,baixo,8.7,medio,nao,nao,sim,engenheiro,34.6,alto
44,54,172,alto,7.0,baixo,nao,nao,sim,estudante,18.3,baixo
63,64,165,alto,5.9,medio,nao,sim,sim,motorista,23.5,alto
40,56,160,medio,6.0,medio,sim,sim,nao,professor,21.9,alto
47,106,198,alto,4.7,baixo,sim,nao,sim,agricultor,27.0,alto
62,62,160,alto,5.8,medio,nao,nao,nao,estudante,24.2,alto
64,107,179,medio,6.2,alto,nao,nao,sim,motorista,33.4,alto
40,69,161,medio,7.6,medio,nao,nao,nao,medico,26.6,baixo
66,56,153,medio,6.9,medio,sim,nao,nao,professor,23.9,alto
64,65,179,medio,5.7,baixo,nao,nao,nao,trabalhador_de_escritorio,20.3,alto
37,69,196,nenhum,5.2,alto,nao,nao,nao,medico,18.0,alto
35,55,173,medio,6.6,medio,sim,nao,sim,artista,18.4,baixo
35,108,183,medio,3.9,baixo,nao,nao,nao,engenheiro,32.2,alto
19,94,162,medio,6.5,medio,nao,nao,sim,estudante,35.8,baixo
21,106,156,alto,8.7,baixo,nao,sim,sim,estudante,43.6,alto
47,93,163,baixo,6.7,baixo,sim,nao,sim,estudante,35.0,alto
50,58,192,nenhum,7.2,baixo,nao,nao,nao,professor,15.7,baixo
53,45,166,alto,7.1,baixo,nao,nao,sim,agricultor,16.3,baixo
35,69,193,medio,4.9,baixo,nao,sim,sim,agricultor,18.5,baixo
54,103,196,baixo,9.6,alto,nao,sim,nao,estudante,26.8,alto
36,49,159,medio,6.4,alto,nao,nao,sim,professor,19.4,baixo
64,63,145,medio,7.0,medio,nao,nao,sim,professor,30.0,alto
45,67,146,alto,6.0,medio,sim,nao,nao,professor,31.4,alto
57,53,152,medio,8.7,medio,nao,nao,nao,trabalhador_de_escritorio,22.9,baixo
37,94,166,baixo,4.8,medio,nao,sim,sim,estudante,34.1,alto
66,60,169,medio,9.0,medio,nao,nao,nao,motorista,21.0,baixo
50,77,146,alto,6.5,medio,nao,nao,sim,motorista,36.1,baixo
29,46,195,medio,6.2,medio,sim,nao,sim,estudante,12.1,baixo
75,58,153,alto,6.1,medio,nao,sim,nao,motorista,24.8,alto
68,45,153,baixo,9.7,medio,nao,nao,nao,agricultor,19.2,alto
32,102,157,alto,4.6,medio,nao,nao,nao,artista,41.4,alto
58,60,150,medio,6.2,alto,nao,nao,nao,agricultor,26.7,alto
56,91,174,medio,5.1,medio,nao,nao,nao,estudante,30.1,alto
19,88,159,baixo,4.3,alto,nao,nao,sim,estudante,34.8,alto
46,58,195,alto,9.0,medio,nao,nao,sim,trabalhador_de_escritorio,15.3,baixo
58,68,197,medio,7.0,baixo,nao,nao,nao,medico,17.5,baixo
27,99,159,alto,5.3,medio,nao,nao,nao,estudante,39.2,alto
19,59,194,baixo,8.2,medio,nao,nao,sim,estudante,15.7,baixo
68,78,151,nenhum,6.4,medio,nao,nao,sim,agricultor,34.2,alto
28,46,155,baixo,6.0,medio,nao,nao,nao,medico,19.1,baixo
30,71,184,medio,7.9,baixo,nao,nao,nao,artista,21.0,baixo
27,67,182,medio,6.4,alto,sim,nao,nao,medico,20.2,alto
31,58,184,medio,5.6,alto,nao,sim,sim,estudante,17.1,alto
35,107,146,medio,8.0,medio,nao,nao,sim,medico,50.2,baixo
68,109,195,alto,6.8,baixo,nao,sim,nao,agricultor,28.7,alto
71,107,192,baixo,8.1,alto,nao,nao,sim,engenheiro,29.0,alto
26,108,183,baixo,6.4,medio,sim,sim,nao,medico,32.2,alto
74,76,154,alto,8.5,medio,sim,sim,sim,motorista,32.0,alto
56,57,188,medio,7.0,medio,nao,nao,nao,artista,16.1,baixo
45,63,161,medio,8.6,medio,nao,nao,nao,artista,24.3,baixo
20,68,151,medio,8.5,baixo,nao,nao,nao,engenheiro,29.8,baixo
37,55,198,medio,8.9,medio,nao,sim,nao,trabalhador_de_escritorio,14.0,baixo
23,103,184,baixo,7.1,medio,nao,nao,nao,motorista,30.4,alto
44,59,183,medio,7.6,medio,nao,nao,nao,estudante,17.6,baixo
70,54,148,alto,6.7,medio,nao,nao,nao,artista,24.7,baixo
19,85,179,medio,5.7,baixo,sim,nao,nao,engenheiro,26.5,alto
46,71,195,nenhum,10.0,baixo,sim,sim,nao,engenheiro,18.7,alto
55,104,191,medio,5.9,baixo,nao,nao,nao,professor,28.5,alto
20,96,180,baixo,8.4,baixo,sim,nao,sim,medico,29.6,alto
33,72,175,baixo,8.1,medio,nao,nao,nao,estudante,23.5,baixo
47,109,169,alto,7.3,baixo,sim,nao,nao,agricultor,38.2,alto
57,61,185,baixo,6.8,medio,sim,nao,nao,professor,17.8,alto
19,88,157,alto,6.8,medio,sim,nao,sim,estudante,35.7,alto
34,54,162,medio,6.0,medio,nao,nao,sim,motorista,20.6,baixo
58,107,165,medio,7.1,medio,nao,nao,sim,estudante,39.3,alto
79,91,192,medio,5.2,medio,nao,nao,sim,estudante,24.7,alto
29,82,145,baixo,8.1,baixo,nao,nao,sim,engenheiro,39.0,alto
52,97,180,medio,6.7,baixo,nao,nao,nao,trabalhador_de_escritorio,29.9,alto
60,88,194,alto,5.6,medio,sim,sim,nao,agricultor,23.4,alto
18,98,152,medio,5.1,medio,nao,nao,sim,trabalhador_de_escritorio,42.4,alto
72,64,196,medio,6.8,alto,nao,nao,nao,engenheiro,16.7,alto
62,75,192,alto,6.9,medio,sim,nao,nao,trabalhador_de_escritorio,20.3,alto
32,51,165,baixo,6.2,baixo,nao,nao,sim,professor,18.7,baixo
43,102,187,nenhum,7.8,medio,nao,nao,nao,trabalhador_de_escritorio,29.2,alto
54,54,196,nenhum,7.5,medio,nao,nao,sim,professor,14.1,alto
38,54,197,medio,7.1,baixo,nao,nao,nao,medico,13.9,baixo
79,83,197,alto,5.6,baixo,nao,sim,nao,artista,21.4,alto
66,72,165,medio,5.9,medio,sim,sim,nao,agricultor,26.4,alto
48,74,171,alto,4.9,alto,nao,nao,nao,trabalhador_de_escritorio,25.3,alto
42,81,163,medio,6.7,medio,nao,nao,sim,professor,30.5,baixo
40,87,167,baixo,7.8,medio,sim,nao,nao,engenheiro,31.2,alto
41,96,195,baixo,5.2,baixo,nao,nao,sim,motorista,25.2,alto
74,100,194,alto,6.2,medio,sim,nao,nao,artista,26.6,alto
55,53,195,nenhum,6.9,medio,nao,nao,nao,engenheiro,13.9,alto
45,67,187,medio,7.8,medio,nao,nao,sim,professor,19.2,baixo
38,107,179,baixo,4.8,medio,sim,nao,nao,agricultor,33.4,alto
71,105,184,baixo,10.0,medio,sim,sim,sim,medico,31.0,alto
60,84,196,medio,8.1,medio,nao,nao,nao,medico,21.9,baixo
35,88,195,baixo,6.1,baixo,nao,nao,nao,agricultor,23.1,baixo
53,68,186,alto,5.4,medio,nao,nao,nao,motorista,19.7,alto
52,95,192,medio,7.4,alto,nao,nao,nao,trabalhador_de_escritorio,25.8,alto
62,102,149,medio,7.7,medio,nao,nao,sim,professor,45.9,alto
72,77,196,medio,5.5,baixo,sim,sim,sim,medico,20.0,alto
26,60,185,medio,5.3,medio,nao,nao,nao,agricultor,17.5,baixo
70,66,152,alto,5.7,medio,nao,sim,nao,medico,28.6,alto
55,101,155,baixo,7.1,alto,nao,nao,sim,medico,42.0,alto
75,106,160,nenhum,7.1,medio,nao,nao,nao,estudante,41.4,alto
47,74,183,nenhum,10.0,medio,nao,nao,nao,trabalhador_de_escritorio,22.1,baixo
77,67,191,alto,3.8,medio,nao,nao,sim,medico,18.4,alto
61,76,168,alto,6.0,medio,nao,nao,sim,professor,26.9,alto
51,101,165,baixo,6.2,baixo,sim,nao,sim,agricultor,37.1,alto
49,53,196,medio,7.7,baixo,nao,sim,sim,motorista,13.8,baixo
20,75,167,nenhum,7.8,baixo,nao,sim,nao,motorista,26.9,alto
20,53,193,baixo,6.7,baixo,nao,nao,sim,motorista,14.2,baixo
45,57,182,medio,9.3,baixo,nao,nao,sim,trabalhador_de_escritorio,17.2,baixo
61,102,191,nenhum,5.3,medio,nao,nao,nao,motorista,28.0,alto
32,47,152,medio,6.0,medio,nao,nao,nao,trabalhador_de_escritorio,20.3,baixo
58,79,151,medio,5.0,alto,sim,nao,nao,estudante,34.6,alto
40,65,146,medio,6.8,medio,nao,nao,sim,motorista,30.5,baixo
57,108,174,medio,6.5,alto,nao,nao,nao,agricultor,35.7,alto
28,96,157,medio,8.2,medio,nao,nao,sim,professor,38.9,baixo
65,78,167,medio,9.8,baixo,nao,nao,sim,artista,28.0,alto
49,79,173,nenhum,9.2,medio,nao,nao,sim,motorista,26.4,alto
75,59,182,medio,5.2,medio,nao,sim,nao,medico,17.8,alto
76,50,181,baixo,7.1,medio,sim,nao,sim,medico,15.3,alto
74,76,164,nenhum,8.2,alto,nao,sim,nao,motorista,28.3,alto
71,96,177,medio,8.0,medio,sim,sim,sim,professor,30.6,alto
53,72,173,alto,10.0,medio,sim,sim,sim,artista,24.1,alto
77,108,194,baixo,6.7,alto,nao,nao,sim,engenheiro,28.7,alto
50,63,159,nenhum,7.1,medio,sim,nao,sim,agricultor,24.9,alto
41,59,167,nenhum,10.0,baixo,nao,nao,nao,professor,21.2,baixo
56,50,186,baixo,7.6,medio,nao,sim,sim,medico,14.5,alto
51,82,147,medio,6.1,medio,nao,sim,sim,agricultor,37.9,alto
73,70,181,baixo,5.5,medio,sim,sim,nao,motorista,21.4,alto
45,95,173,alto,7.3,alto,nao,sim,sim,agricultor,31.7,alto
54,97,189,medio,8.6,baixo,nao,nao,sim,medico,27.2,alto
24,100,152,medio,8.6,medio,nao,nao,sim,professor,43.3,baixo
21,103,166,medio,5.7,alto,sim,nao,nao,engenheiro,37.4,alto
54,102,197,baixo,7.2,medio,nao,nao,sim,agricultor,26.3,alto
73,57,173,baixo,6.3,medio,nao,nao,nao,motorista,19.0,alto
18,87,146,medio,6.8,medio,nao,nao,nao,agricultor,40.8,baixo
18,95,185,nenhum,8.4,medio,sim,nao,sim,agricultor,27.8,alto
64,63,193,medio,6.9,medio,nao,sim,sim,motorista,16.9,alto
37,65,194,baixo,8.0,alto,nao,sim,nao,motorista,17.3,alto
36,68,189,baixo,8.0,baixo,nao,nao,sim,motorista,19.0,baixo
46,70,145,baixo,6.1,medio,nao,sim,sim,artista,33.3,alto
27,89,188,baixo,8.8,baixo,nao,nao,sim,professor,25.2,alto
77,72,164,alto,5.4,medio,nao,sim,sim,agricultor,26.8,alto
35,73,196,baixo,5.1,medio,nao,sim,sim,motorista,19.0,alto
45,61,165,alto,6.3,baixo,sim,sim,sim,medico,22.4,alto
52,88,181,medio,5.5,medio,nao,nao,nao,medico,26.9,alto
60,105,152,alto,7.9,baixo,nao,nao,nao,motorista,45.4,alto
64,69,171,medio,10.0,medio,sim,sim,sim,trabalhador_de_escritorio,23.6,alto
48,46,191,alto,8.7,medio,nao,nao,sim,artista,12.6,baixo
44,93,179,baixo,5.8,baixo,nao,nao,nao,agricultor,29.0,alto
79,70,150,medio,5.5,baixo,nao,nao,sim,estudante,31.1,alto
28,71,189,nenhum,8.5,medio,nao,nao,nao,artista,19.9,baixo
66,62,188,medio,5.2,medio,nao,nao,nao,engenheiro,17.5,alto
66,98,163,medio,5.5,baixo,nao,sim,sim,artista,36.9,alto
55,45,162,medio,7.6,medio,nao,nao,sim,trabalhador_de_escritorio,17.1,baixo
22,105,145,baixo,6.2,baixo,nao,nao,sim,estudante,49.9,alto
25,47,169,nenhum,7.2,medio,nao,nao,sim,agricultor,16.5,baixo
51,85,171,medio,6.5,medio,sim,sim,nao,artista,29.1,alto
65,81,151,medio,7.0,baixo,nao,nao,nao,agricultor,35.5,alto
69,95,188,nenhum,8.3,baixo,nao,nao,sim,estudante,26.9,alto
73,59,186,alto,7.9,medio,nao,nao,nao,motorista,17.1,baixo
29,52,173,alto,8.4,baixo,nao,nao,sim,professor,17.4,baixo
55,82,175,alto,8.0,baixo,nao,nao,sim,artista,26.8,alto
18,100,188,alto,8.1,medio,nao,nao,sim,professor,28.3,baixo
48,91,187,nenhum,7.0,medio,sim,sim,nao,medico,26.0,alto
21,54,180,alto,4.8,medio,nao,sim,nao,trabalhador_de_escritorio,16.7,baixo
66,93,163,medio,6.8,medio,nao,nao,sim,trabalhador_de_escritorio,35.0,alto
62,85,150,baixo,7.5,medio,nao,nao,nao,estudante,37.8,alto
67,74,169,alto,7.1,medio,nao,sim,sim,estudante,25.9,alto
22,49,175,baixo,7.6,medio,nao,nao,sim,motorista,16.0,baixo
47,75,153,medio,10.0,alto,nao,sim,nao,trabalhador_de_escritorio,32.0,alto
73,96,164,nenhum,6.2,medio,nao,nao,sim,estudante,35.7,alto
41,67,154,medio,6.4,medio,nao,nao,sim,motorista,28.3,baixo
76,92,181,medio,8.8,baixo,nao,sim,sim,medico,28.1,alto
20,84,171,medio,7.2,baixo,nao,nao,sim,engenheiro,28.7,baixo
28,50,157,nenhum,7.7,baixo,nao,sim,nao,engenheiro,20.3,baixo
62,82,185,medio,6.1,medio,nao,nao,nao,motorista,24.0,baixo
21,85,146,medio,5.9,medio,nao,nao,nao,engenheiro,39.9,alto
43,71,194,baixo,5.2,baixo,nao,sim,sim,motorista,18.9,alto
44,101,165,alto,7.3,medio,nao,nao,nao,estudante,37.1,baixo
63,61,177,medio,5.5,medio,nao,nao,sim,trabalhador_de_escritorio,19.5,alto
71,91,168,alto,5.3,alto,nao,sim,nao,agricultor,32.2,alto
60,57,197,nenhum,8.0,medio,nao,nao,nao,trabalhador_de_escritorio,14.7,alto
44,55,188,baixo,6.0,medio,nao,nao,sim,estudante,15.6,baixo
59,68,186,baixo,5.2,alto,nao,sim,sim,motorista,19.7,alto
68,48,178,medio,5.0,alto,nao,nao,sim,agricultor,15.1,alto
67,90,153,nenhum,8.4,medio,sim,nao,sim,artista,38.4,alto
23,62,146,medio,6.8,medio,nao,nao,sim,estudante,29.1,baixo
76,87,199,baixo,6.4,medio,nao,sim,sim,professor,22.0,alto
78,77,174,baixo,7.3,medio,nao,sim,sim,estudante,25.4,alto
32,54,166,medio,7.1,baixo,sim,nao,sim,motorista,19.6,baixo
70,103,190,alto,6.2,medio,sim,nao,nao,motorista,28.5,alto
47,75,155,baixo,6.5,baixo,nao,sim,sim,estudante,31.2,alto
59,72,199,medio,8.1,baixo,nao,nao,sim,medico,18.2,baixo
54,104,187,medio,8.2,baixo,nao,nao,sim,artista,29.7,alto
75,47,161,medio,5.7,medio,nao,sim,nao,engenheiro,18.1,alto
78,99,180,alto,8.9,baixo,sim,nao,nao,trabalhador_de_escritorio,30.6,alto
54,58,157,alto,10.0,medio,sim,nao,sim,trabalhador_de_escritorio,23.5,alto
59,102,151,baixo,6.6,medio,sim,nao,nao,professor,44.7,alto
77,59,160,medio,6.5,medio,nao,nao,sim,agricultor,23.0,baixo
54,46,177,medio,5.7,alto,nao,nao,nao,engenheiro,14.7,alto
52,68,189,medio,6.0,baixo,nao,nao,sim,estudante,19.0,alto
40,108,145,baixo,7.5,alto,nao,nao,sim,medico,51.4,alto
23,68,155,alto,10.0,baixo,nao,sim,sim,agricultor,28.3,alto
21,71,150,medio,8.1,alto,nao,nao,sim,agricultor,31.6,alto
35,81,164,nenhum,6.5,baixo,nao,nao,nao,motorista,30.1,alto
77,83,179,nenhum,6.4,medio,nao,nao,nao,estudante,25.9,alto
26,107,188,alto,6.0,baixo,nao,nao,nao,estudante,30.3,baixo
66,70,181,nenhum,8.6,medio,sim,nao,nao,engenheiro,21.4,alto
46,109,185,medio,6.6,baixo,nao,sim,nao,medico,31.8,alto
30,48,170,baixo,7.7,medio,nao,nao,sim,artista,16.6,baixo
76,73,156,nenhum,6.6,medio,nao,sim,nao,artista,30.0,alto
64,45,174,nenhum,10.0,alto,nao,nao,nao,engenheiro,14.9,alto
79,94,172,baixo,6.2,medio,sim,nao,nao,engenheiro,31.8,alto
69,55,171,nenhum,5.9,medio,nao,sim,nao,trabalhador_de_escritorio,18.8,alto
34,103,186,medio,6.3,baixo,nao,nao,nao,estudante,29.8,baixo
62,106,163,medio,7.6,medio,nao,sim,sim,estudante,39.9,alto
49,80,149,baixo,9.2,baixo,nao,nao,sim,medico,36.0,alto
65,100,149,medio,7.6,alto,sim,nao,sim,agricultor,45.0,alto
39,65,185,medio,8.1,baixo,nao,nao,nao,engenheiro,19.0,baixo
21,57,171,medio,7.9,medio,nao,nao,sim,professor,19.5,baixo
22,53,172,medio,4.5,medio,nao,nao,nao,medico,17.9,baixo
54,55,170,medio,7.0,medio,nao,nao,nao,professor,19.0,baixo
58,45,171,alto,6.5,medio,nao,nao,nao,agricultor,15.4,baixo
66,100,196,medio,6.8,baixo,sim,nao,nao,medico,26.0,alto
30,75,193,baixo,5.8,baixo,nao,nao,sim,trabalhador_de_escritorio,20.1,baixo
51,81,186,medio,8.3,alto,nao,nao,sim,estudante,23.4,alto
62,91,165,baixo,7.1,medio,sim,nao,nao,medico,33.4,alto
39,91,145,nenhum,7.1,medio,nao,nao,nao,agricultor,43.3,alto
70,102,198,medio,6.8,medio,nao,sim,nao,trabalhador_de_escritorio,26.0,alto
76,80,172,medio,6.1,medio,nao,nao,nao,agricultor,27.0,alto
40,76,192,baixo,4.3,baixo,nao,nao,sim,motorista,20.6,baixo
68,108,159,alto,7.4,medio,nao,nao,nao,medico,42.7,alto
20,86,199,baixo,7.2,medio,nao,nao,sim,agricultor,21.7,baixo
59,92,161,baixo,7.8,medio,nao,nao,nao,medico,35.5,alto
51,74,170,alto,7.1,alto,nao,sim,sim,estudante,25.6,alto
49,65,164,medio,5.4,baixo,sim,sim,sim,estudante,24.2,alto
62,104,169,alto,5.8,medio,nao,nao,nao,trabalhador_de_escritorio,36.4,alto
68,57,157,alto,9.0,medio,sim,nao,nao,medico,23.1,alto
75,45,177,alto,7.5,baixo,nao,sim,nao,agricultor,14.4,alto
66,109,169,nenhum,8.2,baixo,nao,sim,nao,agricultor,38.2,alto
38,77,152,baixo,8.4,medio,nao,nao,sim,motorista,33.3,alto
63,82,149,medio,5.5,medio,nao,nao,sim,artista,36.9,alto
61,69,150,medio,6.5,baixo,nao,nao,nao,motorista,30.7,alto
38,70,167,medio,8.0,medio,nao,nao,nao,agricultor,25.1,baixo
61,103,196,baixo,5.8,baixo,nao,nao,nao,professor,26.8,alto
28,77,174,baixo,6.4,medio,sim,nao,sim,professor,25.4,alto
56,85,158,medio,6.2,baixo,nao,sim,sim,professor,34.0,alto
21,74,198,baixo,5.9,medio,nao,nao,nao,engenheiro,18.9,baixo
68,101,167,baixo,6.8,baixo,nao,sim,sim,estudante,36.2,alto
18,93,155,nenhum,6.3,alto,sim,nao,sim,motorista,38.7,alto
45,92,175,baixo,6.4,baixo,sim,nao,sim,medico,30.0,alto
41,93,150,medio,7.4,medio,nao,nao,nao,estudante,41.3,baixo
78,91,155,medio,8.5,baixo,nao,nao,sim,professor,37.9,alto
52,100,157,nenhum,8.1,baixo,nao,sim,nao,agricultor,40.6,alto
30,109,156,baixo,7.3,medio,sim,sim,nao,estudante,44.8,alto
64,56,198,medio,9.5,medio,nao,nao,sim,agricultor,14.3,baixo
51,50,146,baixo,8.0,baixo,nao,nao,sim,professor,23.5,alto
28,109,197,alto,8.2,baixo,nao,sim,sim,motorista,28.1,alto
53,69,179,medio,6.8,baixo,nao,sim,sim,professor,21.5,alto
68,45,199,alto,6.4,alto,sim,nao,sim,agricultor,11.4,alto
78,76,180,medio,7.6,alto,nao,nao,sim,estudante,23.5,alto
34,47,161,baixo,8.4,medio,nao,nao,sim,professor,18.1,baixo
52,93,172,medio,7.3,medio,nao,nao,sim,artista,31.4,alto
77,63,172,nenhum,6.1,alto,nao,nao,nao,motorista,21.3,alto
35,104,166,nenhum,5.1,medio,nao,sim,nao,engenheiro,37.7,alto
57,73,182,nenhum,4.6,alto,nao,nao,sim,engenheiro,22.0,alto
39,94,151,medio,7.1,medio,nao,nao,nao,artista,41.2,baixo
74,46,159,baixo,8.2,baixo,nao,nao,sim,motorista,18.2,alto
41,100,176,baixo,3.5,medio,nao,nao,sim,estudante,32.3,alto
75,61,155,medio,6.1,medio,nao,sim,sim,engenheiro,25.4,alto
36,104,168,alto,5.8,medio,nao,nao,nao,estudante,36.8,alto
54,80,147,baixo,7.6,baixo,nao,nao,sim,trabalhador_de_escritorio,37.0,alto
56,105,174,medio,6.0,medio,nao,nao,sim,estudante,34.7,alto
38,61,150,nenhum,5.2,medio,nao,nao,nao,engenheiro,27.1,alto
25,93,146,alto,6.1,medio,nao,nao,sim,agricultor,43.6,baixo
45,104,158,baixo,5.9,medio,nao,sim,sim,motorista,41.7,alto
22,64,185,alto,7.0,medio,nao,nao,nao,artista,18.7,baixo
34,94,162,baixo,6.7,medio,sim,nao,sim,trabalhador_de_escritorio,35.8,alto
54,47,195,alto,7.7,alto,nao,nao,sim,agricultor,12.4,alto
53,87,188,baixo,7.0,medio,nao,nao,sim,agricultor,24.6,alto
71,101,175,baixo,8.5,medio,nao,nao,nao,estudante,33.0,alto
36,94,157,baixo,6.3,medio,nao,sim,sim,motorista,38.1,alto
44,94,170,baixo,7.9,medio,nao,nao,nao,motorista,32.5,alto
70,81,188,alto,7.5,alto,nao,nao,nao,professor,22.9,alto
51,90,156,medio,6.6,medio,nao,sim,nao,artista,37.0,alto
28,86,162,medio,8.0,medio,nao,nao,sim,motorista,32.8,baixo
71,59,153,alto,5.8,baixo,nao,nao,nao,medico,25.2,alto
62,77,193,medio,8.9,baixo,sim,nao,sim,engenheiro,20.7,alto
64,55,165,alto,5.8,baixo,sim,nao,nao,motorista,20.2,alto
29,64,192,baixo,5.0,medio,nao,nao,nao,medico,17.4,baixo
71,68,193,alto,4.9,medio,nao,nao,sim,estudante,18.3,alto
38,108,197,nenhum,7.1,baixo,nao,nao,nao,estudante,27.8,alto
71,109,184,medio,6.2,medio,nao,nao,nao,medico,32.2,alto
28,61,187,medio,7.3,baixo,nao,nao,sim,estudante,17.4,baixo
56,105,168,medio,5.3,baixo,nao,nao,nao,estudante,37.2,alto
45,59,178,medio,7.7,medio,nao,sim,nao,professor,18.6,baixo
22,95,152,baixo,7.3,medio,nao,nao,nao,medico,41.1,alto
34,71,188,alto,6.3,medio,nao,nao,sim,engenheiro,20.1,baixo
73,105,197,alto,7.9,alto,nao,nao,nao,trabalhador_de_escritorio,27.1,alto
37,102,177,alto,7.9,medio,nao,nao,nao,agricultor,32.6,baixo
58,75,167,alto,7.1,baixo,nao,nao,sim,engenheiro,26.9,alto
63,56,157,medio,8.3,baixo,nao,nao,nao,professor,22.7,baixo
75,90,198,alto,8.7,alto,nao,nao,sim,trabalhador_de_escritorio,23.0,alto
29,75,197,alto,5.8,medio,nao,nao,sim,professor,19.3,baixo
23,76,193,medio,8.7,medio,nao,sim,nao,estudante,20.4,baixo
34,76,158,medio,5.7,alto,nao,sim,nao,artista,30.4,alto
68,97,158,alto,8.2,baixo,nao,sim,nao,engenheiro,38.9,alto
36,105,160,medio,8.4,medio,nao,sim,sim,estudante,41.0,alto
43,90,193,medio,6.7,medio,nao,nao,sim,agricultor,24.2,baixo
65,51,182,nenhum,6.9,medio,sim,nao,nao,medico,15.4,alto
61,48,183,alto,6.6,medio,sim,nao,nao,motorista,14.3,alto
61,96,170,alto,5.8,medio,sim,nao,nao,motorista,33.2,alto
69,75,170,baixo,6.0,medio,nao,nao,sim,medico,26.0,alto
49,80,145,baixo,7.7,alto,sim,nao,nao,professor,38.0,alto
23,98,176,baixo,8.3,medio,sim,nao,nao,trabalhador_de_escritorio,31.6,alto
72,98,159,medio,7.0,baixo,nao,nao,sim,estudante,38.8,alto
75,61,196,baixo,5.5,medio,nao,nao,sim,motorista,15.9,alto
53,74,165,medio,5.3,medio,nao,nao,nao,agricultor,27.2,alto
55,66,162,alto,6.8,medio,sim,nao,sim,professor,25.1,alto
28,87,174,medio,6.2,baixo,nao,nao,sim,agricultor,28.7,baixo
50,71,157,baixo,8.8,baixo,nao,nao,sim,motorista,28.8,alto
79,81,168,alto,5.9,baixo,nao,nao,sim,professor,28.7,alto
41,90,174,medio,7.9,alto,nao,nao,sim,artista,29.7,alto
40,79,146,nenhum,6.1,baixo,nao,nao,sim,artista,37.1,alto
32,48,163,medio,6.6,medio,nao,sim,sim,trabalhador_de_escritorio,18.1,baixo
44,70,191,medio,7.3,medio,nao,nao,nao,artista,19.2,baixo
28,63,188,alto,7.8,alto,nao,nao,sim,engenheiro,17.8,baixo
74,89,191,alto,7.6,medio,sim,nao,sim,medico,24.4,alto
68,70,169,baixo,6.2,alto,sim,nao,sim,agricultor,24.5,alto
67,66,194,baixo,7.2,medio,nao,nao,nao,artista,17.5,alto
34,102,158,nenhum,6.4,alto,nao,nao,sim,agricultor,40.9,alto
68,107,150,medio,4.9,baixo,nao,sim,sim,estudante,47.6,alto
70,72,156,medio,7.3,medio,nao,nao,sim,trabalhador_de_escritorio,29.6,alto
31,109,164,medio,8.9,alto,nao,nao,nao,agricultor,40.5,alto
44,88,167,baixo,9.3,medio,sim,nao,nao,engenheiro,31.6,alto
35,87,174,alto,7.5,alto,nao,nao,sim,engenheiro,28.7,alto
45,81,174,alto,7.4,medio,nao,nao,nao,trabalhador_de_escritorio,26.8,baixo
68,61,182,baixo,3.1,medio,sim,nao,sim,professor,18.4,alto
64,84,174,medio,10.0,medio,nao,nao,sim,professor,27.7,alto
64,82,185,medio,9.1,medio,sim,nao,sim,agricultor,24.0,alto
21,105,174,baixo,8.1,baixo,nao,nao,sim,artista,34.7,alto
24,53,180,baixo,7.1,baixo,sim,nao,nao,agricultor,16.4,alto
62,105,193,baixo,3.7,alto,nao,sim,sim,trabalhador_de_escritorio,28.2,alto
52,60,178,baixo,7.3,alto,sim,nao,nao,artista,18.9,alto
65,46,160,medio,7.0,baixo,sim,nao,sim,engenheiro,18.0,alto
26,87,168,baixo,4.9,medio,nao,sim,sim,trabalhador_de_escritorio,30.8,alto
25,86,158,baixo,7.7,medio,nao,nao,nao,professor,34.4,alto
69,101,170,medio,8.9,medio,nao,nao,nao,engenheiro,34.9,alto
62,74,152,nenhum,7.5,medio,nao,nao,sim,estudante,32.0,alto
34,57,158,medio,7.5,medio,nao,nao,sim,agricultor,22.8,baixo
34,63,175,medio,7.6,medio,nao,sim,nao,professor,20.6,baixo
66,51,146,medio,6.5,medio,nao,nao,nao,artista,23.9,baixo
50,53,192,alto,8.1,medio,nao,nao,sim,artista,14.4,baixo
49,98,148,baixo,9.3,medio,nao,sim,sim,medico,44.7,alto
25,105,145,medio,7.1,medio,nao,nao,nao,professor,49.9,baixo
36,46,199,baixo,5.9,medio,nao,nao,sim,engenheiro,11.6,baixo
55,94,164,alto,4.9,medio,nao,nao,sim,engenheiro,34.9,alto
20,75,158,alto,7.8,medio,nao,nao,sim,trabalhador_de_escritorio,30.0,baixo
76,77,184,baixo,7.9,medio,nao,nao,nao,engenheiro,22.7,alto
22,55,169,medio,7.5,medio,nao,nao,nao,estudante,19.3,baixo
30,77,169,nenhum,6.6,medio,nao,nao,sim,medico,27.0,alto
64,51,147,alto,7.4,medio,sim,nao,sim,medico,23.6,alto
63,75,149,baixo,6.2,medio,nao,sim,nao,artista,33.8,alto
78,92,182,alto,5.9,medio,nao,nao,nao,engenheiro,27.8,alto
48,91,198,baixo,5.5,medio,nao,nao,sim,agricultor,23.2,baixo
72,97,170,medio,5.5,medio,sim,nao,sim,engenheiro,33.6,alto
33,63,184,alto,7.8,baixo,nao,nao,nao,agricultor,18.6,baixo
67,50,182,alto,6.6,baixo,nao,nao,sim,engenheiro,15.1,baixo
49,93,182,baixo,6.0,medio,nao,sim,sim,professor,28.1,alto
39,94,148,medio,5.0,baixo,sim,nao,nao,engenheiro,42.9,alto
46,56,151,baixo,8.0,medio,sim,nao,nao,professor,24.6,alto
39,67,174,medio,8.6,baixo,nao,nao,nao,agricultor,22.1,baixo
60,98,174,baixo,5.5,medio,sim,nao,sim,estudante,32.4,alto
20,103,163,baixo,6.8,medio,nao,nao,nao,engenheiro,38.8,alto
71,80,183,medio,5.6,medio,nao,nao,sim,agricultor,23.9,alto
27,47,179,baixo,6.8,medio,nao,nao,sim,artista,14.7,baixo
59,102,184,medio,7.9,medio,nao,nao,sim,medico,30.1,alto
79,99,177,baixo,9.4,baixo,sim,nao,sim,motorista,31.6,alto
38,101,177,baixo,6.3,medio,nao,nao,sim,estudante,32.2,alto
33,61,158,medio,8.0,baixo,sim,nao,sim,artista,24.4,baixo
29,83,182,nenhum,8.1,baixo,sim,nao,sim,trabalhador_de_escritorio,25.1,alto
19,99,154,baixo,6.8,baixo,sim,sim,sim,agricultor,41.7,alto
58,89,172,medio,8.7,baixo,nao,nao,nao,estudante,30.1,alto
41,45,158,medio,6.5,alto,nao,sim,nao,professor,18.0,baixo
52,65,180,medio,7.7,medio,sim,nao,sim,trabalhador_de_escritorio,20.1,alto
73,65,182,baixo,6.1,medio,nao,sim,nao,estudante,19.6,alto
47,96,160,baixo,7.8,alto,sim,nao,nao,motorista,37.5,alto
74,87,165,alto,7.6,baixo,sim,nao,sim,artista,32.0,alto
47,96,172,alto,8.8,medio,nao,sim,nao,engenheiro,32.4,alto
64,88,177,nenhum,9.8,alto,sim,nao,sim,professor,28.1,alto
52,76,150,medio,8.4,alto,nao,nao,nao,trabalhador_de_escritorio,33.8,alto
36,54,185,baixo,8.0,baixo,nao,nao,nao,artista,15.8,baixo
67,108,159,baixo,6.4,medio,sim,nao,nao,trabalhador_de_escritorio,42.7,alto
25,72,188,baixo,3.6,baixo,nao,nao,sim,agricultor,20.4,baixo
43,97,147,medio,8.9,medio,nao,nao,nao,artista,44.9,baixo
66,95,187,baixo,9.8,medio,nao,nao,sim,engenheiro,27.2,alto
57,97,191,alto,7.5,medio,nao,nao,sim,engenheiro,26.6,alto
24,48,179,medio,5.5,baixo,nao,nao,sim,engenheiro,15.0,baixo
47,61,158,baixo,9.1,baixo,nao,nao,sim,agricultor,24.4,baixo
24,91,146,medio,8.7,baixo,nao,nao,nao,agricultor,42.7,baixo
20,100,173,nenhum,3.9,baixo,nao,nao,nao,estudante,33.4,alto
18,67,148,medio,7.2,baixo,sim,nao,nao,engenheiro,30.6,alto
53,62,170,baixo,7.4,alto,sim,nao,sim,artista,21.5,alto
42,45,195,baixo,4.6,medio,nao,nao,nao,trabalhador_de_escritorio,11.8,baixo
54,79,156,baixo,5.4,baixo,nao,nao,nao,motorista,32.5,alto
18,108,146,nenhum,8.6,medio,nao,nao,sim,engenheiro,50.7,alto
32,102,161,baixo,7.1,medio,nao,sim,sim,estudante,39.4,alto
54,103,179,nenhum,5.6,medio,nao,nao,sim,agricultor,32.1,alto
30,45,154,alto,6.0,medio,sim,nao,nao,estudante,19.0,alto
57,47,192,nenhum,5.2,baixo,nao,nao,nao,engenheiro,12.7,alto
25,81,166,baixo,7.1,medio,nao,nao,nao,agricultor,29.4,alto
22,73,185,alto,8.1,medio,sim,nao,sim,engenheiro,21.3,baixo
77,77,187,medio,8.8,medio,nao,nao,sim,artista,22.0,baixo
26,105,165,medio,6.0,alto,nao,sim,nao,motorista,38.6,alto
18,48,159,nenhum,6.5,alto,nao,sim,sim,trabalhador_de_escritorio,19.0,alto
53,58,179,medio,7.8,alto,sim,sim,sim,artista,18.1,alto
52,77,192,nenhum,8.4,baixo,sim,nao,sim,trabalhador_de_escritorio,20.9,alto
19,66,165,medio,7.6,medio,nao,nao,nao,agricultor,24.2,baixo
57,92,165,alto,8.9,alto,nao,nao,sim,agricultor,33.8,alto
40,47,165,medio,9.7,medio,nao,nao,sim,professor,17.3,baixo
26,67,188,baixo,4.6,baixo,nao,sim,nao,medico,19.0,alto
51,65,176,medio,9.3,medio,nao,nao,sim,professor,21.0,baixo
63,87,199,medio,8.9,baixo,nao,nao,nao,agricultor,22.0,baixo
31,70,149,medio,5.2,medio,sim,nao,sim,estudante,31.5,alto
21,85,183,medio,7.7,alto,sim,sim,nao,motorista,25.4,alto
47,82,153,medio,8.0,medio,nao,nao,nao,estudante,35.0,baixo
48,55,197,medio,5.4,medio,nao,nao,nao,agricultor,14.2,baixo
55,73,162,alto,6.9,medio,nao,sim,nao,engenheiro,27.8,alto
28,104,165,alto,7.2,alto,nao,sim,sim,professor,38.2,alto
52,109,152,baixo,5.4,medio,sim,sim,sim,medico,47.2,alto
25,105,188,medio,6.5,medio,sim,nao,sim,estudante,29.7,alto
20,63,196,baixo,9.1,medio,sim,sim,sim,professor,16.4,alto
31,90,178,medio,9.5,medio,sim,nao,nao,artista,28.4,alto
77,93,154,nenhum,5.3,medio,nao,nao,sim,trabalhador_de_escritorio,39.2,alto
30,66,195,medio,3.0,medio,nao,nao,sim,artista,17.4,baixo
62,101,185,medio,8.9,alto,nao,nao,sim,trabalhador_de_escritorio,29.5,alto
49,58,168,baixo,9.7,baixo,nao,nao,nao,professor,20.5,baixo
51,88,184,alto,8.3,baixo,sim,nao,sim,motorista,26.0,alto
62,60,168,medio,6.6,medio,nao,nao,nao,artista,21.3,baixo
78,56,176,baixo,5.4,medio,nao,nao,sim,professor,18.1,alto
36,99,177,medio,7.9,medio,sim,nao,nao,motorista,31.6,alto
76,95,182,alto,8.6,alto,sim,nao,nao,agricultor,28.7,alto
55,83,188,baixo,6.0,baixo,nao,nao,sim,motorista,23.5,alto
33,77,195,medio,7.4,baixo,nao,nao,nao,engenheiro,20.2,baixo
19,77,193,medio,6.3,baixo,nao,sim,nao,trabalhador_de_escritorio,20.7,baixo
57,73,178,alto,8.1,alto,nao,nao,nao,estudante,23.0,alto
34,75,155,medio,3.9,baixo,nao,nao,sim,medico,31.2,alto
72,75,175,medio,7.6,medio,nao,nao,sim,engenheiro,24.5,baixo
51,90,162,alto,6.5,medio,nao,nao,nao,motorista,34.3,alto
59,96,167,alto,9.7,medio,nao,sim,nao,artista,34.4,alto
77,54,166,medio,7.5,baixo,nao,sim,sim,professor,19.6,alto
33,85,187,nenhum,8.1,medio,nao,nao,nao,artista,24.3,baixo
55,47,162,baixo,5.6,medio,sim,nao,nao,artista,17.9,alto
77,103,184,medio,6.7,alto,nao,sim,sim,trabalhador_de_escritorio,30.4,alto
19,96,191,medio,7.6,alto,nao,nao,sim,estudante,26.3,alto
19,78,185,baixo,6.5,medio,sim,nao,sim,professor,22.8,alto
43,93,191,nenhum,6.6,alto,sim,nao,nao,artista,25.5,alto
30,72,183,medio,7.4,baixo,nao,nao,sim,trabalhador_de_escritorio,21.5,baixo
73,57,164,baixo,4.4,medio,nao,sim,sim,medico,21.2,alto
64,105,157,baixo,6.2,medio,nao,nao,nao,engenheiro,42.6,alto
48,104,189,baixo,8.2,medio,nao,nao,sim,medico,29.1,alto
77,68,145,medio,6.4,baixo,nao,sim,sim,estudante,32.3,alto
51,107,196,medio,10.0,medio,nao,sim,sim,medico,27.9,alto
56,105,148,baixo,7.1,baixo,nao,nao,sim,engenheiro,47.9,alto
20,67,168,nenhum,4.2,medio,nao,nao,sim,motorista,23.7,baixo
25,74,180,medio,7.7,baixo,nao,nao,sim,estudante,22.8,baixo
40,104,180,medio,5.4,medio,nao,nao,nao,engenheiro,32.1,alto
31,62,189,medio,7.5,medio,nao,nao,sim,motorista,17.4,baixo
73,100,146,baixo,6.2,medio,nao,nao,nao,estudante,46.9,alto
79,97,172,medio,6.3,medio,nao,nao,nao,artista,32.8,alto
72,51,170,alto,8.6,baixo,nao,nao,sim,medico,17.6,baixo
44,96,167,baixo,4.6,baixo,nao,sim,sim,artista,34.4,alto
71,48,159,medio,6.3,medio,nao,nao,sim,professor,19.0,baixo
46,78,180,baixo,6.1,alto,sim,sim,sim,estudante,24.1,alto
56,77,171,nenhum,9.0,medio,nao,sim,nao,engenheiro,26.3,alto
70,82,150,nenhum,6.5,medio,nao,nao,nao,medico,36.4,alto
56,70,179,medio,5.6,alto,sim,nao,nao,estudante,21.8,alto
18,45,183,nenhum,7.3,alto,nao,sim,nao,medico,13.4,alto
34,48,182,nenhum,5.7,medio,nao,sim,sim,medico,14.5,alto
58,83,179,baixo,5.9,medio,nao,nao,sim,artista,25.9,alto
47,98,180,nenhum,8.0,alto,nao,nao,sim,professor,30.2,alto
70,77,154,medio,3.0,alto,nao,nao,sim,agricultor,32.5,alto
30,77,174,nenhum,5.6,medio,nao,sim,sim,agricultor,25.4,alto
38,64,197,baixo,6.0,medio,nao,nao,sim,engenheiro,16.5,baixo
36,60,185,medio,9.3,medio,nao,nao,sim,artista,17.5,baixo
70,65,182,medio,7.7,medio,nao,sim,sim,agricultor,19.6,alto
36,89,173,medio,7.0,alto,nao,nao,sim,trabalhador_de_escritorio,29.7,alto
74,106,196,nenhum,6.8,medio,nao,nao,sim,estudante,27.6,alto
42,75,187,medio,7.2,baixo,nao,nao,sim,motorista,21.4,baixo
39,86,183,baixo,7.4,baixo,nao,nao,sim,engenheiro,25.7,alto
48,56,194,nenhum,7.2,alto,sim,sim,sim,engenheiro,14.9,alto
34,109,148,medio,9.9,medio,nao,nao,sim,medico,49.8,baixo
72,47,149,alto,6.3,medio,nao,nao,sim,motorista,21.2,baixo
